2026.10.05 10:28:02 WARN  Using H2 2.5.250 which is newer than the version Flyway has been verified with. The latest verified version of H2 is 2.3.232.
2026.10.05 10:28:02 INFO  no build target found for /Users/SatheeshKumar.Jayaraman/HMRC Live Services/scala-play-training/fundamentals/week01-basics/Day01ValuesAndTypes.scala. Using presentation compiler with project's scala-library version: 3.3.8
2026.10.05 10:28:04 WARN  Could not find semantic tokens for: file:///Users/SatheeshKumar.Jayaraman/HMRC%20Live%20Services/scala-play-training/fundamentals/week01-basics/Day01ValuesAndTypes.scala
2026.10.05 10:28:05 INFO  Running List(/Users/SatheeshKumar.Jayaraman/Library/Application Support/Coursier/bin/scala-cli, setup-ide, /Users/SatheeshKumar.Jayaraman/HMRC Live Services/scala-play-training)
2026.10.05 10:28:06 INFO  Attempting to connect to the build server...
2026.10.05 10:28:06 INFO  Running BSP server List(/Users/SatheeshKumar.Jayaraman/Library/Application Support/Coursier/bin/.scala-cli.aux, bsp, --json-options, /Users/SatheeshKumar.Jayaraman/HMRC Live Services/scala-play-training/.scala-build/ide-options-v2.json, /Users/SatheeshKumar.Jayaraman/HMRC Live Services/scala-play-training)
2026.10.05 10:28:05 INFO  Tracing is disabled for protocol BSP. To enable tracing of incoming and outgoing JSON messages, create an empty file at /Users/SatheeshKumar.Jayaraman/HMRC Live Services/scala-play-training/.metals/bsp.trace.json or /Users/SatheeshKumar.Jayaraman/Library/Caches/org.scalameta.metals/bsp.trace.json
2026.10.05 10:28:06 INFO  no build target found for /Users/SatheeshKumar.Jayaraman/HMRC Live Services/scala-play-training/fundamentals/week01-basics/Day01ValuesAndTypes.scala. Using presentation compiler with project's scala-library version: 3.3.8
2026.10.05 10:28:06 WARN  Could not find semantic tokens for: file:///Users/SatheeshKumar.Jayaraman/HMRC%20Live%20Services/scala-play-training/fundamentals/week01-basics/Day01ValuesAndTypes.scala
2026.10.05 10:28:07 INFO  BSP server: Checking https://github.com/coursier/jvm-index/raw/master/index.json
2026.10.05 10:28:07 INFO  BSP server: Checked https://github.com/coursier/jvm-index/raw/master/index.json
2026.10.05 10:28:07 INFO  BSP server: Downloading https://github.com/coursier/jvm-index/raw/master/index.json
2026.10.05 10:28:07 INFO  BSP server: Downloaded https://github.com/coursier/jvm-index/raw/master/index.json
2026.10.05 10:28:09 INFO  BSP server: Checking https://repo1.maven.org/maven2/org/scala-lang/scala-library/maven-metadata.xml
2026.10.05 10:28:09 INFO  BSP server: Checked https://repo1.maven.org/maven2/org/scala-lang/scala-library/maven-metadata.xml
2026.10.05 10:28:09 INFO  BSP server: Downloading https://repo1.maven.org/maven2/org/scala-lang/scala-library/maven-metadata.xml
2026.10.05 10:28:09 INFO  BSP server: Downloaded https://repo1.maven.org/maven2/org/scala-lang/scala-library/maven-metadata.xml
2026.10.05 10:28:09 INFO  BSP server: Checking https://repo1.maven.org/maven2/org/scala-lang/scala3-library_3/maven-metadata.xml
2026.10.05 10:28:09 INFO  BSP server: Checked https://repo1.maven.org/maven2/org/scala-lang/scala3-library_3/maven-metadata.xml
2026.10.05 10:28:09 INFO  BSP server: Downloading https://repo1.maven.org/maven2/org/scala-lang/scala3-library_3/maven-metadata.xml
2026.10.05 10:28:09 INFO  BSP server: Downloaded https://repo1.maven.org/maven2/org/scala-lang/scala3-library_3/maven-metadata.xml
2026.10.05 10:28:09 INFO  BSP server: Checking https://github.com/VirtusLab/scala-cli-scala-versions/raw/main/scala-versions-v1.json
2026.10.05 10:28:09 INFO  BSP server: Checked https://github.com/VirtusLab/scala-cli-scala-versions/raw/main/scala-versions-v1.json
2026.10.05 10:28:09 INFO  BSP server: Downloading https://github.com/VirtusLab/scala-cli-scala-versions/raw/main/scala-versions-v1.json
2026.10.05 10:28:09 INFO  BSP server: Downloaded https://github.com/VirtusLab/scala-cli-scala-versions/raw/main/scala-versions-v1.json
2026.10.05 10:28:11 INFO  time: Connected to build server in 4.95s
2026.10.05 10:28:11 INFO  Connected to Build server: scala-cli v0.1.15
2026.10.05 10:28:11 WARN  3.2.0 is no longer supported in the current Metals versions, using the last known supported version 1.3.0
2026.10.05 10:28:12 INFO  compiling project_183d125c5c (1 scala source)
2026.10.05 10:28:12 WARN  Using H2 2.5.250 which is newer than the version Flyway has been verified with. The latest verified version of H2 is 2.3.232.
2026.10.05 10:28:13 INFO  time: compiled project_183d125c5c in 1.36s
2026.10.05 10:28:12 INFO  time: indexed workspace in 2.21s
2026.10.05 10:28:13 INFO  BSP server: Oct 05, 2026 10:28:13 AM org.eclipse.lsp4j.jsonrpc.services.GenericEndpoint request
2026.10.05 10:28:13 INFO  BSP server: WARNING: Unsupported request method: buildTarget/jvmRunEnvironment
2026.10.05 10:28:13 INFO  BSP server: Oct 05, 2026 10:28:13 AM org.eclipse.lsp4j.jsonrpc.services.GenericEndpoint request
2026.10.05 10:28:13 INFO  BSP server: WARNING: Unsupported request method: buildTarget/jvmRunEnvironment
2026.10.05 10:28:13 INFO  scala-cli should support `buildTarget/jvmRunEnvironment`, but it fails.
org.eclipse.lsp4j.jsonrpc.ResponseErrorException: Unsupported request method: buildTarget/jvmRunEnvironment
	at org.eclipse.lsp4j.jsonrpc.RemoteEndpoint.handleResponse(RemoteEndpoint.java:214)
	at org.eclipse.lsp4j.jsonrpc.RemoteEndpoint.consume(RemoteEndpoint.java:198)
	at scala.meta.internal.metals.RequestMonitorImpl$$anon$1.consume(ServerLivenessMonitor.scala:41)
	at org.eclipse.lsp4j.jsonrpc.json.StreamMessageProducer.handleMessage(StreamMessageProducer.java:189)
	at org.eclipse.lsp4j.jsonrpc.json.StreamMessageProducer.listen(StreamMessageProducer.java:97)
	at org.eclipse.lsp4j.jsonrpc.json.ConcurrentMessageProcessor.run(ConcurrentMessageProcessor.java:97)
	at java.util.concurrent.Executors$RunnableAdapter.call(Executors.java:572)
	at java.util.concurrent.FutureTask.run(FutureTask.java:317)
	at java.util.concurrent.ThreadPoolExecutor.runWorker(ThreadPoolExecutor.java:1144)
	at java.util.concurrent.ThreadPoolExecutor$Worker.run(ThreadPoolExecutor.java:642)
	at java.lang.Thread.run(Thread.java:1583)

2026.10.05 10:28:13 INFO  scala-cli should support `buildTarget/jvmRunEnvironment`, but it fails.
org.eclipse.lsp4j.jsonrpc.ResponseErrorException: Unsupported request method: buildTarget/jvmRunEnvironment
	at org.eclipse.lsp4j.jsonrpc.RemoteEndpoint.handleResponse(RemoteEndpoint.java:214)
	at org.eclipse.lsp4j.jsonrpc.RemoteEndpoint.consume(RemoteEndpoint.java:198)
	at scala.meta.internal.metals.RequestMonitorImpl$$anon$1.consume(ServerLivenessMonitor.scala:41)
	at org.eclipse.lsp4j.jsonrpc.json.StreamMessageProducer.handleMessage(StreamMessageProducer.java:189)
	at org.eclipse.lsp4j.jsonrpc.json.StreamMessageProducer.listen(StreamMessageProducer.java:97)
	at org.eclipse.lsp4j.jsonrpc.json.ConcurrentMessageProcessor.run(ConcurrentMessageProcessor.java:97)
	at java.util.concurrent.Executors$RunnableAdapter.call(Executors.java:572)
	at java.util.concurrent.FutureTask.run(FutureTask.java:317)
	at java.util.concurrent.ThreadPoolExecutor.runWorker(ThreadPoolExecutor.java:1144)
	at java.util.concurrent.ThreadPoolExecutor$Worker.run(ThreadPoolExecutor.java:642)
	at java.lang.Thread.run(Thread.java:1583)

2026.10.05 10:28:13 WARN  Could not find semantic tokens for: file:///Users/SatheeshKumar.Jayaraman/HMRC%20Live%20Services/scala-play-training/fundamentals/week01-basics/Day01ValuesAndTypes.scala
2026.10.05 10:28:15 WARN  Could not find semantic tokens for: file:///Users/SatheeshKumar.Jayaraman/HMRC%20Live%20Services/scala-play-training/fundamentals/week01-basics/Day01ValuesAndTypes.scala
2026.10.05 10:28:22 INFO  BSP server: Oct 05, 2026 10:28:22 AM org.eclipse.lsp4j.jsonrpc.services.GenericEndpoint request
2026.10.05 10:28:22 INFO  BSP server: WARNING: Unsupported request method: buildTarget/jvmRunEnvironment
2026.10.05 10:28:22 INFO  scala-cli should support `buildTarget/jvmRunEnvironment`, but it fails.
org.eclipse.lsp4j.jsonrpc.ResponseErrorException: Unsupported request method: buildTarget/jvmRunEnvironment
	at org.eclipse.lsp4j.jsonrpc.RemoteEndpoint.handleResponse(RemoteEndpoint.java:214)
	at org.eclipse.lsp4j.jsonrpc.RemoteEndpoint.consume(RemoteEndpoint.java:198)
	at scala.meta.internal.metals.RequestMonitorImpl$$anon$1.consume(ServerLivenessMonitor.scala:41)
	at org.eclipse.lsp4j.jsonrpc.json.StreamMessageProducer.handleMessage(StreamMessageProducer.java:189)
	at org.eclipse.lsp4j.jsonrpc.json.StreamMessageProducer.listen(StreamMessageProducer.java:97)
	at org.eclipse.lsp4j.jsonrpc.json.ConcurrentMessageProcessor.run(ConcurrentMessageProcessor.java:97)
	at java.util.concurrent.Executors$RunnableAdapter.call(Executors.java:572)
	at java.util.concurrent.FutureTask.run(FutureTask.java:317)
	at java.util.concurrent.ThreadPoolExecutor.runWorker(ThreadPoolExecutor.java:1144)
	at java.util.concurrent.ThreadPoolExecutor$Worker.run(ThreadPoolExecutor.java:642)
	at java.lang.Thread.run(Thread.java:1583)

2026.10.05 10:37:32 INFO  BSP server: Oct 05, 2026 10:37:32 AM org.eclipse.lsp4j.jsonrpc.services.GenericEndpoint request
2026.10.05 10:37:32 INFO  scala-cli should support `buildTarget/jvmRunEnvironment`, but it fails.
org.eclipse.lsp4j.jsonrpc.ResponseErrorException: Unsupported request method: buildTarget/jvmRunEnvironment
	at org.eclipse.lsp4j.jsonrpc.RemoteEndpoint.handleResponse(RemoteEndpoint.java:214)
	at org.eclipse.lsp4j.jsonrpc.RemoteEndpoint.consume(RemoteEndpoint.java:198)
	at scala.meta.internal.metals.RequestMonitorImpl$$anon$1.consume(ServerLivenessMonitor.scala:41)
	at org.eclipse.lsp4j.jsonrpc.json.StreamMessageProducer.handleMessage(StreamMessageProducer.java:189)
	at org.eclipse.lsp4j.jsonrpc.json.StreamMessageProducer.listen(StreamMessageProducer.java:97)
	at org.eclipse.lsp4j.jsonrpc.json.ConcurrentMessageProcessor.run(ConcurrentMessageProcessor.java:97)
	at java.util.concurrent.Executors$RunnableAdapter.call(Executors.java:572)
	at java.util.concurrent.FutureTask.run(FutureTask.java:317)
	at java.util.concurrent.ThreadPoolExecutor.runWorker(ThreadPoolExecutor.java:1144)
	at java.util.concurrent.ThreadPoolExecutor$Worker.run(ThreadPoolExecutor.java:642)
	at java.lang.Thread.run(Thread.java:1583)

2026.10.05 10:37:32 INFO  BSP server: WARNING: Unsupported request method: buildTarget/jvmRunEnvironment
2026.10.05 10:37:33 WARN  Could not find semantic tokens for: file:///Users/SatheeshKumar.Jayaraman/HMRC%20Live%20Services/scala-play-training/fundamentals/week01-basics/Day01ValuesAndTypes.scala
2026.10.05 10:37:33 WARN  Could not find semantic tokens for: file:///Users/SatheeshKumar.Jayaraman/HMRC%20Live%20Services/scala-play-training/fundamentals/week01-basics/Day01ValuesAndTypes.scala
2026.10.05 10:37:34 INFO  BSP server: Oct 05, 2026 10:37:34 AM org.eclipse.lsp4j.jsonrpc.services.GenericEndpoint request
2026.10.05 10:37:34 INFO  scala-cli should support `buildTarget/jvmRunEnvironment`, but it fails.
org.eclipse.lsp4j.jsonrpc.ResponseErrorException: Unsupported request method: buildTarget/jvmRunEnvironment
	at org.eclipse.lsp4j.jsonrpc.RemoteEndpoint.handleResponse(RemoteEndpoint.java:214)
	at org.eclipse.lsp4j.jsonrpc.RemoteEndpoint.consume(RemoteEndpoint.java:198)
	at scala.meta.internal.metals.RequestMonitorImpl$$anon$1.consume(ServerLivenessMonitor.scala:41)
	at org.eclipse.lsp4j.jsonrpc.json.StreamMessageProducer.handleMessage(StreamMessageProducer.java:189)
	at org.eclipse.lsp4j.jsonrpc.json.StreamMessageProducer.listen(StreamMessageProducer.java:97)
	at org.eclipse.lsp4j.jsonrpc.json.ConcurrentMessageProcessor.run(ConcurrentMessageProcessor.java:97)
	at java.util.concurrent.Executors$RunnableAdapter.call(Executors.java:572)
	at java.util.concurrent.FutureTask.run(FutureTask.java:317)
	at java.util.concurrent.ThreadPoolExecutor.runWorker(ThreadPoolExecutor.java:1144)
	at java.util.concurrent.ThreadPoolExecutor$Worker.run(ThreadPoolExecutor.java:642)
	at java.lang.Thread.run(Thread.java:1583)

2026.10.05 10:37:34 INFO  BSP server: WARNING: Unsupported request method: buildTarget/jvmRunEnvironment
2026.10.05 10:37:45 INFO  BSP server: Oct 05, 2026 10:37:45 AM org.eclipse.lsp4j.jsonrpc.services.GenericEndpoint request
2026.10.05 10:37:45 INFO  scala-cli should support `buildTarget/jvmRunEnvironment`, but it fails.
org.eclipse.lsp4j.jsonrpc.ResponseErrorException: Unsupported request method: buildTarget/jvmRunEnvironment
	at org.eclipse.lsp4j.jsonrpc.RemoteEndpoint.handleResponse(RemoteEndpoint.java:214)
	at org.eclipse.lsp4j.jsonrpc.RemoteEndpoint.consume(RemoteEndpoint.java:198)
	at scala.meta.internal.metals.RequestMonitorImpl$$anon$1.consume(ServerLivenessMonitor.scala:41)
	at org.eclipse.lsp4j.jsonrpc.json.StreamMessageProducer.handleMessage(StreamMessageProducer.java:189)
	at org.eclipse.lsp4j.jsonrpc.json.StreamMessageProducer.listen(StreamMessageProducer.java:97)
	at org.eclipse.lsp4j.jsonrpc.json.ConcurrentMessageProcessor.run(ConcurrentMessageProcessor.java:97)
	at java.util.concurrent.Executors$RunnableAdapter.call(Executors.java:572)
	at java.util.concurrent.FutureTask.run(FutureTask.java:317)
	at java.util.concurrent.ThreadPoolExecutor.runWorker(ThreadPoolExecutor.java:1144)
	at java.util.concurrent.ThreadPoolExecutor$Worker.run(ThreadPoolExecutor.java:642)
	at java.lang.Thread.run(Thread.java:1583)

2026.10.05 10:37:45 INFO  BSP server: WARNING: Unsupported request method: buildTarget/jvmRunEnvironment
2026.10.05 10:37:46 INFO  BSP server: Oct 05, 2026 10:37:46 AM org.eclipse.lsp4j.jsonrpc.services.GenericEndpoint request
2026.10.05 10:37:46 INFO  scala-cli should support `buildTarget/jvmRunEnvironment`, but it fails.
org.eclipse.lsp4j.jsonrpc.ResponseErrorException: Unsupported request method: buildTarget/jvmRunEnvironment
	at org.eclipse.lsp4j.jsonrpc.RemoteEndpoint.handleResponse(RemoteEndpoint.java:214)
	at org.eclipse.lsp4j.jsonrpc.RemoteEndpoint.consume(RemoteEndpoint.java:198)
	at scala.meta.internal.metals.RequestMonitorImpl$$anon$1.consume(ServerLivenessMonitor.scala:41)
	at org.eclipse.lsp4j.jsonrpc.json.StreamMessageProducer.handleMessage(StreamMessageProducer.java:189)
	at org.eclipse.lsp4j.jsonrpc.json.StreamMessageProducer.listen(StreamMessageProducer.java:97)
	at org.eclipse.lsp4j.jsonrpc.json.ConcurrentMessageProcessor.run(ConcurrentMessageProcessor.java:97)
	at java.util.concurrent.Executors$RunnableAdapter.call(Executors.java:572)
	at java.util.concurrent.FutureTask.run(FutureTask.java:317)
	at java.util.concurrent.ThreadPoolExecutor.runWorker(ThreadPoolExecutor.java:1144)
	at java.util.concurrent.ThreadPoolExecutor$Worker.run(ThreadPoolExecutor.java:642)
	at java.lang.Thread.run(Thread.java:1583)

2026.10.05 10:37:46 INFO  BSP server: WARNING: Unsupported request method: buildTarget/jvmRunEnvironment
2026.10.05 10:37:46 INFO  BSP server: Oct 05, 2026 10:37:47 AM org.eclipse.lsp4j.jsonrpc.services.GenericEndpoint request
2026.10.05 10:37:47 INFO  scala-cli should support `buildTarget/jvmRunEnvironment`, but it fails.
org.eclipse.lsp4j.jsonrpc.ResponseErrorException: Unsupported request method: buildTarget/jvmRunEnvironment
	at org.eclipse.lsp4j.jsonrpc.RemoteEndpoint.handleResponse(RemoteEndpoint.java:214)
	at org.eclipse.lsp4j.jsonrpc.RemoteEndpoint.consume(RemoteEndpoint.java:198)
	at scala.meta.internal.metals.RequestMonitorImpl$$anon$1.consume(ServerLivenessMonitor.scala:41)
	at org.eclipse.lsp4j.jsonrpc.json.StreamMessageProducer.handleMessage(StreamMessageProducer.java:189)
	at org.eclipse.lsp4j.jsonrpc.json.StreamMessageProducer.listen(StreamMessageProducer.java:97)
	at org.eclipse.lsp4j.jsonrpc.json.ConcurrentMessageProcessor.run(ConcurrentMessageProcessor.java:97)
	at java.util.concurrent.Executors$RunnableAdapter.call(Executors.java:572)
	at java.util.concurrent.FutureTask.run(FutureTask.java:317)
	at java.util.concurrent.ThreadPoolExecutor.runWorker(ThreadPoolExecutor.java:1144)
	at java.util.concurrent.ThreadPoolExecutor$Worker.run(ThreadPoolExecutor.java:642)
	at java.lang.Thread.run(Thread.java:1583)

2026.10.05 10:37:46 INFO  BSP server: WARNING: Unsupported request method: buildTarget/jvmRunEnvironment
2026.10.05 10:37:54 INFO  BSP server: Oct 05, 2026 10:37:54 AM org.eclipse.lsp4j.jsonrpc.services.GenericEndpoint request
2026.10.05 10:37:54 INFO  scala-cli should support `buildTarget/jvmRunEnvironment`, but it fails.
org.eclipse.lsp4j.jsonrpc.ResponseErrorException: Unsupported request method: buildTarget/jvmRunEnvironment
	at org.eclipse.lsp4j.jsonrpc.RemoteEndpoint.handleResponse(RemoteEndpoint.java:214)
	at org.eclipse.lsp4j.jsonrpc.RemoteEndpoint.consume(RemoteEndpoint.java:198)
	at scala.meta.internal.metals.RequestMonitorImpl$$anon$1.consume(ServerLivenessMonitor.scala:41)
	at org.eclipse.lsp4j.jsonrpc.json.StreamMessageProducer.handleMessage(StreamMessageProducer.java:189)
	at org.eclipse.lsp4j.jsonrpc.json.StreamMessageProducer.listen(StreamMessageProducer.java:97)
	at org.eclipse.lsp4j.jsonrpc.json.ConcurrentMessageProcessor.run(ConcurrentMessageProcessor.java:97)
	at java.util.concurrent.Executors$RunnableAdapter.call(Executors.java:572)
	at java.util.concurrent.FutureTask.run(FutureTask.java:317)
	at java.util.concurrent.ThreadPoolExecutor.runWorker(ThreadPoolExecutor.java:1144)
	at java.util.concurrent.ThreadPoolExecutor$Worker.run(ThreadPoolExecutor.java:642)
	at java.lang.Thread.run(Thread.java:1583)

2026.10.05 10:37:54 INFO  BSP server: WARNING: Unsupported request method: buildTarget/jvmRunEnvironment
2026.10.05 10:37:54 INFO  BSP server: Oct 05, 2026 10:37:55 AM org.eclipse.lsp4j.jsonrpc.services.GenericEndpoint request
2026.10.05 10:37:54 INFO  BSP server: WARNING: Unsupported request method: buildTarget/jvmRunEnvironment
2026.10.05 10:37:55 INFO  scala-cli should support `buildTarget/jvmRunEnvironment`, but it fails.
org.eclipse.lsp4j.jsonrpc.ResponseErrorException: Unsupported request method: buildTarget/jvmRunEnvironment
	at org.eclipse.lsp4j.jsonrpc.RemoteEndpoint.handleResponse(RemoteEndpoint.java:214)
	at org.eclipse.lsp4j.jsonrpc.RemoteEndpoint.consume(RemoteEndpoint.java:198)
	at scala.meta.internal.metals.RequestMonitorImpl$$anon$1.consume(ServerLivenessMonitor.scala:41)
	at org.eclipse.lsp4j.jsonrpc.json.StreamMessageProducer.handleMessage(StreamMessageProducer.java:189)
	at org.eclipse.lsp4j.jsonrpc.json.StreamMessageProducer.listen(StreamMessageProducer.java:97)
	at org.eclipse.lsp4j.jsonrpc.json.ConcurrentMessageProcessor.run(ConcurrentMessageProcessor.java:97)
	at java.util.concurrent.Executors$RunnableAdapter.call(Executors.java:572)
	at java.util.concurrent.FutureTask.run(FutureTask.java:317)
	at java.util.concurrent.ThreadPoolExecutor.runWorker(ThreadPoolExecutor.java:1144)
	at java.util.concurrent.ThreadPoolExecutor$Worker.run(ThreadPoolExecutor.java:642)
	at java.lang.Thread.run(Thread.java:1583)

2026.10.05 10:38:01 INFO  BSP server: Oct 05, 2026 10:38:01 AM org.eclipse.lsp4j.jsonrpc.services.GenericEndpoint request
2026.10.05 10:38:01 INFO  scala-cli should support `buildTarget/jvmRunEnvironment`, but it fails.
org.eclipse.lsp4j.jsonrpc.ResponseErrorException: Unsupported request method: buildTarget/jvmRunEnvironment
	at org.eclipse.lsp4j.jsonrpc.RemoteEndpoint.handleResponse(RemoteEndpoint.java:214)
	at org.eclipse.lsp4j.jsonrpc.RemoteEndpoint.consume(RemoteEndpoint.java:198)
	at scala.meta.internal.metals.RequestMonitorImpl$$anon$1.consume(ServerLivenessMonitor.scala:41)
	at org.eclipse.lsp4j.jsonrpc.json.StreamMessageProducer.handleMessage(StreamMessageProducer.java:189)
	at org.eclipse.lsp4j.jsonrpc.json.StreamMessageProducer.listen(StreamMessageProducer.java:97)
	at org.eclipse.lsp4j.jsonrpc.json.ConcurrentMessageProcessor.run(ConcurrentMessageProcessor.java:97)
	at java.util.concurrent.Executors$RunnableAdapter.call(Executors.java:572)
	at java.util.concurrent.FutureTask.run(FutureTask.java:317)
	at java.util.concurrent.ThreadPoolExecutor.runWorker(ThreadPoolExecutor.java:1144)
	at java.util.concurrent.ThreadPoolExecutor$Worker.run(ThreadPoolExecutor.java:642)
	at java.lang.Thread.run(Thread.java:1583)

2026.10.05 10:38:01 INFO  BSP server: WARNING: Unsupported request method: buildTarget/jvmRunEnvironment
2026.10.05 10:38:04 INFO  BSP server: Oct 05, 2026 10:38:04 AM org.eclipse.lsp4j.jsonrpc.services.GenericEndpoint request
2026.10.05 10:38:04 INFO  scala-cli should support `buildTarget/jvmRunEnvironment`, but it fails.
org.eclipse.lsp4j.jsonrpc.ResponseErrorException: Unsupported request method: buildTarget/jvmRunEnvironment
	at org.eclipse.lsp4j.jsonrpc.RemoteEndpoint.handleResponse(RemoteEndpoint.java:214)
	at org.eclipse.lsp4j.jsonrpc.RemoteEndpoint.consume(RemoteEndpoint.java:198)
	at scala.meta.internal.metals.RequestMonitorImpl$$anon$1.consume(ServerLivenessMonitor.scala:41)
	at org.eclipse.lsp4j.jsonrpc.json.StreamMessageProducer.handleMessage(StreamMessageProducer.java:189)
	at org.eclipse.lsp4j.jsonrpc.json.StreamMessageProducer.listen(StreamMessageProducer.java:97)
	at org.eclipse.lsp4j.jsonrpc.json.ConcurrentMessageProcessor.run(ConcurrentMessageProcessor.java:97)
	at java.util.concurrent.Executors$RunnableAdapter.call(Executors.java:572)
	at java.util.concurrent.FutureTask.run(FutureTask.java:317)
	at java.util.concurrent.ThreadPoolExecutor.runWorker(ThreadPoolExecutor.java:1144)
	at java.util.concurrent.ThreadPoolExecutor$Worker.run(ThreadPoolExecutor.java:642)
	at java.lang.Thread.run(Thread.java:1583)

2026.10.05 10:38:04 INFO  BSP server: WARNING: Unsupported request method: buildTarget/jvmRunEnvironment
2026.10.05 10:38:05 INFO  BSP server: Oct 05, 2026 10:38:05 AM org.eclipse.lsp4j.jsonrpc.services.GenericEndpoint request
2026.10.05 10:38:05 INFO  scala-cli should support `buildTarget/jvmRunEnvironment`, but it fails.
org.eclipse.lsp4j.jsonrpc.ResponseErrorException: Unsupported request method: buildTarget/jvmRunEnvironment
	at org.eclipse.lsp4j.jsonrpc.RemoteEndpoint.handleResponse(RemoteEndpoint.java:214)
	at org.eclipse.lsp4j.jsonrpc.RemoteEndpoint.consume(RemoteEndpoint.java:198)
	at scala.meta.internal.metals.RequestMonitorImpl$$anon$1.consume(ServerLivenessMonitor.scala:41)
	at org.eclipse.lsp4j.jsonrpc.json.StreamMessageProducer.handleMessage(StreamMessageProducer.java:189)
	at org.eclipse.lsp4j.jsonrpc.json.StreamMessageProducer.listen(StreamMessageProducer.java:97)
	at org.eclipse.lsp4j.jsonrpc.json.ConcurrentMessageProcessor.run(ConcurrentMessageProcessor.java:97)
	at java.util.concurrent.Executors$RunnableAdapter.call(Executors.java:572)
	at java.util.concurrent.FutureTask.run(FutureTask.java:317)
	at java.util.concurrent.ThreadPoolExecutor.runWorker(ThreadPoolExecutor.java:1144)
	at java.util.concurrent.ThreadPoolExecutor$Worker.run(ThreadPoolExecutor.java:642)
	at java.lang.Thread.run(Thread.java:1583)

2026.10.05 10:38:05 INFO  BSP server: WARNING: Unsupported request method: buildTarget/jvmRunEnvironment
2026.10.05 10:38:06 INFO  BSP server: Oct 05, 2026 10:38:06 AM org.eclipse.lsp4j.jsonrpc.services.GenericEndpoint request
2026.10.05 10:38:06 INFO  scala-cli should support `buildTarget/jvmRunEnvironment`, but it fails.
org.eclipse.lsp4j.jsonrpc.ResponseErrorException: Unsupported request method: buildTarget/jvmRunEnvironment
	at org.eclipse.lsp4j.jsonrpc.RemoteEndpoint.handleResponse(RemoteEndpoint.java:214)
	at org.eclipse.lsp4j.jsonrpc.RemoteEndpoint.consume(RemoteEndpoint.java:198)
	at scala.meta.internal.metals.RequestMonitorImpl$$anon$1.consume(ServerLivenessMonitor.scala:41)
	at org.eclipse.lsp4j.jsonrpc.json.StreamMessageProducer.handleMessage(StreamMessageProducer.java:189)
	at org.eclipse.lsp4j.jsonrpc.json.StreamMessageProducer.listen(StreamMessageProducer.java:97)
	at org.eclipse.lsp4j.jsonrpc.json.ConcurrentMessageProcessor.run(ConcurrentMessageProcessor.java:97)
	at java.util.concurrent.Executors$RunnableAdapter.call(Executors.java:572)
	at java.util.concurrent.FutureTask.run(FutureTask.java:317)
	at java.util.concurrent.ThreadPoolExecutor.runWorker(ThreadPoolExecutor.java:1144)
	at java.util.concurrent.ThreadPoolExecutor$Worker.run(ThreadPoolExecutor.java:642)
	at java.lang.Thread.run(Thread.java:1583)

2026.10.05 10:38:06 INFO  BSP server: WARNING: Unsupported request method: buildTarget/jvmRunEnvironment
2026.10.05 10:38:08 INFO  BSP server: Oct 05, 2026 10:38:08 AM org.eclipse.lsp4j.jsonrpc.services.GenericEndpoint request
2026.10.05 10:38:08 INFO  scala-cli should support `buildTarget/jvmRunEnvironment`, but it fails.
org.eclipse.lsp4j.jsonrpc.ResponseErrorException: Unsupported request method: buildTarget/jvmRunEnvironment
	at org.eclipse.lsp4j.jsonrpc.RemoteEndpoint.handleResponse(RemoteEndpoint.java:214)
	at org.eclipse.lsp4j.jsonrpc.RemoteEndpoint.consume(RemoteEndpoint.java:198)
	at scala.meta.internal.metals.RequestMonitorImpl$$anon$1.consume(ServerLivenessMonitor.scala:41)
	at org.eclipse.lsp4j.jsonrpc.json.StreamMessageProducer.handleMessage(StreamMessageProducer.java:189)
	at org.eclipse.lsp4j.jsonrpc.json.StreamMessageProducer.listen(StreamMessageProducer.java:97)
	at org.eclipse.lsp4j.jsonrpc.json.ConcurrentMessageProcessor.run(ConcurrentMessageProcessor.java:97)
	at java.util.concurrent.Executors$RunnableAdapter.call(Executors.java:572)
	at java.util.concurrent.FutureTask.run(FutureTask.java:317)
	at java.util.concurrent.ThreadPoolExecutor.runWorker(ThreadPoolExecutor.java:1144)
	at java.util.concurrent.ThreadPoolExecutor$Worker.run(ThreadPoolExecutor.java:642)
	at java.lang.Thread.run(Thread.java:1583)

2026.10.05 10:38:08 INFO  BSP server: WARNING: Unsupported request method: buildTarget/jvmRunEnvironment
2026.10.05 10:38:08 INFO  BSP server: Oct 05, 2026 10:38:08 AM org.eclipse.lsp4j.jsonrpc.services.GenericEndpoint request
2026.10.05 10:38:08 INFO  scala-cli should support `buildTarget/jvmRunEnvironment`, but it fails.
org.eclipse.lsp4j.jsonrpc.ResponseErrorException: Unsupported request method: buildTarget/jvmRunEnvironment
	at org.eclipse.lsp4j.jsonrpc.RemoteEndpoint.handleResponse(RemoteEndpoint.java:214)
	at org.eclipse.lsp4j.jsonrpc.RemoteEndpoint.consume(RemoteEndpoint.java:198)
	at scala.meta.internal.metals.RequestMonitorImpl$$anon$1.consume(ServerLivenessMonitor.scala:41)
	at org.eclipse.lsp4j.jsonrpc.json.StreamMessageProducer.handleMessage(StreamMessageProducer.java:189)
	at org.eclipse.lsp4j.jsonrpc.json.StreamMessageProducer.listen(StreamMessageProducer.java:97)
	at org.eclipse.lsp4j.jsonrpc.json.ConcurrentMessageProcessor.run(ConcurrentMessageProcessor.java:97)
	at java.util.concurrent.Executors$RunnableAdapter.call(Executors.java:572)
	at java.util.concurrent.FutureTask.run(FutureTask.java:317)
	at java.util.concurrent.ThreadPoolExecutor.runWorker(ThreadPoolExecutor.java:1144)
	at java.util.concurrent.ThreadPoolExecutor$Worker.run(ThreadPoolExecutor.java:642)
	at java.lang.Thread.run(Thread.java:1583)

2026.10.05 10:38:08 INFO  BSP server: WARNING: Unsupported request method: buildTarget/jvmRunEnvironment
2026.10.05 10:38:08 INFO  BSP server: Oct 05, 2026 10:38:09 AM org.eclipse.lsp4j.jsonrpc.services.GenericEndpoint request
2026.10.05 10:38:08 INFO  BSP server: WARNING: Unsupported request method: buildTarget/jvmRunEnvironment
2026.10.05 10:38:09 INFO  scala-cli should support `buildTarget/jvmRunEnvironment`, but it fails.
org.eclipse.lsp4j.jsonrpc.ResponseErrorException: Unsupported request method: buildTarget/jvmRunEnvironment
	at org.eclipse.lsp4j.jsonrpc.RemoteEndpoint.handleResponse(RemoteEndpoint.java:214)
	at org.eclipse.lsp4j.jsonrpc.RemoteEndpoint.consume(RemoteEndpoint.java:198)
	at scala.meta.internal.metals.RequestMonitorImpl$$anon$1.consume(ServerLivenessMonitor.scala:41)
	at org.eclipse.lsp4j.jsonrpc.json.StreamMessageProducer.handleMessage(StreamMessageProducer.java:189)
	at org.eclipse.lsp4j.jsonrpc.json.StreamMessageProducer.listen(StreamMessageProducer.java:97)
	at org.eclipse.lsp4j.jsonrpc.json.ConcurrentMessageProcessor.run(ConcurrentMessageProcessor.java:97)
	at java.util.concurrent.Executors$RunnableAdapter.call(Executors.java:572)
	at java.util.concurrent.FutureTask.run(FutureTask.java:317)
	at java.util.concurrent.ThreadPoolExecutor.runWorker(ThreadPoolExecutor.java:1144)
	at java.util.concurrent.ThreadPoolExecutor$Worker.run(ThreadPoolExecutor.java:642)
	at java.lang.Thread.run(Thread.java:1583)

2026.10.05 10:38:09 INFO  BSP server: Oct 05, 2026 10:38:09 AM org.eclipse.lsp4j.jsonrpc.services.GenericEndpoint request
2026.10.05 10:38:09 INFO  scala-cli should support `buildTarget/jvmRunEnvironment`, but it fails.
org.eclipse.lsp4j.jsonrpc.ResponseErrorException: Unsupported request method: buildTarget/jvmRunEnvironment
	at org.eclipse.lsp4j.jsonrpc.RemoteEndpoint.handleResponse(RemoteEndpoint.java:214)
	at org.eclipse.lsp4j.jsonrpc.RemoteEndpoint.consume(RemoteEndpoint.java:198)
	at scala.meta.internal.metals.RequestMonitorImpl$$anon$1.consume(ServerLivenessMonitor.scala:41)
	at org.eclipse.lsp4j.jsonrpc.json.StreamMessageProducer.handleMessage(StreamMessageProducer.java:189)
	at org.eclipse.lsp4j.jsonrpc.json.StreamMessageProducer.listen(StreamMessageProducer.java:97)
	at org.eclipse.lsp4j.jsonrpc.json.ConcurrentMessageProcessor.run(ConcurrentMessageProcessor.java:97)
	at java.util.concurrent.Executors$RunnableAdapter.call(Executors.java:572)
	at java.util.concurrent.FutureTask.run(FutureTask.java:317)
	at java.util.concurrent.ThreadPoolExecutor.runWorker(ThreadPoolExecutor.java:1144)
	at java.util.concurrent.ThreadPoolExecutor$Worker.run(ThreadPoolExecutor.java:642)
	at java.lang.Thread.run(Thread.java:1583)

2026.10.05 10:38:09 INFO  BSP server: WARNING: Unsupported request method: buildTarget/jvmRunEnvironment
2026.10.05 10:38:10 INFO  BSP server: Oct 05, 2026 10:38:10 AM org.eclipse.lsp4j.jsonrpc.services.GenericEndpoint request
2026.10.05 10:38:10 INFO  scala-cli should support `buildTarget/jvmRunEnvironment`, but it fails.
org.eclipse.lsp4j.jsonrpc.ResponseErrorException: Unsupported request method: buildTarget/jvmRunEnvironment
	at org.eclipse.lsp4j.jsonrpc.RemoteEndpoint.handleResponse(RemoteEndpoint.java:214)
	at org.eclipse.lsp4j.jsonrpc.RemoteEndpoint.consume(RemoteEndpoint.java:198)
	at scala.meta.internal.metals.RequestMonitorImpl$$anon$1.consume(ServerLivenessMonitor.scala:41)
	at org.eclipse.lsp4j.jsonrpc.json.StreamMessageProducer.handleMessage(StreamMessageProducer.java:189)
	at org.eclipse.lsp4j.jsonrpc.json.StreamMessageProducer.listen(StreamMessageProducer.java:97)
	at org.eclipse.lsp4j.jsonrpc.json.ConcurrentMessageProcessor.run(ConcurrentMessageProcessor.java:97)
	at java.util.concurrent.Executors$RunnableAdapter.call(Executors.java:572)
	at java.util.concurrent.FutureTask.run(FutureTask.java:317)
	at java.util.concurrent.ThreadPoolExecutor.runWorker(ThreadPoolExecutor.java:1144)
	at java.util.concurrent.ThreadPoolExecutor$Worker.run(ThreadPoolExecutor.java:642)
	at java.lang.Thread.run(Thread.java:1583)

2026.10.05 10:38:10 INFO  BSP server: WARNING: Unsupported request method: buildTarget/jvmRunEnvironment
2026.10.05 10:38:10 INFO  BSP server: Oct 05, 2026 10:38:11 AM org.eclipse.lsp4j.jsonrpc.services.GenericEndpoint request
2026.10.05 10:38:11 INFO  scala-cli should support `buildTarget/jvmRunEnvironment`, but it fails.
org.eclipse.lsp4j.jsonrpc.ResponseErrorException: Unsupported request method: buildTarget/jvmRunEnvironment
	at org.eclipse.lsp4j.jsonrpc.RemoteEndpoint.handleResponse(RemoteEndpoint.java:214)
	at org.eclipse.lsp4j.jsonrpc.RemoteEndpoint.consume(RemoteEndpoint.java:198)
	at scala.meta.internal.metals.RequestMonitorImpl$$anon$1.consume(ServerLivenessMonitor.scala:41)
	at org.eclipse.lsp4j.jsonrpc.json.StreamMessageProducer.handleMessage(StreamMessageProducer.java:189)
	at org.eclipse.lsp4j.jsonrpc.json.StreamMessageProducer.listen(StreamMessageProducer.java:97)
	at org.eclipse.lsp4j.jsonrpc.json.ConcurrentMessageProcessor.run(ConcurrentMessageProcessor.java:97)
	at java.util.concurrent.Executors$RunnableAdapter.call(Executors.java:572)
	at java.util.concurrent.FutureTask.run(FutureTask.java:317)
	at java.util.concurrent.ThreadPoolExecutor.runWorker(ThreadPoolExecutor.java:1144)
	at java.util.concurrent.ThreadPoolExecutor$Worker.run(ThreadPoolExecutor.java:642)
	at java.lang.Thread.run(Thread.java:1583)

2026.10.05 10:38:10 INFO  BSP server: WARNING: Unsupported request method: buildTarget/jvmRunEnvironment
2026.10.05 10:38:13 INFO  BSP server: Oct 05, 2026 10:38:13 AM org.eclipse.lsp4j.jsonrpc.services.GenericEndpoint request
2026.10.05 10:38:13 INFO  scala-cli should support `buildTarget/jvmRunEnvironment`, but it fails.
org.eclipse.lsp4j.jsonrpc.ResponseErrorException: Unsupported request method: buildTarget/jvmRunEnvironment
	at org.eclipse.lsp4j.jsonrpc.RemoteEndpoint.handleResponse(RemoteEndpoint.java:214)
	at org.eclipse.lsp4j.jsonrpc.RemoteEndpoint.consume(RemoteEndpoint.java:198)
	at scala.meta.internal.metals.RequestMonitorImpl$$anon$1.consume(ServerLivenessMonitor.scala:41)
	at org.eclipse.lsp4j.jsonrpc.json.StreamMessageProducer.handleMessage(StreamMessageProducer.java:189)
	at org.eclipse.lsp4j.jsonrpc.json.StreamMessageProducer.listen(StreamMessageProducer.java:97)
	at org.eclipse.lsp4j.jsonrpc.json.ConcurrentMessageProcessor.run(ConcurrentMessageProcessor.java:97)
	at java.util.concurrent.Executors$RunnableAdapter.call(Executors.java:572)
	at java.util.concurrent.FutureTask.run(FutureTask.java:317)
	at java.util.concurrent.ThreadPoolExecutor.runWorker(ThreadPoolExecutor.java:1144)
	at java.util.concurrent.ThreadPoolExecutor$Worker.run(ThreadPoolExecutor.java:642)
	at java.lang.Thread.run(Thread.java:1583)

2026.10.05 10:38:13 INFO  BSP server: WARNING: Unsupported request method: buildTarget/jvmRunEnvironment
2026.10.05 10:38:15 INFO  BSP server: Oct 05, 2026 10:38:15 AM org.eclipse.lsp4j.jsonrpc.services.GenericEndpoint request
2026.10.05 10:38:15 INFO  scala-cli should support `buildTarget/jvmRunEnvironment`, but it fails.
org.eclipse.lsp4j.jsonrpc.ResponseErrorException: Unsupported request method: buildTarget/jvmRunEnvironment
	at org.eclipse.lsp4j.jsonrpc.RemoteEndpoint.handleResponse(RemoteEndpoint.java:214)
	at org.eclipse.lsp4j.jsonrpc.RemoteEndpoint.consume(RemoteEndpoint.java:198)
	at scala.meta.internal.metals.RequestMonitorImpl$$anon$1.consume(ServerLivenessMonitor.scala:41)
	at org.eclipse.lsp4j.jsonrpc.json.StreamMessageProducer.handleMessage(StreamMessageProducer.java:189)
	at org.eclipse.lsp4j.jsonrpc.json.StreamMessageProducer.listen(StreamMessageProducer.java:97)
	at org.eclipse.lsp4j.jsonrpc.json.ConcurrentMessageProcessor.run(ConcurrentMessageProcessor.java:97)
	at java.util.concurrent.Executors$RunnableAdapter.call(Executors.java:572)
	at java.util.concurrent.FutureTask.run(FutureTask.java:317)
	at java.util.concurrent.ThreadPoolExecutor.runWorker(ThreadPoolExecutor.java:1144)
	at java.util.concurrent.ThreadPoolExecutor$Worker.run(ThreadPoolExecutor.java:642)
	at java.lang.Thread.run(Thread.java:1583)

2026.10.05 10:38:15 INFO  BSP server: WARNING: Unsupported request method: buildTarget/jvmRunEnvironment
2026.10.05 10:38:15 INFO  BSP server: Oct 05, 2026 10:38:15 AM org.eclipse.lsp4j.jsonrpc.services.GenericEndpoint request
2026.10.05 10:38:15 INFO  scala-cli should support `buildTarget/jvmRunEnvironment`, but it fails.
org.eclipse.lsp4j.jsonrpc.ResponseErrorException: Unsupported request method: buildTarget/jvmRunEnvironment
	at org.eclipse.lsp4j.jsonrpc.RemoteEndpoint.handleResponse(RemoteEndpoint.java:214)
	at org.eclipse.lsp4j.jsonrpc.RemoteEndpoint.consume(RemoteEndpoint.java:198)
	at scala.meta.internal.metals.RequestMonitorImpl$$anon$1.consume(ServerLivenessMonitor.scala:41)
	at org.eclipse.lsp4j.jsonrpc.json.StreamMessageProducer.handleMessage(StreamMessageProducer.java:189)
	at org.eclipse.lsp4j.jsonrpc.json.StreamMessageProducer.listen(StreamMessageProducer.java:97)
	at org.eclipse.lsp4j.jsonrpc.json.ConcurrentMessageProcessor.run(ConcurrentMessageProcessor.java:97)
	at java.util.concurrent.Executors$RunnableAdapter.call(Executors.java:572)
	at java.util.concurrent.FutureTask.run(FutureTask.java:317)
	at java.util.concurrent.ThreadPoolExecutor.runWorker(ThreadPoolExecutor.java:1144)
	at java.util.concurrent.ThreadPoolExecutor$Worker.run(ThreadPoolExecutor.java:642)
	at java.lang.Thread.run(Thread.java:1583)

2026.10.05 10:38:15 INFO  BSP server: WARNING: Unsupported request method: buildTarget/jvmRunEnvironment
2026.10.05 10:38:18 INFO  BSP server: Oct 05, 2026 10:38:18 AM org.eclipse.lsp4j.jsonrpc.services.GenericEndpoint request
2026.10.05 10:38:18 INFO  scala-cli should support `buildTarget/jvmRunEnvironment`, but it fails.
org.eclipse.lsp4j.jsonrpc.ResponseErrorException: Unsupported request method: buildTarget/jvmRunEnvironment
	at org.eclipse.lsp4j.jsonrpc.RemoteEndpoint.handleResponse(RemoteEndpoint.java:214)
	at org.eclipse.lsp4j.jsonrpc.RemoteEndpoint.consume(RemoteEndpoint.java:198)
	at scala.meta.internal.metals.RequestMonitorImpl$$anon$1.consume(ServerLivenessMonitor.scala:41)
	at org.eclipse.lsp4j.jsonrpc.json.StreamMessageProducer.handleMessage(StreamMessageProducer.java:189)
	at org.eclipse.lsp4j.jsonrpc.json.StreamMessageProducer.listen(StreamMessageProducer.java:97)
	at org.eclipse.lsp4j.jsonrpc.json.ConcurrentMessageProcessor.run(ConcurrentMessageProcessor.java:97)
	at java.util.concurrent.Executors$RunnableAdapter.call(Executors.java:572)
	at java.util.concurrent.FutureTask.run(FutureTask.java:317)
	at java.util.concurrent.ThreadPoolExecutor.runWorker(ThreadPoolExecutor.java:1144)
	at java.util.concurrent.ThreadPoolExecutor$Worker.run(ThreadPoolExecutor.java:642)
	at java.lang.Thread.run(Thread.java:1583)

2026.10.05 10:38:18 INFO  BSP server: WARNING: Unsupported request method: buildTarget/jvmRunEnvironment
2026.10.05 10:38:18 INFO  BSP server: Oct 05, 2026 10:38:19 AM org.eclipse.lsp4j.jsonrpc.services.GenericEndpoint request
2026.10.05 10:38:19 INFO  scala-cli should support `buildTarget/jvmRunEnvironment`, but it fails.
org.eclipse.lsp4j.jsonrpc.ResponseErrorException: Unsupported request method: buildTarget/jvmRunEnvironment
	at org.eclipse.lsp4j.jsonrpc.RemoteEndpoint.handleResponse(RemoteEndpoint.java:214)
	at org.eclipse.lsp4j.jsonrpc.RemoteEndpoint.consume(RemoteEndpoint.java:198)
	at scala.meta.internal.metals.RequestMonitorImpl$$anon$1.consume(ServerLivenessMonitor.scala:41)
	at org.eclipse.lsp4j.jsonrpc.json.StreamMessageProducer.handleMessage(StreamMessageProducer.java:189)
	at org.eclipse.lsp4j.jsonrpc.json.StreamMessageProducer.listen(StreamMessageProducer.java:97)
	at org.eclipse.lsp4j.jsonrpc.json.ConcurrentMessageProcessor.run(ConcurrentMessageProcessor.java:97)
	at java.util.concurrent.Executors$RunnableAdapter.call(Executors.java:572)
	at java.util.concurrent.FutureTask.run(FutureTask.java:317)
	at java.util.concurrent.ThreadPoolExecutor.runWorker(ThreadPoolExecutor.java:1144)
	at java.util.concurrent.ThreadPoolExecutor$Worker.run(ThreadPoolExecutor.java:642)
	at java.lang.Thread.run(Thread.java:1583)

2026.10.05 10:38:18 INFO  BSP server: WARNING: Unsupported request method: buildTarget/jvmRunEnvironment
2026.10.05 10:38:20 INFO  BSP server: Oct 05, 2026 10:38:20 AM org.eclipse.lsp4j.jsonrpc.services.GenericEndpoint request
2026.10.05 10:38:20 INFO  scala-cli should support `buildTarget/jvmRunEnvironment`, but it fails.
org.eclipse.lsp4j.jsonrpc.ResponseErrorException: Unsupported request method: buildTarget/jvmRunEnvironment
	at org.eclipse.lsp4j.jsonrpc.RemoteEndpoint.handleResponse(RemoteEndpoint.java:214)
	at org.eclipse.lsp4j.jsonrpc.RemoteEndpoint.consume(RemoteEndpoint.java:198)
	at scala.meta.internal.metals.RequestMonitorImpl$$anon$1.consume(ServerLivenessMonitor.scala:41)
	at org.eclipse.lsp4j.jsonrpc.json.StreamMessageProducer.handleMessage(StreamMessageProducer.java:189)
	at org.eclipse.lsp4j.jsonrpc.json.StreamMessageProducer.listen(StreamMessageProducer.java:97)
	at org.eclipse.lsp4j.jsonrpc.json.ConcurrentMessageProcessor.run(ConcurrentMessageProcessor.java:97)
	at java.util.concurrent.Executors$RunnableAdapter.call(Executors.java:572)
	at java.util.concurrent.FutureTask.run(FutureTask.java:317)
	at java.util.concurrent.ThreadPoolExecutor.runWorker(ThreadPoolExecutor.java:1144)
	at java.util.concurrent.ThreadPoolExecutor$Worker.run(ThreadPoolExecutor.java:642)
	at java.lang.Thread.run(Thread.java:1583)

2026.10.05 10:38:20 INFO  BSP server: WARNING: Unsupported request method: buildTarget/jvmRunEnvironment
2026.10.05 10:38:20 INFO  BSP server: Oct 05, 2026 10:38:21 AM org.eclipse.lsp4j.jsonrpc.services.GenericEndpoint request
2026.10.05 10:38:20 INFO  BSP server: WARNING: Unsupported request method: buildTarget/jvmRunEnvironment
2026.10.05 10:38:21 INFO  scala-cli should support `buildTarget/jvmRunEnvironment`, but it fails.
org.eclipse.lsp4j.jsonrpc.ResponseErrorException: Unsupported request method: buildTarget/jvmRunEnvironment
	at org.eclipse.lsp4j.jsonrpc.RemoteEndpoint.handleResponse(RemoteEndpoint.java:214)
	at org.eclipse.lsp4j.jsonrpc.RemoteEndpoint.consume(RemoteEndpoint.java:198)
	at scala.meta.internal.metals.RequestMonitorImpl$$anon$1.consume(ServerLivenessMonitor.scala:41)
	at org.eclipse.lsp4j.jsonrpc.json.StreamMessageProducer.handleMessage(StreamMessageProducer.java:189)
	at org.eclipse.lsp4j.jsonrpc.json.StreamMessageProducer.listen(StreamMessageProducer.java:97)
	at org.eclipse.lsp4j.jsonrpc.json.ConcurrentMessageProcessor.run(ConcurrentMessageProcessor.java:97)
	at java.util.concurrent.Executors$RunnableAdapter.call(Executors.java:572)
	at java.util.concurrent.FutureTask.run(FutureTask.java:317)
	at java.util.concurrent.ThreadPoolExecutor.runWorker(ThreadPoolExecutor.java:1144)
	at java.util.concurrent.ThreadPoolExecutor$Worker.run(ThreadPoolExecutor.java:642)
	at java.lang.Thread.run(Thread.java:1583)

2026.10.05 10:38:22 INFO  BSP server: Oct 05, 2026 10:38:22 AM org.eclipse.lsp4j.jsonrpc.services.GenericEndpoint request
2026.10.05 10:38:22 INFO  scala-cli should support `buildTarget/jvmRunEnvironment`, but it fails.
org.eclipse.lsp4j.jsonrpc.ResponseErrorException: Unsupported request method: buildTarget/jvmRunEnvironment
	at org.eclipse.lsp4j.jsonrpc.RemoteEndpoint.handleResponse(RemoteEndpoint.java:214)
	at org.eclipse.lsp4j.jsonrpc.RemoteEndpoint.consume(RemoteEndpoint.java:198)
	at scala.meta.internal.metals.RequestMonitorImpl$$anon$1.consume(ServerLivenessMonitor.scala:41)
	at org.eclipse.lsp4j.jsonrpc.json.StreamMessageProducer.handleMessage(StreamMessageProducer.java:189)
	at org.eclipse.lsp4j.jsonrpc.json.StreamMessageProducer.listen(StreamMessageProducer.java:97)
	at org.eclipse.lsp4j.jsonrpc.json.ConcurrentMessageProcessor.run(ConcurrentMessageProcessor.java:97)
	at java.util.concurrent.Executors$RunnableAdapter.call(Executors.java:572)
	at java.util.concurrent.FutureTask.run(FutureTask.java:317)
	at java.util.concurrent.ThreadPoolExecutor.runWorker(ThreadPoolExecutor.java:1144)
	at java.util.concurrent.ThreadPoolExecutor$Worker.run(ThreadPoolExecutor.java:642)
	at java.lang.Thread.run(Thread.java:1583)

2026.10.05 10:38:22 INFO  BSP server: WARNING: Unsupported request method: buildTarget/jvmRunEnvironment
2026.10.05 10:38:22 INFO  BSP server: Oct 05, 2026 10:38:23 AM org.eclipse.lsp4j.jsonrpc.services.GenericEndpoint request
2026.10.05 10:38:23 INFO  scala-cli should support `buildTarget/jvmRunEnvironment`, but it fails.
org.eclipse.lsp4j.jsonrpc.ResponseErrorException: Unsupported request method: buildTarget/jvmRunEnvironment
	at org.eclipse.lsp4j.jsonrpc.RemoteEndpoint.handleResponse(RemoteEndpoint.java:214)
	at org.eclipse.lsp4j.jsonrpc.RemoteEndpoint.consume(RemoteEndpoint.java:198)
	at scala.meta.internal.metals.RequestMonitorImpl$$anon$1.consume(ServerLivenessMonitor.scala:41)
	at org.eclipse.lsp4j.jsonrpc.json.StreamMessageProducer.handleMessage(StreamMessageProducer.java:189)
	at org.eclipse.lsp4j.jsonrpc.json.StreamMessageProducer.listen(StreamMessageProducer.java:97)
	at org.eclipse.lsp4j.jsonrpc.json.ConcurrentMessageProcessor.run(ConcurrentMessageProcessor.java:97)
	at java.util.concurrent.Executors$RunnableAdapter.call(Executors.java:572)
	at java.util.concurrent.FutureTask.run(FutureTask.java:317)
	at java.util.concurrent.ThreadPoolExecutor.runWorker(ThreadPoolExecutor.java:1144)
	at java.util.concurrent.ThreadPoolExecutor$Worker.run(ThreadPoolExecutor.java:642)
	at java.lang.Thread.run(Thread.java:1583)

2026.10.05 10:38:22 INFO  BSP server: WARNING: Unsupported request method: buildTarget/jvmRunEnvironment
2026.10.05 10:38:25 INFO  BSP server: Oct 05, 2026 10:38:25 AM org.eclipse.lsp4j.jsonrpc.services.GenericEndpoint request
2026.10.05 10:38:25 INFO  scala-cli should support `buildTarget/jvmRunEnvironment`, but it fails.
org.eclipse.lsp4j.jsonrpc.ResponseErrorException: Unsupported request method: buildTarget/jvmRunEnvironment
	at org.eclipse.lsp4j.jsonrpc.RemoteEndpoint.handleResponse(RemoteEndpoint.java:214)
	at org.eclipse.lsp4j.jsonrpc.RemoteEndpoint.consume(RemoteEndpoint.java:198)
	at scala.meta.internal.metals.RequestMonitorImpl$$anon$1.consume(ServerLivenessMonitor.scala:41)
	at org.eclipse.lsp4j.jsonrpc.json.StreamMessageProducer.handleMessage(StreamMessageProducer.java:189)
	at org.eclipse.lsp4j.jsonrpc.json.StreamMessageProducer.listen(StreamMessageProducer.java:97)
	at org.eclipse.lsp4j.jsonrpc.json.ConcurrentMessageProcessor.run(ConcurrentMessageProcessor.java:97)
	at java.util.concurrent.Executors$RunnableAdapter.call(Executors.java:572)
	at java.util.concurrent.FutureTask.run(FutureTask.java:317)
	at java.util.concurrent.ThreadPoolExecutor.runWorker(ThreadPoolExecutor.java:1144)
	at java.util.concurrent.ThreadPoolExecutor$Worker.run(ThreadPoolExecutor.java:642)
	at java.lang.Thread.run(Thread.java:1583)

2026.10.05 10:38:25 INFO  BSP server: WARNING: Unsupported request method: buildTarget/jvmRunEnvironment
2026.10.05 10:38:26 INFO  BSP server: Oct 05, 2026 10:38:26 AM org.eclipse.lsp4j.jsonrpc.services.GenericEndpoint request
2026.10.05 10:38:26 INFO  BSP server: WARNING: Unsupported request method: buildTarget/jvmRunEnvironment
2026.10.05 10:38:26 INFO  scala-cli should support `buildTarget/jvmRunEnvironment`, but it fails.
org.eclipse.lsp4j.jsonrpc.ResponseErrorException: Unsupported request method: buildTarget/jvmRunEnvironment
	at org.eclipse.lsp4j.jsonrpc.RemoteEndpoint.handleResponse(RemoteEndpoint.java:214)
	at org.eclipse.lsp4j.jsonrpc.RemoteEndpoint.consume(RemoteEndpoint.java:198)
	at scala.meta.internal.metals.RequestMonitorImpl$$anon$1.consume(ServerLivenessMonitor.scala:41)
	at org.eclipse.lsp4j.jsonrpc.json.StreamMessageProducer.handleMessage(StreamMessageProducer.java:189)
	at org.eclipse.lsp4j.jsonrpc.json.StreamMessageProducer.listen(StreamMessageProducer.java:97)
	at org.eclipse.lsp4j.jsonrpc.json.ConcurrentMessageProcessor.run(ConcurrentMessageProcessor.java:97)
	at java.util.concurrent.Executors$RunnableAdapter.call(Executors.java:572)
	at java.util.concurrent.FutureTask.run(FutureTask.java:317)
	at java.util.concurrent.ThreadPoolExecutor.runWorker(ThreadPoolExecutor.java:1144)
	at java.util.concurrent.ThreadPoolExecutor$Worker.run(ThreadPoolExecutor.java:642)
	at java.lang.Thread.run(Thread.java:1583)

2026.10.05 10:38:26 INFO  BSP server: Oct 05, 2026 10:38:27 AM org.eclipse.lsp4j.jsonrpc.services.GenericEndpoint request
2026.10.05 10:38:26 INFO  BSP server: WARNING: Unsupported request method: buildTarget/jvmRunEnvironment
2026.10.05 10:38:27 INFO  scala-cli should support `buildTarget/jvmRunEnvironment`, but it fails.
org.eclipse.lsp4j.jsonrpc.ResponseErrorException: Unsupported request method: buildTarget/jvmRunEnvironment
	at org.eclipse.lsp4j.jsonrpc.RemoteEndpoint.handleResponse(RemoteEndpoint.java:214)
	at org.eclipse.lsp4j.jsonrpc.RemoteEndpoint.consume(RemoteEndpoint.java:198)
	at scala.meta.internal.metals.RequestMonitorImpl$$anon$1.consume(ServerLivenessMonitor.scala:41)
	at org.eclipse.lsp4j.jsonrpc.json.StreamMessageProducer.handleMessage(StreamMessageProducer.java:189)
	at org.eclipse.lsp4j.jsonrpc.json.StreamMessageProducer.listen(StreamMessageProducer.java:97)
	at org.eclipse.lsp4j.jsonrpc.json.ConcurrentMessageProcessor.run(ConcurrentMessageProcessor.java:97)
	at java.util.concurrent.Executors$RunnableAdapter.call(Executors.java:572)
	at java.util.concurrent.FutureTask.run(FutureTask.java:317)
	at java.util.concurrent.ThreadPoolExecutor.runWorker(ThreadPoolExecutor.java:1144)
	at java.util.concurrent.ThreadPoolExecutor$Worker.run(ThreadPoolExecutor.java:642)
	at java.lang.Thread.run(Thread.java:1583)

2026.10.05 10:38:28 INFO  BSP server: Oct 05, 2026 10:38:28 AM org.eclipse.lsp4j.jsonrpc.services.GenericEndpoint request
2026.10.05 10:38:28 INFO  scala-cli should support `buildTarget/jvmRunEnvironment`, but it fails.
org.eclipse.lsp4j.jsonrpc.ResponseErrorException: Unsupported request method: buildTarget/jvmRunEnvironment
	at org.eclipse.lsp4j.jsonrpc.RemoteEndpoint.handleResponse(RemoteEndpoint.java:214)
	at org.eclipse.lsp4j.jsonrpc.RemoteEndpoint.consume(RemoteEndpoint.java:198)
	at scala.meta.internal.metals.RequestMonitorImpl$$anon$1.consume(ServerLivenessMonitor.scala:41)
	at org.eclipse.lsp4j.jsonrpc.json.StreamMessageProducer.handleMessage(StreamMessageProducer.java:189)
	at org.eclipse.lsp4j.jsonrpc.json.StreamMessageProducer.listen(StreamMessageProducer.java:97)
	at org.eclipse.lsp4j.jsonrpc.json.ConcurrentMessageProcessor.run(ConcurrentMessageProcessor.java:97)
	at java.util.concurrent.Executors$RunnableAdapter.call(Executors.java:572)
	at java.util.concurrent.FutureTask.run(FutureTask.java:317)
	at java.util.concurrent.ThreadPoolExecutor.runWorker(ThreadPoolExecutor.java:1144)
	at java.util.concurrent.ThreadPoolExecutor$Worker.run(ThreadPoolExecutor.java:642)
	at java.lang.Thread.run(Thread.java:1583)

2026.10.05 10:38:28 INFO  BSP server: WARNING: Unsupported request method: buildTarget/jvmRunEnvironment
2026.10.05 10:38:28 INFO  BSP server: Oct 05, 2026 10:38:28 AM org.eclipse.lsp4j.jsonrpc.services.GenericEndpoint request
2026.10.05 10:38:28 INFO  BSP server: WARNING: Unsupported request method: buildTarget/jvmRunEnvironment
2026.10.05 10:38:28 INFO  scala-cli should support `buildTarget/jvmRunEnvironment`, but it fails.
org.eclipse.lsp4j.jsonrpc.ResponseErrorException: Unsupported request method: buildTarget/jvmRunEnvironment
	at org.eclipse.lsp4j.jsonrpc.RemoteEndpoint.handleResponse(RemoteEndpoint.java:214)
	at org.eclipse.lsp4j.jsonrpc.RemoteEndpoint.consume(RemoteEndpoint.java:198)
	at scala.meta.internal.metals.RequestMonitorImpl$$anon$1.consume(ServerLivenessMonitor.scala:41)
	at org.eclipse.lsp4j.jsonrpc.json.StreamMessageProducer.handleMessage(StreamMessageProducer.java:189)
	at org.eclipse.lsp4j.jsonrpc.json.StreamMessageProducer.listen(StreamMessageProducer.java:97)
	at org.eclipse.lsp4j.jsonrpc.json.ConcurrentMessageProcessor.run(ConcurrentMessageProcessor.java:97)
	at java.util.concurrent.Executors$RunnableAdapter.call(Executors.java:572)
	at java.util.concurrent.FutureTask.run(FutureTask.java:317)
	at java.util.concurrent.ThreadPoolExecutor.runWorker(ThreadPoolExecutor.java:1144)
	at java.util.concurrent.ThreadPoolExecutor$Worker.run(ThreadPoolExecutor.java:642)
	at java.lang.Thread.run(Thread.java:1583)

2026.10.05 10:38:30 INFO  BSP server: Oct 05, 2026 10:38:30 AM org.eclipse.lsp4j.jsonrpc.services.GenericEndpoint request
2026.10.05 10:38:30 INFO  BSP server: WARNING: Unsupported request method: buildTarget/jvmRunEnvironment
2026.10.05 10:38:30 INFO  scala-cli should support `buildTarget/jvmRunEnvironment`, but it fails.
org.eclipse.lsp4j.jsonrpc.ResponseErrorException: Unsupported request method: buildTarget/jvmRunEnvironment
	at org.eclipse.lsp4j.jsonrpc.RemoteEndpoint.handleResponse(RemoteEndpoint.java:214)
	at org.eclipse.lsp4j.jsonrpc.RemoteEndpoint.consume(RemoteEndpoint.java:198)
	at scala.meta.internal.metals.RequestMonitorImpl$$anon$1.consume(ServerLivenessMonitor.scala:41)
	at org.eclipse.lsp4j.jsonrpc.json.StreamMessageProducer.handleMessage(StreamMessageProducer.java:189)
	at org.eclipse.lsp4j.jsonrpc.json.StreamMessageProducer.listen(StreamMessageProducer.java:97)
	at org.eclipse.lsp4j.jsonrpc.json.ConcurrentMessageProcessor.run(ConcurrentMessageProcessor.java:97)
	at java.util.concurrent.Executors$RunnableAdapter.call(Executors.java:572)
	at java.util.concurrent.FutureTask.run(FutureTask.java:317)
	at java.util.concurrent.ThreadPoolExecutor.runWorker(ThreadPoolExecutor.java:1144)
	at java.util.concurrent.ThreadPoolExecutor$Worker.run(ThreadPoolExecutor.java:642)
	at java.lang.Thread.run(Thread.java:1583)

2026.10.05 10:38:30 INFO  BSP server: Oct 05, 2026 10:38:31 AM org.eclipse.lsp4j.jsonrpc.services.GenericEndpoint request
2026.10.05 10:38:30 INFO  BSP server: WARNING: Unsupported request method: buildTarget/jvmRunEnvironment
2026.10.05 10:38:31 INFO  scala-cli should support `buildTarget/jvmRunEnvironment`, but it fails.
org.eclipse.lsp4j.jsonrpc.ResponseErrorException: Unsupported request method: buildTarget/jvmRunEnvironment
	at org.eclipse.lsp4j.jsonrpc.RemoteEndpoint.handleResponse(RemoteEndpoint.java:214)
	at org.eclipse.lsp4j.jsonrpc.RemoteEndpoint.consume(RemoteEndpoint.java:198)
	at scala.meta.internal.metals.RequestMonitorImpl$$anon$1.consume(ServerLivenessMonitor.scala:41)
	at org.eclipse.lsp4j.jsonrpc.json.StreamMessageProducer.handleMessage(StreamMessageProducer.java:189)
	at org.eclipse.lsp4j.jsonrpc.json.StreamMessageProducer.listen(StreamMessageProducer.java:97)
	at org.eclipse.lsp4j.jsonrpc.json.ConcurrentMessageProcessor.run(ConcurrentMessageProcessor.java:97)
	at java.util.concurrent.Executors$RunnableAdapter.call(Executors.java:572)
	at java.util.concurrent.FutureTask.run(FutureTask.java:317)
	at java.util.concurrent.ThreadPoolExecutor.runWorker(ThreadPoolExecutor.java:1144)
	at java.util.concurrent.ThreadPoolExecutor$Worker.run(ThreadPoolExecutor.java:642)
	at java.lang.Thread.run(Thread.java:1583)

2026.10.05 10:38:32 INFO  BSP server: Oct 05, 2026 10:38:32 AM org.eclipse.lsp4j.jsonrpc.services.GenericEndpoint request
2026.10.05 10:38:32 INFO  scala-cli should support `buildTarget/jvmRunEnvironment`, but it fails.
org.eclipse.lsp4j.jsonrpc.ResponseErrorException: Unsupported request method: buildTarget/jvmRunEnvironment
	at org.eclipse.lsp4j.jsonrpc.RemoteEndpoint.handleResponse(RemoteEndpoint.java:214)
	at org.eclipse.lsp4j.jsonrpc.RemoteEndpoint.consume(RemoteEndpoint.java:198)
	at scala.meta.internal.metals.RequestMonitorImpl$$anon$1.consume(ServerLivenessMonitor.scala:41)
	at org.eclipse.lsp4j.jsonrpc.json.StreamMessageProducer.handleMessage(StreamMessageProducer.java:189)
	at org.eclipse.lsp4j.jsonrpc.json.StreamMessageProducer.listen(StreamMessageProducer.java:97)
	at org.eclipse.lsp4j.jsonrpc.json.ConcurrentMessageProcessor.run(ConcurrentMessageProcessor.java:97)
	at java.util.concurrent.Executors$RunnableAdapter.call(Executors.java:572)
	at java.util.concurrent.FutureTask.run(FutureTask.java:317)
	at java.util.concurrent.ThreadPoolExecutor.runWorker(ThreadPoolExecutor.java:1144)
	at java.util.concurrent.ThreadPoolExecutor$Worker.run(ThreadPoolExecutor.java:642)
	at java.lang.Thread.run(Thread.java:1583)

2026.10.05 10:38:32 INFO  BSP server: WARNING: Unsupported request method: buildTarget/jvmRunEnvironment
2026.10.05 10:38:33 INFO  BSP server: Oct 05, 2026 10:38:33 AM org.eclipse.lsp4j.jsonrpc.services.GenericEndpoint request
2026.10.05 10:38:33 INFO  scala-cli should support `buildTarget/jvmRunEnvironment`, but it fails.
org.eclipse.lsp4j.jsonrpc.ResponseErrorException: Unsupported request method: buildTarget/jvmRunEnvironment
	at org.eclipse.lsp4j.jsonrpc.RemoteEndpoint.handleResponse(RemoteEndpoint.java:214)
	at org.eclipse.lsp4j.jsonrpc.RemoteEndpoint.consume(RemoteEndpoint.java:198)
	at scala.meta.internal.metals.RequestMonitorImpl$$anon$1.consume(ServerLivenessMonitor.scala:41)
	at org.eclipse.lsp4j.jsonrpc.json.StreamMessageProducer.handleMessage(StreamMessageProducer.java:189)
	at org.eclipse.lsp4j.jsonrpc.json.StreamMessageProducer.listen(StreamMessageProducer.java:97)
	at org.eclipse.lsp4j.jsonrpc.json.ConcurrentMessageProcessor.run(ConcurrentMessageProcessor.java:97)
	at java.util.concurrent.Executors$RunnableAdapter.call(Executors.java:572)
	at java.util.concurrent.FutureTask.run(FutureTask.java:317)
	at java.util.concurrent.ThreadPoolExecutor.runWorker(ThreadPoolExecutor.java:1144)
	at java.util.concurrent.ThreadPoolExecutor$Worker.run(ThreadPoolExecutor.java:642)
	at java.lang.Thread.run(Thread.java:1583)

2026.10.05 10:38:33 INFO  BSP server: WARNING: Unsupported request method: buildTarget/jvmRunEnvironment
2026.10.05 10:38:33 INFO  BSP server: Oct 05, 2026 10:38:34 AM org.eclipse.lsp4j.jsonrpc.services.GenericEndpoint request
2026.10.05 10:38:33 INFO  BSP server: WARNING: Unsupported request method: buildTarget/jvmRunEnvironment
2026.10.05 10:38:34 INFO  scala-cli should support `buildTarget/jvmRunEnvironment`, but it fails.
org.eclipse.lsp4j.jsonrpc.ResponseErrorException: Unsupported request method: buildTarget/jvmRunEnvironment
	at org.eclipse.lsp4j.jsonrpc.RemoteEndpoint.handleResponse(RemoteEndpoint.java:214)
	at org.eclipse.lsp4j.jsonrpc.RemoteEndpoint.consume(RemoteEndpoint.java:198)
	at scala.meta.internal.metals.RequestMonitorImpl$$anon$1.consume(ServerLivenessMonitor.scala:41)
	at org.eclipse.lsp4j.jsonrpc.json.StreamMessageProducer.handleMessage(StreamMessageProducer.java:189)
	at org.eclipse.lsp4j.jsonrpc.json.StreamMessageProducer.listen(StreamMessageProducer.java:97)
	at org.eclipse.lsp4j.jsonrpc.json.ConcurrentMessageProcessor.run(ConcurrentMessageProcessor.java:97)
	at java.util.concurrent.Executors$RunnableAdapter.call(Executors.java:572)
	at java.util.concurrent.FutureTask.run(FutureTask.java:317)
	at java.util.concurrent.ThreadPoolExecutor.runWorker(ThreadPoolExecutor.java:1144)
	at java.util.concurrent.ThreadPoolExecutor$Worker.run(ThreadPoolExecutor.java:642)
	at java.lang.Thread.run(Thread.java:1583)

2026.10.05 10:38:35 INFO  BSP server: Oct 05, 2026 10:38:35 AM org.eclipse.lsp4j.jsonrpc.services.GenericEndpoint request
2026.10.05 10:38:35 INFO  scala-cli should support `buildTarget/jvmRunEnvironment`, but it fails.
org.eclipse.lsp4j.jsonrpc.ResponseErrorException: Unsupported request method: buildTarget/jvmRunEnvironment
	at org.eclipse.lsp4j.jsonrpc.RemoteEndpoint.handleResponse(RemoteEndpoint.java:214)
	at org.eclipse.lsp4j.jsonrpc.RemoteEndpoint.consume(RemoteEndpoint.java:198)
	at scala.meta.internal.metals.RequestMonitorImpl$$anon$1.consume(ServerLivenessMonitor.scala:41)
	at org.eclipse.lsp4j.jsonrpc.json.StreamMessageProducer.handleMessage(StreamMessageProducer.java:189)
	at org.eclipse.lsp4j.jsonrpc.json.StreamMessageProducer.listen(StreamMessageProducer.java:97)
	at org.eclipse.lsp4j.jsonrpc.json.ConcurrentMessageProcessor.run(ConcurrentMessageProcessor.java:97)
	at java.util.concurrent.Executors$RunnableAdapter.call(Executors.java:572)
	at java.util.concurrent.FutureTask.run(FutureTask.java:317)
	at java.util.concurrent.ThreadPoolExecutor.runWorker(ThreadPoolExecutor.java:1144)
	at java.util.concurrent.ThreadPoolExecutor$Worker.run(ThreadPoolExecutor.java:642)
	at java.lang.Thread.run(Thread.java:1583)

2026.10.05 10:38:35 INFO  BSP server: WARNING: Unsupported request method: buildTarget/jvmRunEnvironment
2026.10.05 10:38:35 INFO  BSP server: Oct 05, 2026 10:38:36 AM org.eclipse.lsp4j.jsonrpc.services.GenericEndpoint request
2026.10.05 10:38:35 INFO  BSP server: WARNING: Unsupported request method: buildTarget/jvmRunEnvironment
2026.10.05 10:38:35 INFO  scala-cli should support `buildTarget/jvmRunEnvironment`, but it fails.
org.eclipse.lsp4j.jsonrpc.ResponseErrorException: Unsupported request method: buildTarget/jvmRunEnvironment
	at org.eclipse.lsp4j.jsonrpc.RemoteEndpoint.handleResponse(RemoteEndpoint.java:214)
	at org.eclipse.lsp4j.jsonrpc.RemoteEndpoint.consume(RemoteEndpoint.java:198)
	at scala.meta.internal.metals.RequestMonitorImpl$$anon$1.consume(ServerLivenessMonitor.scala:41)
	at org.eclipse.lsp4j.jsonrpc.json.StreamMessageProducer.handleMessage(StreamMessageProducer.java:189)
	at org.eclipse.lsp4j.jsonrpc.json.StreamMessageProducer.listen(StreamMessageProducer.java:97)
	at org.eclipse.lsp4j.jsonrpc.json.ConcurrentMessageProcessor.run(ConcurrentMessageProcessor.java:97)
	at java.util.concurrent.Executors$RunnableAdapter.call(Executors.java:572)
	at java.util.concurrent.FutureTask.run(FutureTask.java:317)
	at java.util.concurrent.ThreadPoolExecutor.runWorker(ThreadPoolExecutor.java:1144)
	at java.util.concurrent.ThreadPoolExecutor$Worker.run(ThreadPoolExecutor.java:642)
	at java.lang.Thread.run(Thread.java:1583)

2026.10.05 10:38:37 INFO  BSP server: Oct 05, 2026 10:38:37 AM org.eclipse.lsp4j.jsonrpc.services.GenericEndpoint request
2026.10.05 10:38:37 INFO  BSP server: WARNING: Unsupported request method: buildTarget/jvmRunEnvironment
2026.10.05 10:38:37 INFO  scala-cli should support `buildTarget/jvmRunEnvironment`, but it fails.
org.eclipse.lsp4j.jsonrpc.ResponseErrorException: Unsupported request method: buildTarget/jvmRunEnvironment
	at org.eclipse.lsp4j.jsonrpc.RemoteEndpoint.handleResponse(RemoteEndpoint.java:214)
	at org.eclipse.lsp4j.jsonrpc.RemoteEndpoint.consume(RemoteEndpoint.java:198)
	at scala.meta.internal.metals.RequestMonitorImpl$$anon$1.consume(ServerLivenessMonitor.scala:41)
	at org.eclipse.lsp4j.jsonrpc.json.StreamMessageProducer.handleMessage(StreamMessageProducer.java:189)
	at org.eclipse.lsp4j.jsonrpc.json.StreamMessageProducer.listen(StreamMessageProducer.java:97)
	at org.eclipse.lsp4j.jsonrpc.json.ConcurrentMessageProcessor.run(ConcurrentMessageProcessor.java:97)
	at java.util.concurrent.Executors$RunnableAdapter.call(Executors.java:572)
	at java.util.concurrent.FutureTask.run(FutureTask.java:317)
	at java.util.concurrent.ThreadPoolExecutor.runWorker(ThreadPoolExecutor.java:1144)
	at java.util.concurrent.ThreadPoolExecutor$Worker.run(ThreadPoolExecutor.java:642)
	at java.lang.Thread.run(Thread.java:1583)

2026.10.05 10:38:37 INFO  BSP server: Oct 05, 2026 10:38:38 AM org.eclipse.lsp4j.jsonrpc.services.GenericEndpoint request
2026.10.05 10:38:37 INFO  BSP server: WARNING: Unsupported request method: buildTarget/jvmRunEnvironment
2026.10.05 10:38:38 INFO  scala-cli should support `buildTarget/jvmRunEnvironment`, but it fails.
org.eclipse.lsp4j.jsonrpc.ResponseErrorException: Unsupported request method: buildTarget/jvmRunEnvironment
	at org.eclipse.lsp4j.jsonrpc.RemoteEndpoint.handleResponse(RemoteEndpoint.java:214)
	at org.eclipse.lsp4j.jsonrpc.RemoteEndpoint.consume(RemoteEndpoint.java:198)
	at scala.meta.internal.metals.RequestMonitorImpl$$anon$1.consume(ServerLivenessMonitor.scala:41)
	at org.eclipse.lsp4j.jsonrpc.json.StreamMessageProducer.handleMessage(StreamMessageProducer.java:189)
	at org.eclipse.lsp4j.jsonrpc.json.StreamMessageProducer.listen(StreamMessageProducer.java:97)
	at org.eclipse.lsp4j.jsonrpc.json.ConcurrentMessageProcessor.run(ConcurrentMessageProcessor.java:97)
	at java.util.concurrent.Executors$RunnableAdapter.call(Executors.java:572)
	at java.util.concurrent.FutureTask.run(FutureTask.java:317)
	at java.util.concurrent.ThreadPoolExecutor.runWorker(ThreadPoolExecutor.java:1144)
	at java.util.concurrent.ThreadPoolExecutor$Worker.run(ThreadPoolExecutor.java:642)
	at java.lang.Thread.run(Thread.java:1583)

2026.10.05 10:38:38 INFO  BSP server: Oct 05, 2026 10:38:38 AM org.eclipse.lsp4j.jsonrpc.services.GenericEndpoint request
2026.10.05 10:38:38 INFO  BSP server: WARNING: Unsupported request method: buildTarget/jvmRunEnvironment
2026.10.05 10:38:38 INFO  scala-cli should support `buildTarget/jvmRunEnvironment`, but it fails.
org.eclipse.lsp4j.jsonrpc.ResponseErrorException: Unsupported request method: buildTarget/jvmRunEnvironment
	at org.eclipse.lsp4j.jsonrpc.RemoteEndpoint.handleResponse(RemoteEndpoint.java:214)
	at org.eclipse.lsp4j.jsonrpc.RemoteEndpoint.consume(RemoteEndpoint.java:198)
	at scala.meta.internal.metals.RequestMonitorImpl$$anon$1.consume(ServerLivenessMonitor.scala:41)
	at org.eclipse.lsp4j.jsonrpc.json.StreamMessageProducer.handleMessage(StreamMessageProducer.java:189)
	at org.eclipse.lsp4j.jsonrpc.json.StreamMessageProducer.listen(StreamMessageProducer.java:97)
	at org.eclipse.lsp4j.jsonrpc.json.ConcurrentMessageProcessor.run(ConcurrentMessageProcessor.java:97)
	at java.util.concurrent.Executors$RunnableAdapter.call(Executors.java:572)
	at java.util.concurrent.FutureTask.run(FutureTask.java:317)
	at java.util.concurrent.ThreadPoolExecutor.runWorker(ThreadPoolExecutor.java:1144)
	at java.util.concurrent.ThreadPoolExecutor$Worker.run(ThreadPoolExecutor.java:642)
	at java.lang.Thread.run(Thread.java:1583)

2026.10.05 10:38:41 INFO  BSP server: Oct 05, 2026 10:38:41 AM org.eclipse.lsp4j.jsonrpc.services.GenericEndpoint request
2026.10.05 10:38:41 INFO  scala-cli should support `buildTarget/jvmRunEnvironment`, but it fails.
org.eclipse.lsp4j.jsonrpc.ResponseErrorException: Unsupported request method: buildTarget/jvmRunEnvironment
	at org.eclipse.lsp4j.jsonrpc.RemoteEndpoint.handleResponse(RemoteEndpoint.java:214)
	at org.eclipse.lsp4j.jsonrpc.RemoteEndpoint.consume(RemoteEndpoint.java:198)
	at scala.meta.internal.metals.RequestMonitorImpl$$anon$1.consume(ServerLivenessMonitor.scala:41)
	at org.eclipse.lsp4j.jsonrpc.json.StreamMessageProducer.handleMessage(StreamMessageProducer.java:189)
	at org.eclipse.lsp4j.jsonrpc.json.StreamMessageProducer.listen(StreamMessageProducer.java:97)
	at org.eclipse.lsp4j.jsonrpc.json.ConcurrentMessageProcessor.run(ConcurrentMessageProcessor.java:97)
	at java.util.concurrent.Executors$RunnableAdapter.call(Executors.java:572)
	at java.util.concurrent.FutureTask.run(FutureTask.java:317)
	at java.util.concurrent.ThreadPoolExecutor.runWorker(ThreadPoolExecutor.java:1144)
	at java.util.concurrent.ThreadPoolExecutor$Worker.run(ThreadPoolExecutor.java:642)
	at java.lang.Thread.run(Thread.java:1583)

2026.10.05 10:38:41 INFO  BSP server: WARNING: Unsupported request method: buildTarget/jvmRunEnvironment
2026.10.05 10:38:41 INFO  BSP server: Oct 05, 2026 10:38:41 AM org.eclipse.lsp4j.jsonrpc.services.GenericEndpoint request
2026.10.05 10:38:41 INFO  BSP server: WARNING: Unsupported request method: buildTarget/jvmRunEnvironment
2026.10.05 10:38:41 INFO  scala-cli should support `buildTarget/jvmRunEnvironment`, but it fails.
org.eclipse.lsp4j.jsonrpc.ResponseErrorException: Unsupported request method: buildTarget/jvmRunEnvironment
	at org.eclipse.lsp4j.jsonrpc.RemoteEndpoint.handleResponse(RemoteEndpoint.java:214)
	at org.eclipse.lsp4j.jsonrpc.RemoteEndpoint.consume(RemoteEndpoint.java:198)
	at scala.meta.internal.metals.RequestMonitorImpl$$anon$1.consume(ServerLivenessMonitor.scala:41)
	at org.eclipse.lsp4j.jsonrpc.json.StreamMessageProducer.handleMessage(StreamMessageProducer.java:189)
	at org.eclipse.lsp4j.jsonrpc.json.StreamMessageProducer.listen(StreamMessageProducer.java:97)
	at org.eclipse.lsp4j.jsonrpc.json.ConcurrentMessageProcessor.run(ConcurrentMessageProcessor.java:97)
	at java.util.concurrent.Executors$RunnableAdapter.call(Executors.java:572)
	at java.util.concurrent.FutureTask.run(FutureTask.java:317)
	at java.util.concurrent.ThreadPoolExecutor.runWorker(ThreadPoolExecutor.java:1144)
	at java.util.concurrent.ThreadPoolExecutor$Worker.run(ThreadPoolExecutor.java:642)
	at java.lang.Thread.run(Thread.java:1583)

2026.10.05 10:38:41 INFO  BSP server: Oct 05, 2026 10:38:42 AM org.eclipse.lsp4j.jsonrpc.services.GenericEndpoint request
2026.10.05 10:38:42 INFO  scala-cli should support `buildTarget/jvmRunEnvironment`, but it fails.
org.eclipse.lsp4j.jsonrpc.ResponseErrorException: Unsupported request method: buildTarget/jvmRunEnvironment
	at org.eclipse.lsp4j.jsonrpc.RemoteEndpoint.handleResponse(RemoteEndpoint.java:214)
	at org.eclipse.lsp4j.jsonrpc.RemoteEndpoint.consume(RemoteEndpoint.java:198)
	at scala.meta.internal.metals.RequestMonitorImpl$$anon$1.consume(ServerLivenessMonitor.scala:41)
	at org.eclipse.lsp4j.jsonrpc.json.StreamMessageProducer.handleMessage(StreamMessageProducer.java:189)
	at org.eclipse.lsp4j.jsonrpc.json.StreamMessageProducer.listen(StreamMessageProducer.java:97)
	at org.eclipse.lsp4j.jsonrpc.json.ConcurrentMessageProcessor.run(ConcurrentMessageProcessor.java:97)
	at java.util.concurrent.Executors$RunnableAdapter.call(Executors.java:572)
	at java.util.concurrent.FutureTask.run(FutureTask.java:317)
	at java.util.concurrent.ThreadPoolExecutor.runWorker(ThreadPoolExecutor.java:1144)
	at java.util.concurrent.ThreadPoolExecutor$Worker.run(ThreadPoolExecutor.java:642)
	at java.lang.Thread.run(Thread.java:1583)

2026.10.05 10:38:41 INFO  BSP server: WARNING: Unsupported request method: buildTarget/jvmRunEnvironment
2026.10.05 10:38:42 INFO  BSP server: Oct 05, 2026 10:38:42 AM org.eclipse.lsp4j.jsonrpc.services.GenericEndpoint request
2026.10.05 10:38:42 INFO  scala-cli should support `buildTarget/jvmRunEnvironment`, but it fails.
org.eclipse.lsp4j.jsonrpc.ResponseErrorException: Unsupported request method: buildTarget/jvmRunEnvironment
	at org.eclipse.lsp4j.jsonrpc.RemoteEndpoint.handleResponse(RemoteEndpoint.java:214)
	at org.eclipse.lsp4j.jsonrpc.RemoteEndpoint.consume(RemoteEndpoint.java:198)
	at scala.meta.internal.metals.RequestMonitorImpl$$anon$1.consume(ServerLivenessMonitor.scala:41)
	at org.eclipse.lsp4j.jsonrpc.json.StreamMessageProducer.handleMessage(StreamMessageProducer.java:189)
	at org.eclipse.lsp4j.jsonrpc.json.StreamMessageProducer.listen(StreamMessageProducer.java:97)
	at org.eclipse.lsp4j.jsonrpc.json.ConcurrentMessageProcessor.run(ConcurrentMessageProcessor.java:97)
	at java.util.concurrent.Executors$RunnableAdapter.call(Executors.java:572)
	at java.util.concurrent.FutureTask.run(FutureTask.java:317)
	at java.util.concurrent.ThreadPoolExecutor.runWorker(ThreadPoolExecutor.java:1144)
	at java.util.concurrent.ThreadPoolExecutor$Worker.run(ThreadPoolExecutor.java:642)
	at java.lang.Thread.run(Thread.java:1583)

2026.10.05 10:38:42 INFO  BSP server: WARNING: Unsupported request method: buildTarget/jvmRunEnvironment
2026.10.05 10:38:44 INFO  BSP server: Oct 05, 2026 10:38:44 AM org.eclipse.lsp4j.jsonrpc.services.GenericEndpoint request
2026.10.05 10:38:44 INFO  scala-cli should support `buildTarget/jvmRunEnvironment`, but it fails.
org.eclipse.lsp4j.jsonrpc.ResponseErrorException: Unsupported request method: buildTarget/jvmRunEnvironment
	at org.eclipse.lsp4j.jsonrpc.RemoteEndpoint.handleResponse(RemoteEndpoint.java:214)
	at org.eclipse.lsp4j.jsonrpc.RemoteEndpoint.consume(RemoteEndpoint.java:198)
	at scala.meta.internal.metals.RequestMonitorImpl$$anon$1.consume(ServerLivenessMonitor.scala:41)
	at org.eclipse.lsp4j.jsonrpc.json.StreamMessageProducer.handleMessage(StreamMessageProducer.java:189)
	at org.eclipse.lsp4j.jsonrpc.json.StreamMessageProducer.listen(StreamMessageProducer.java:97)
	at org.eclipse.lsp4j.jsonrpc.json.ConcurrentMessageProcessor.run(ConcurrentMessageProcessor.java:97)
	at java.util.concurrent.Executors$RunnableAdapter.call(Executors.java:572)
	at java.util.concurrent.FutureTask.run(FutureTask.java:317)
	at java.util.concurrent.ThreadPoolExecutor.runWorker(ThreadPoolExecutor.java:1144)
	at java.util.concurrent.ThreadPoolExecutor$Worker.run(ThreadPoolExecutor.java:642)
	at java.lang.Thread.run(Thread.java:1583)

2026.10.05 10:38:44 INFO  BSP server: WARNING: Unsupported request method: buildTarget/jvmRunEnvironment
2026.10.05 10:38:45 INFO  BSP server: Oct 05, 2026 10:38:45 AM org.eclipse.lsp4j.jsonrpc.services.GenericEndpoint request
2026.10.05 10:38:45 INFO  BSP server: WARNING: Unsupported request method: buildTarget/jvmRunEnvironment
2026.10.05 10:38:45 INFO  scala-cli should support `buildTarget/jvmRunEnvironment`, but it fails.
org.eclipse.lsp4j.jsonrpc.ResponseErrorException: Unsupported request method: buildTarget/jvmRunEnvironment
	at org.eclipse.lsp4j.jsonrpc.RemoteEndpoint.handleResponse(RemoteEndpoint.java:214)
	at org.eclipse.lsp4j.jsonrpc.RemoteEndpoint.consume(RemoteEndpoint.java:198)
	at scala.meta.internal.metals.RequestMonitorImpl$$anon$1.consume(ServerLivenessMonitor.scala:41)
	at org.eclipse.lsp4j.jsonrpc.json.StreamMessageProducer.handleMessage(StreamMessageProducer.java:189)
	at org.eclipse.lsp4j.jsonrpc.json.StreamMessageProducer.listen(StreamMessageProducer.java:97)
	at org.eclipse.lsp4j.jsonrpc.json.ConcurrentMessageProcessor.run(ConcurrentMessageProcessor.java:97)
	at java.util.concurrent.Executors$RunnableAdapter.call(Executors.java:572)
	at java.util.concurrent.FutureTask.run(FutureTask.java:317)
	at java.util.concurrent.ThreadPoolExecutor.runWorker(ThreadPoolExecutor.java:1144)
	at java.util.concurrent.ThreadPoolExecutor$Worker.run(ThreadPoolExecutor.java:642)
	at java.lang.Thread.run(Thread.java:1583)

2026.10.05 10:38:46 INFO  BSP server: Oct 05, 2026 10:38:46 AM org.eclipse.lsp4j.jsonrpc.services.GenericEndpoint request
2026.10.05 10:38:46 INFO  BSP server: WARNING: Unsupported request method: buildTarget/jvmRunEnvironment
2026.10.05 10:38:46 INFO  scala-cli should support `buildTarget/jvmRunEnvironment`, but it fails.
org.eclipse.lsp4j.jsonrpc.ResponseErrorException: Unsupported request method: buildTarget/jvmRunEnvironment
	at org.eclipse.lsp4j.jsonrpc.RemoteEndpoint.handleResponse(RemoteEndpoint.java:214)
	at org.eclipse.lsp4j.jsonrpc.RemoteEndpoint.consume(RemoteEndpoint.java:198)
	at scala.meta.internal.metals.RequestMonitorImpl$$anon$1.consume(ServerLivenessMonitor.scala:41)
	at org.eclipse.lsp4j.jsonrpc.json.StreamMessageProducer.handleMessage(StreamMessageProducer.java:189)
	at org.eclipse.lsp4j.jsonrpc.json.StreamMessageProducer.listen(StreamMessageProducer.java:97)
	at org.eclipse.lsp4j.jsonrpc.json.ConcurrentMessageProcessor.run(ConcurrentMessageProcessor.java:97)
	at java.util.concurrent.Executors$RunnableAdapter.call(Executors.java:572)
	at java.util.concurrent.FutureTask.run(FutureTask.java:317)
	at java.util.concurrent.ThreadPoolExecutor.runWorker(ThreadPoolExecutor.java:1144)
	at java.util.concurrent.ThreadPoolExecutor$Worker.run(ThreadPoolExecutor.java:642)
	at java.lang.Thread.run(Thread.java:1583)

2026.10.05 10:38:46 INFO  BSP server: Oct 05, 2026 10:38:47 AM org.eclipse.lsp4j.jsonrpc.services.GenericEndpoint request
2026.10.05 10:38:46 INFO  BSP server: WARNING: Unsupported request method: buildTarget/jvmRunEnvironment
2026.10.05 10:38:47 INFO  scala-cli should support `buildTarget/jvmRunEnvironment`, but it fails.
org.eclipse.lsp4j.jsonrpc.ResponseErrorException: Unsupported request method: buildTarget/jvmRunEnvironment
	at org.eclipse.lsp4j.jsonrpc.RemoteEndpoint.handleResponse(RemoteEndpoint.java:214)
	at org.eclipse.lsp4j.jsonrpc.RemoteEndpoint.consume(RemoteEndpoint.java:198)
	at scala.meta.internal.metals.RequestMonitorImpl$$anon$1.consume(ServerLivenessMonitor.scala:41)
	at org.eclipse.lsp4j.jsonrpc.json.StreamMessageProducer.handleMessage(StreamMessageProducer.java:189)
	at org.eclipse.lsp4j.jsonrpc.json.StreamMessageProducer.listen(StreamMessageProducer.java:97)
	at org.eclipse.lsp4j.jsonrpc.json.ConcurrentMessageProcessor.run(ConcurrentMessageProcessor.java:97)
	at java.util.concurrent.Executors$RunnableAdapter.call(Executors.java:572)
	at java.util.concurrent.FutureTask.run(FutureTask.java:317)
	at java.util.concurrent.ThreadPoolExecutor.runWorker(ThreadPoolExecutor.java:1144)
	at java.util.concurrent.ThreadPoolExecutor$Worker.run(ThreadPoolExecutor.java:642)
	at java.lang.Thread.run(Thread.java:1583)

2026.10.05 10:38:49 INFO  BSP server: Oct 05, 2026 10:38:49 AM org.eclipse.lsp4j.jsonrpc.services.GenericEndpoint request
2026.10.05 10:38:49 INFO  scala-cli should support `buildTarget/jvmRunEnvironment`, but it fails.
org.eclipse.lsp4j.jsonrpc.ResponseErrorException: Unsupported request method: buildTarget/jvmRunEnvironment
	at org.eclipse.lsp4j.jsonrpc.RemoteEndpoint.handleResponse(RemoteEndpoint.java:214)
	at org.eclipse.lsp4j.jsonrpc.RemoteEndpoint.consume(RemoteEndpoint.java:198)
	at scala.meta.internal.metals.RequestMonitorImpl$$anon$1.consume(ServerLivenessMonitor.scala:41)
	at org.eclipse.lsp4j.jsonrpc.json.StreamMessageProducer.handleMessage(StreamMessageProducer.java:189)
	at org.eclipse.lsp4j.jsonrpc.json.StreamMessageProducer.listen(StreamMessageProducer.java:97)
	at org.eclipse.lsp4j.jsonrpc.json.ConcurrentMessageProcessor.run(ConcurrentMessageProcessor.java:97)
	at java.util.concurrent.Executors$RunnableAdapter.call(Executors.java:572)
	at java.util.concurrent.FutureTask.run(FutureTask.java:317)
	at java.util.concurrent.ThreadPoolExecutor.runWorker(ThreadPoolExecutor.java:1144)
	at java.util.concurrent.ThreadPoolExecutor$Worker.run(ThreadPoolExecutor.java:642)
	at java.lang.Thread.run(Thread.java:1583)

2026.10.05 10:38:49 INFO  BSP server: WARNING: Unsupported request method: buildTarget/jvmRunEnvironment
2026.10.05 10:38:49 INFO  BSP server: Oct 05, 2026 10:38:49 AM org.eclipse.lsp4j.jsonrpc.services.GenericEndpoint request
2026.10.05 10:38:49 INFO  BSP server: WARNING: Unsupported request method: buildTarget/jvmRunEnvironment
2026.10.05 10:38:49 INFO  scala-cli should support `buildTarget/jvmRunEnvironment`, but it fails.
org.eclipse.lsp4j.jsonrpc.ResponseErrorException: Unsupported request method: buildTarget/jvmRunEnvironment
	at org.eclipse.lsp4j.jsonrpc.RemoteEndpoint.handleResponse(RemoteEndpoint.java:214)
	at org.eclipse.lsp4j.jsonrpc.RemoteEndpoint.consume(RemoteEndpoint.java:198)
	at scala.meta.internal.metals.RequestMonitorImpl$$anon$1.consume(ServerLivenessMonitor.scala:41)
	at org.eclipse.lsp4j.jsonrpc.json.StreamMessageProducer.handleMessage(StreamMessageProducer.java:189)
	at org.eclipse.lsp4j.jsonrpc.json.StreamMessageProducer.listen(StreamMessageProducer.java:97)
	at org.eclipse.lsp4j.jsonrpc.json.ConcurrentMessageProcessor.run(ConcurrentMessageProcessor.java:97)
	at java.util.concurrent.Executors$RunnableAdapter.call(Executors.java:572)
	at java.util.concurrent.FutureTask.run(FutureTask.java:317)
	at java.util.concurrent.ThreadPoolExecutor.runWorker(ThreadPoolExecutor.java:1144)
	at java.util.concurrent.ThreadPoolExecutor$Worker.run(ThreadPoolExecutor.java:642)
	at java.lang.Thread.run(Thread.java:1583)

2026.10.05 10:38:49 INFO  BSP server: Oct 05, 2026 10:38:49 AM org.eclipse.lsp4j.jsonrpc.services.GenericEndpoint request
2026.10.05 10:38:49 INFO  BSP server: WARNING: Unsupported request method: buildTarget/jvmRunEnvironment
2026.10.05 10:38:49 INFO  scala-cli should support `buildTarget/jvmRunEnvironment`, but it fails.
org.eclipse.lsp4j.jsonrpc.ResponseErrorException: Unsupported request method: buildTarget/jvmRunEnvironment
	at org.eclipse.lsp4j.jsonrpc.RemoteEndpoint.handleResponse(RemoteEndpoint.java:214)
	at org.eclipse.lsp4j.jsonrpc.RemoteEndpoint.consume(RemoteEndpoint.java:198)
	at scala.meta.internal.metals.RequestMonitorImpl$$anon$1.consume(ServerLivenessMonitor.scala:41)
	at org.eclipse.lsp4j.jsonrpc.json.StreamMessageProducer.handleMessage(StreamMessageProducer.java:189)
	at org.eclipse.lsp4j.jsonrpc.json.StreamMessageProducer.listen(StreamMessageProducer.java:97)
	at org.eclipse.lsp4j.jsonrpc.json.ConcurrentMessageProcessor.run(ConcurrentMessageProcessor.java:97)
	at java.util.concurrent.Executors$RunnableAdapter.call(Executors.java:572)
	at java.util.concurrent.FutureTask.run(FutureTask.java:317)
	at java.util.concurrent.ThreadPoolExecutor.runWorker(ThreadPoolExecutor.java:1144)
	at java.util.concurrent.ThreadPoolExecutor$Worker.run(ThreadPoolExecutor.java:642)
	at java.lang.Thread.run(Thread.java:1583)

2026.10.05 10:38:50 INFO  BSP server: Oct 05, 2026 10:38:50 AM org.eclipse.lsp4j.jsonrpc.services.GenericEndpoint request
2026.10.05 10:38:50 INFO  BSP server: WARNING: Unsupported request method: buildTarget/jvmRunEnvironment
2026.10.05 10:38:50 INFO  scala-cli should support `buildTarget/jvmRunEnvironment`, but it fails.
org.eclipse.lsp4j.jsonrpc.ResponseErrorException: Unsupported request method: buildTarget/jvmRunEnvironment
	at org.eclipse.lsp4j.jsonrpc.RemoteEndpoint.handleResponse(RemoteEndpoint.java:214)
	at org.eclipse.lsp4j.jsonrpc.RemoteEndpoint.consume(RemoteEndpoint.java:198)
	at scala.meta.internal.metals.RequestMonitorImpl$$anon$1.consume(ServerLivenessMonitor.scala:41)
	at org.eclipse.lsp4j.jsonrpc.json.StreamMessageProducer.handleMessage(StreamMessageProducer.java:189)
	at org.eclipse.lsp4j.jsonrpc.json.StreamMessageProducer.listen(StreamMessageProducer.java:97)
	at org.eclipse.lsp4j.jsonrpc.json.ConcurrentMessageProcessor.run(ConcurrentMessageProcessor.java:97)
	at java.util.concurrent.Executors$RunnableAdapter.call(Executors.java:572)
	at java.util.concurrent.FutureTask.run(FutureTask.java:317)
	at java.util.concurrent.ThreadPoolExecutor.runWorker(ThreadPoolExecutor.java:1144)
	at java.util.concurrent.ThreadPoolExecutor$Worker.run(ThreadPoolExecutor.java:642)
	at java.lang.Thread.run(Thread.java:1583)

2026.10.05 10:38:50 INFO  BSP server: Oct 05, 2026 10:38:50 AM org.eclipse.lsp4j.jsonrpc.services.GenericEndpoint request
2026.10.05 10:38:50 INFO  BSP server: WARNING: Unsupported request method: buildTarget/jvmRunEnvironment
2026.10.05 10:38:50 INFO  scala-cli should support `buildTarget/jvmRunEnvironment`, but it fails.
org.eclipse.lsp4j.jsonrpc.ResponseErrorException: Unsupported request method: buildTarget/jvmRunEnvironment
	at org.eclipse.lsp4j.jsonrpc.RemoteEndpoint.handleResponse(RemoteEndpoint.java:214)
	at org.eclipse.lsp4j.jsonrpc.RemoteEndpoint.consume(RemoteEndpoint.java:198)
	at scala.meta.internal.metals.RequestMonitorImpl$$anon$1.consume(ServerLivenessMonitor.scala:41)
	at org.eclipse.lsp4j.jsonrpc.json.StreamMessageProducer.handleMessage(StreamMessageProducer.java:189)
	at org.eclipse.lsp4j.jsonrpc.json.StreamMessageProducer.listen(StreamMessageProducer.java:97)
	at org.eclipse.lsp4j.jsonrpc.json.ConcurrentMessageProcessor.run(ConcurrentMessageProcessor.java:97)
	at java.util.concurrent.Executors$RunnableAdapter.call(Executors.java:572)
	at java.util.concurrent.FutureTask.run(FutureTask.java:317)
	at java.util.concurrent.ThreadPoolExecutor.runWorker(ThreadPoolExecutor.java:1144)
	at java.util.concurrent.ThreadPoolExecutor$Worker.run(ThreadPoolExecutor.java:642)
	at java.lang.Thread.run(Thread.java:1583)

2026.10.05 10:38:53 INFO  BSP server: Oct 05, 2026 10:38:53 AM org.eclipse.lsp4j.jsonrpc.services.GenericEndpoint request
2026.10.05 10:38:53 INFO  scala-cli should support `buildTarget/jvmRunEnvironment`, but it fails.
org.eclipse.lsp4j.jsonrpc.ResponseErrorException: Unsupported request method: buildTarget/jvmRunEnvironment
	at org.eclipse.lsp4j.jsonrpc.RemoteEndpoint.handleResponse(RemoteEndpoint.java:214)
	at org.eclipse.lsp4j.jsonrpc.RemoteEndpoint.consume(RemoteEndpoint.java:198)
	at scala.meta.internal.metals.RequestMonitorImpl$$anon$1.consume(ServerLivenessMonitor.scala:41)
	at org.eclipse.lsp4j.jsonrpc.json.StreamMessageProducer.handleMessage(StreamMessageProducer.java:189)
	at org.eclipse.lsp4j.jsonrpc.json.StreamMessageProducer.listen(StreamMessageProducer.java:97)
	at org.eclipse.lsp4j.jsonrpc.json.ConcurrentMessageProcessor.run(ConcurrentMessageProcessor.java:97)
	at java.util.concurrent.Executors$RunnableAdapter.call(Executors.java:572)
	at java.util.concurrent.FutureTask.run(FutureTask.java:317)
	at java.util.concurrent.ThreadPoolExecutor.runWorker(ThreadPoolExecutor.java:1144)
	at java.util.concurrent.ThreadPoolExecutor$Worker.run(ThreadPoolExecutor.java:642)
	at java.lang.Thread.run(Thread.java:1583)

2026.10.05 10:38:53 INFO  BSP server: WARNING: Unsupported request method: buildTarget/jvmRunEnvironment
2026.10.05 10:38:53 INFO  BSP server: Oct 05, 2026 10:38:54 AM org.eclipse.lsp4j.jsonrpc.services.GenericEndpoint request
2026.10.05 10:38:53 INFO  BSP server: WARNING: Unsupported request method: buildTarget/jvmRunEnvironment
2026.10.05 10:38:54 INFO  scala-cli should support `buildTarget/jvmRunEnvironment`, but it fails.
org.eclipse.lsp4j.jsonrpc.ResponseErrorException: Unsupported request method: buildTarget/jvmRunEnvironment
	at org.eclipse.lsp4j.jsonrpc.RemoteEndpoint.handleResponse(RemoteEndpoint.java:214)
	at org.eclipse.lsp4j.jsonrpc.RemoteEndpoint.consume(RemoteEndpoint.java:198)
	at scala.meta.internal.metals.RequestMonitorImpl$$anon$1.consume(ServerLivenessMonitor.scala:41)
	at org.eclipse.lsp4j.jsonrpc.json.StreamMessageProducer.handleMessage(StreamMessageProducer.java:189)
	at org.eclipse.lsp4j.jsonrpc.json.StreamMessageProducer.listen(StreamMessageProducer.java:97)
	at org.eclipse.lsp4j.jsonrpc.json.ConcurrentMessageProcessor.run(ConcurrentMessageProcessor.java:97)
	at java.util.concurrent.Executors$RunnableAdapter.call(Executors.java:572)
	at java.util.concurrent.FutureTask.run(FutureTask.java:317)
	at java.util.concurrent.ThreadPoolExecutor.runWorker(ThreadPoolExecutor.java:1144)
	at java.util.concurrent.ThreadPoolExecutor$Worker.run(ThreadPoolExecutor.java:642)
	at java.lang.Thread.run(Thread.java:1583)

2026.10.05 10:38:54 INFO  BSP server: Oct 05, 2026 10:38:54 AM org.eclipse.lsp4j.jsonrpc.services.GenericEndpoint request
2026.10.05 10:38:54 INFO  BSP server: WARNING: Unsupported request method: buildTarget/jvmRunEnvironment
2026.10.05 10:38:54 INFO  scala-cli should support `buildTarget/jvmRunEnvironment`, but it fails.
org.eclipse.lsp4j.jsonrpc.ResponseErrorException: Unsupported request method: buildTarget/jvmRunEnvironment
	at org.eclipse.lsp4j.jsonrpc.RemoteEndpoint.handleResponse(RemoteEndpoint.java:214)
	at org.eclipse.lsp4j.jsonrpc.RemoteEndpoint.consume(RemoteEndpoint.java:198)
	at scala.meta.internal.metals.RequestMonitorImpl$$anon$1.consume(ServerLivenessMonitor.scala:41)
	at org.eclipse.lsp4j.jsonrpc.json.StreamMessageProducer.handleMessage(StreamMessageProducer.java:189)
	at org.eclipse.lsp4j.jsonrpc.json.StreamMessageProducer.listen(StreamMessageProducer.java:97)
	at org.eclipse.lsp4j.jsonrpc.json.ConcurrentMessageProcessor.run(ConcurrentMessageProcessor.java:97)
	at java.util.concurrent.Executors$RunnableAdapter.call(Executors.java:572)
	at java.util.concurrent.FutureTask.run(FutureTask.java:317)
	at java.util.concurrent.ThreadPoolExecutor.runWorker(ThreadPoolExecutor.java:1144)
	at java.util.concurrent.ThreadPoolExecutor$Worker.run(ThreadPoolExecutor.java:642)
	at java.lang.Thread.run(Thread.java:1583)

2026.10.05 10:38:56 INFO  BSP server: Oct 05, 2026 10:38:56 AM org.eclipse.lsp4j.jsonrpc.services.GenericEndpoint request
2026.10.05 10:38:56 INFO  scala-cli should support `buildTarget/jvmRunEnvironment`, but it fails.
org.eclipse.lsp4j.jsonrpc.ResponseErrorException: Unsupported request method: buildTarget/jvmRunEnvironment
	at org.eclipse.lsp4j.jsonrpc.RemoteEndpoint.handleResponse(RemoteEndpoint.java:214)
	at org.eclipse.lsp4j.jsonrpc.RemoteEndpoint.consume(RemoteEndpoint.java:198)
	at scala.meta.internal.metals.RequestMonitorImpl$$anon$1.consume(ServerLivenessMonitor.scala:41)
	at org.eclipse.lsp4j.jsonrpc.json.StreamMessageProducer.handleMessage(StreamMessageProducer.java:189)
	at org.eclipse.lsp4j.jsonrpc.json.StreamMessageProducer.listen(StreamMessageProducer.java:97)
	at org.eclipse.lsp4j.jsonrpc.json.ConcurrentMessageProcessor.run(ConcurrentMessageProcessor.java:97)
	at java.util.concurrent.Executors$RunnableAdapter.call(Executors.java:572)
	at java.util.concurrent.FutureTask.run(FutureTask.java:317)
	at java.util.concurrent.ThreadPoolExecutor.runWorker(ThreadPoolExecutor.java:1144)
	at java.util.concurrent.ThreadPoolExecutor$Worker.run(ThreadPoolExecutor.java:642)
	at java.lang.Thread.run(Thread.java:1583)

2026.10.05 10:38:56 INFO  BSP server: WARNING: Unsupported request method: buildTarget/jvmRunEnvironment
2026.10.05 10:38:56 INFO  BSP server: Oct 05, 2026 10:38:56 AM org.eclipse.lsp4j.jsonrpc.services.GenericEndpoint request
2026.10.05 10:38:56 INFO  BSP server: WARNING: Unsupported request method: buildTarget/jvmRunEnvironment
2026.10.05 10:38:56 INFO  scala-cli should support `buildTarget/jvmRunEnvironment`, but it fails.
org.eclipse.lsp4j.jsonrpc.ResponseErrorException: Unsupported request method: buildTarget/jvmRunEnvironment
	at org.eclipse.lsp4j.jsonrpc.RemoteEndpoint.handleResponse(RemoteEndpoint.java:214)
	at org.eclipse.lsp4j.jsonrpc.RemoteEndpoint.consume(RemoteEndpoint.java:198)
	at scala.meta.internal.metals.RequestMonitorImpl$$anon$1.consume(ServerLivenessMonitor.scala:41)
	at org.eclipse.lsp4j.jsonrpc.json.StreamMessageProducer.handleMessage(StreamMessageProducer.java:189)
	at org.eclipse.lsp4j.jsonrpc.json.StreamMessageProducer.listen(StreamMessageProducer.java:97)
	at org.eclipse.lsp4j.jsonrpc.json.ConcurrentMessageProcessor.run(ConcurrentMessageProcessor.java:97)
	at java.util.concurrent.Executors$RunnableAdapter.call(Executors.java:572)
	at java.util.concurrent.FutureTask.run(FutureTask.java:317)
	at java.util.concurrent.ThreadPoolExecutor.runWorker(ThreadPoolExecutor.java:1144)
	at java.util.concurrent.ThreadPoolExecutor$Worker.run(ThreadPoolExecutor.java:642)
	at java.lang.Thread.run(Thread.java:1583)

2026.10.05 10:38:57 INFO  BSP server: Oct 05, 2026 10:38:57 AM org.eclipse.lsp4j.jsonrpc.services.GenericEndpoint request
2026.10.05 10:38:57 INFO  scala-cli should support `buildTarget/jvmRunEnvironment`, but it fails.
org.eclipse.lsp4j.jsonrpc.ResponseErrorException: Unsupported request method: buildTarget/jvmRunEnvironment
	at org.eclipse.lsp4j.jsonrpc.RemoteEndpoint.handleResponse(RemoteEndpoint.java:214)
	at org.eclipse.lsp4j.jsonrpc.RemoteEndpoint.consume(RemoteEndpoint.java:198)
	at scala.meta.internal.metals.RequestMonitorImpl$$anon$1.consume(ServerLivenessMonitor.scala:41)
	at org.eclipse.lsp4j.jsonrpc.json.StreamMessageProducer.handleMessage(StreamMessageProducer.java:189)
	at org.eclipse.lsp4j.jsonrpc.json.StreamMessageProducer.listen(StreamMessageProducer.java:97)
	at org.eclipse.lsp4j.jsonrpc.json.ConcurrentMessageProcessor.run(ConcurrentMessageProcessor.java:97)
	at java.util.concurrent.Executors$RunnableAdapter.call(Executors.java:572)
	at java.util.concurrent.FutureTask.run(FutureTask.java:317)
	at java.util.concurrent.ThreadPoolExecutor.runWorker(ThreadPoolExecutor.java:1144)
	at java.util.concurrent.ThreadPoolExecutor$Worker.run(ThreadPoolExecutor.java:642)
	at java.lang.Thread.run(Thread.java:1583)

2026.10.05 10:38:57 INFO  BSP server: WARNING: Unsupported request method: buildTarget/jvmRunEnvironment
2026.10.05 10:38:57 INFO  BSP server: Oct 05, 2026 10:38:57 AM org.eclipse.lsp4j.jsonrpc.services.GenericEndpoint request
2026.10.05 10:38:57 INFO  BSP server: WARNING: Unsupported request method: buildTarget/jvmRunEnvironment
2026.10.05 10:38:57 INFO  scala-cli should support `buildTarget/jvmRunEnvironment`, but it fails.
org.eclipse.lsp4j.jsonrpc.ResponseErrorException: Unsupported request method: buildTarget/jvmRunEnvironment
	at org.eclipse.lsp4j.jsonrpc.RemoteEndpoint.handleResponse(RemoteEndpoint.java:214)
	at org.eclipse.lsp4j.jsonrpc.RemoteEndpoint.consume(RemoteEndpoint.java:198)
	at scala.meta.internal.metals.RequestMonitorImpl$$anon$1.consume(ServerLivenessMonitor.scala:41)
	at org.eclipse.lsp4j.jsonrpc.json.StreamMessageProducer.handleMessage(StreamMessageProducer.java:189)
	at org.eclipse.lsp4j.jsonrpc.json.StreamMessageProducer.listen(StreamMessageProducer.java:97)
	at org.eclipse.lsp4j.jsonrpc.json.ConcurrentMessageProcessor.run(ConcurrentMessageProcessor.java:97)
	at java.util.concurrent.Executors$RunnableAdapter.call(Executors.java:572)
	at java.util.concurrent.FutureTask.run(FutureTask.java:317)
	at java.util.concurrent.ThreadPoolExecutor.runWorker(ThreadPoolExecutor.java:1144)
	at java.util.concurrent.ThreadPoolExecutor$Worker.run(ThreadPoolExecutor.java:642)
	at java.lang.Thread.run(Thread.java:1583)

2026.10.05 10:38:59 INFO  BSP server: Oct 05, 2026 10:38:59 AM org.eclipse.lsp4j.jsonrpc.services.GenericEndpoint request
2026.10.05 10:38:59 INFO  scala-cli should support `buildTarget/jvmRunEnvironment`, but it fails.
org.eclipse.lsp4j.jsonrpc.ResponseErrorException: Unsupported request method: buildTarget/jvmRunEnvironment
	at org.eclipse.lsp4j.jsonrpc.RemoteEndpoint.handleResponse(RemoteEndpoint.java:214)
	at org.eclipse.lsp4j.jsonrpc.RemoteEndpoint.consume(RemoteEndpoint.java:198)
	at scala.meta.internal.metals.RequestMonitorImpl$$anon$1.consume(ServerLivenessMonitor.scala:41)
	at org.eclipse.lsp4j.jsonrpc.json.StreamMessageProducer.handleMessage(StreamMessageProducer.java:189)
	at org.eclipse.lsp4j.jsonrpc.json.StreamMessageProducer.listen(StreamMessageProducer.java:97)
	at org.eclipse.lsp4j.jsonrpc.json.ConcurrentMessageProcessor.run(ConcurrentMessageProcessor.java:97)
	at java.util.concurrent.Executors$RunnableAdapter.call(Executors.java:572)
	at java.util.concurrent.FutureTask.run(FutureTask.java:317)
	at java.util.concurrent.ThreadPoolExecutor.runWorker(ThreadPoolExecutor.java:1144)
	at java.util.concurrent.ThreadPoolExecutor$Worker.run(ThreadPoolExecutor.java:642)
	at java.lang.Thread.run(Thread.java:1583)

2026.10.05 10:38:59 INFO  BSP server: WARNING: Unsupported request method: buildTarget/jvmRunEnvironment
2026.10.05 10:39:01 INFO  BSP server: Oct 05, 2026 10:39:01 AM org.eclipse.lsp4j.jsonrpc.services.GenericEndpoint request
2026.10.05 10:39:01 INFO  scala-cli should support `buildTarget/jvmRunEnvironment`, but it fails.
org.eclipse.lsp4j.jsonrpc.ResponseErrorException: Unsupported request method: buildTarget/jvmRunEnvironment
	at org.eclipse.lsp4j.jsonrpc.RemoteEndpoint.handleResponse(RemoteEndpoint.java:214)
	at org.eclipse.lsp4j.jsonrpc.RemoteEndpoint.consume(RemoteEndpoint.java:198)
	at scala.meta.internal.metals.RequestMonitorImpl$$anon$1.consume(ServerLivenessMonitor.scala:41)
	at org.eclipse.lsp4j.jsonrpc.json.StreamMessageProducer.handleMessage(StreamMessageProducer.java:189)
	at org.eclipse.lsp4j.jsonrpc.json.StreamMessageProducer.listen(StreamMessageProducer.java:97)
	at org.eclipse.lsp4j.jsonrpc.json.ConcurrentMessageProcessor.run(ConcurrentMessageProcessor.java:97)
	at java.util.concurrent.Executors$RunnableAdapter.call(Executors.java:572)
	at java.util.concurrent.FutureTask.run(FutureTask.java:317)
	at java.util.concurrent.ThreadPoolExecutor.runWorker(ThreadPoolExecutor.java:1144)
	at java.util.concurrent.ThreadPoolExecutor$Worker.run(ThreadPoolExecutor.java:642)
	at java.lang.Thread.run(Thread.java:1583)

2026.10.05 10:39:01 INFO  BSP server: WARNING: Unsupported request method: buildTarget/jvmRunEnvironment
2026.10.05 10:39:03 INFO  BSP server: Oct 05, 2026 10:39:03 AM org.eclipse.lsp4j.jsonrpc.services.GenericEndpoint request
2026.10.05 10:39:03 INFO  scala-cli should support `buildTarget/jvmRunEnvironment`, but it fails.
org.eclipse.lsp4j.jsonrpc.ResponseErrorException: Unsupported request method: buildTarget/jvmRunEnvironment
	at org.eclipse.lsp4j.jsonrpc.RemoteEndpoint.handleResponse(RemoteEndpoint.java:214)
	at org.eclipse.lsp4j.jsonrpc.RemoteEndpoint.consume(RemoteEndpoint.java:198)
	at scala.meta.internal.metals.RequestMonitorImpl$$anon$1.consume(ServerLivenessMonitor.scala:41)
	at org.eclipse.lsp4j.jsonrpc.json.StreamMessageProducer.handleMessage(StreamMessageProducer.java:189)
	at org.eclipse.lsp4j.jsonrpc.json.StreamMessageProducer.listen(StreamMessageProducer.java:97)
	at org.eclipse.lsp4j.jsonrpc.json.ConcurrentMessageProcessor.run(ConcurrentMessageProcessor.java:97)
	at java.util.concurrent.Executors$RunnableAdapter.call(Executors.java:572)
	at java.util.concurrent.FutureTask.run(FutureTask.java:317)
	at java.util.concurrent.ThreadPoolExecutor.runWorker(ThreadPoolExecutor.java:1144)
	at java.util.concurrent.ThreadPoolExecutor$Worker.run(ThreadPoolExecutor.java:642)
	at java.lang.Thread.run(Thread.java:1583)

2026.10.05 10:39:03 INFO  BSP server: WARNING: Unsupported request method: buildTarget/jvmRunEnvironment
2026.10.05 10:39:03 INFO  BSP server: Oct 05, 2026 10:39:04 AM org.eclipse.lsp4j.jsonrpc.services.GenericEndpoint request
2026.10.05 10:39:03 INFO  BSP server: WARNING: Unsupported request method: buildTarget/jvmRunEnvironment
2026.10.05 10:39:04 INFO  scala-cli should support `buildTarget/jvmRunEnvironment`, but it fails.
org.eclipse.lsp4j.jsonrpc.ResponseErrorException: Unsupported request method: buildTarget/jvmRunEnvironment
	at org.eclipse.lsp4j.jsonrpc.RemoteEndpoint.handleResponse(RemoteEndpoint.java:214)
	at org.eclipse.lsp4j.jsonrpc.RemoteEndpoint.consume(RemoteEndpoint.java:198)
	at scala.meta.internal.metals.RequestMonitorImpl$$anon$1.consume(ServerLivenessMonitor.scala:41)
	at org.eclipse.lsp4j.jsonrpc.json.StreamMessageProducer.handleMessage(StreamMessageProducer.java:189)
	at org.eclipse.lsp4j.jsonrpc.json.StreamMessageProducer.listen(StreamMessageProducer.java:97)
	at org.eclipse.lsp4j.jsonrpc.json.ConcurrentMessageProcessor.run(ConcurrentMessageProcessor.java:97)
	at java.util.concurrent.Executors$RunnableAdapter.call(Executors.java:572)
	at java.util.concurrent.FutureTask.run(FutureTask.java:317)
	at java.util.concurrent.ThreadPoolExecutor.runWorker(ThreadPoolExecutor.java:1144)
	at java.util.concurrent.ThreadPoolExecutor$Worker.run(ThreadPoolExecutor.java:642)
	at java.lang.Thread.run(Thread.java:1583)

2026.10.05 10:39:05 INFO  BSP server: Oct 05, 2026 10:39:05 AM org.eclipse.lsp4j.jsonrpc.services.GenericEndpoint request
2026.10.05 10:39:05 INFO  scala-cli should support `buildTarget/jvmRunEnvironment`, but it fails.
org.eclipse.lsp4j.jsonrpc.ResponseErrorException: Unsupported request method: buildTarget/jvmRunEnvironment
	at org.eclipse.lsp4j.jsonrpc.RemoteEndpoint.handleResponse(RemoteEndpoint.java:214)
	at org.eclipse.lsp4j.jsonrpc.RemoteEndpoint.consume(RemoteEndpoint.java:198)
	at scala.meta.internal.metals.RequestMonitorImpl$$anon$1.consume(ServerLivenessMonitor.scala:41)
	at org.eclipse.lsp4j.jsonrpc.json.StreamMessageProducer.handleMessage(StreamMessageProducer.java:189)
	at org.eclipse.lsp4j.jsonrpc.json.StreamMessageProducer.listen(StreamMessageProducer.java:97)
	at org.eclipse.lsp4j.jsonrpc.json.ConcurrentMessageProcessor.run(ConcurrentMessageProcessor.java:97)
	at java.util.concurrent.Executors$RunnableAdapter.call(Executors.java:572)
	at java.util.concurrent.FutureTask.run(FutureTask.java:317)
	at java.util.concurrent.ThreadPoolExecutor.runWorker(ThreadPoolExecutor.java:1144)
	at java.util.concurrent.ThreadPoolExecutor$Worker.run(ThreadPoolExecutor.java:642)
	at java.lang.Thread.run(Thread.java:1583)

2026.10.05 10:39:05 INFO  BSP server: WARNING: Unsupported request method: buildTarget/jvmRunEnvironment
2026.10.05 10:39:05 INFO  BSP server: Oct 05, 2026 10:39:05 AM org.eclipse.lsp4j.jsonrpc.services.GenericEndpoint request
2026.10.05 10:39:05 INFO  BSP server: WARNING: Unsupported request method: buildTarget/jvmRunEnvironment
2026.10.05 10:39:05 INFO  scala-cli should support `buildTarget/jvmRunEnvironment`, but it fails.
org.eclipse.lsp4j.jsonrpc.ResponseErrorException: Unsupported request method: buildTarget/jvmRunEnvironment
	at org.eclipse.lsp4j.jsonrpc.RemoteEndpoint.handleResponse(RemoteEndpoint.java:214)
	at org.eclipse.lsp4j.jsonrpc.RemoteEndpoint.consume(RemoteEndpoint.java:198)
	at scala.meta.internal.metals.RequestMonitorImpl$$anon$1.consume(ServerLivenessMonitor.scala:41)
	at org.eclipse.lsp4j.jsonrpc.json.StreamMessageProducer.handleMessage(StreamMessageProducer.java:189)
	at org.eclipse.lsp4j.jsonrpc.json.StreamMessageProducer.listen(StreamMessageProducer.java:97)
	at org.eclipse.lsp4j.jsonrpc.json.ConcurrentMessageProcessor.run(ConcurrentMessageProcessor.java:97)
	at java.util.concurrent.Executors$RunnableAdapter.call(Executors.java:572)
	at java.util.concurrent.FutureTask.run(FutureTask.java:317)
	at java.util.concurrent.ThreadPoolExecutor.runWorker(ThreadPoolExecutor.java:1144)
	at java.util.concurrent.ThreadPoolExecutor$Worker.run(ThreadPoolExecutor.java:642)
	at java.lang.Thread.run(Thread.java:1583)

2026.10.05 10:39:06 INFO  BSP server: Oct 05, 2026 10:39:06 AM org.eclipse.lsp4j.jsonrpc.services.GenericEndpoint request
2026.10.05 10:39:06 INFO  BSP server: WARNING: Unsupported request method: buildTarget/jvmRunEnvironment
2026.10.05 10:39:06 INFO  scala-cli should support `buildTarget/jvmRunEnvironment`, but it fails.
org.eclipse.lsp4j.jsonrpc.ResponseErrorException: Unsupported request method: buildTarget/jvmRunEnvironment
	at org.eclipse.lsp4j.jsonrpc.RemoteEndpoint.handleResponse(RemoteEndpoint.java:214)
	at org.eclipse.lsp4j.jsonrpc.RemoteEndpoint.consume(RemoteEndpoint.java:198)
	at scala.meta.internal.metals.RequestMonitorImpl$$anon$1.consume(ServerLivenessMonitor.scala:41)
	at org.eclipse.lsp4j.jsonrpc.json.StreamMessageProducer.handleMessage(StreamMessageProducer.java:189)
	at org.eclipse.lsp4j.jsonrpc.json.StreamMessageProducer.listen(StreamMessageProducer.java:97)
	at org.eclipse.lsp4j.jsonrpc.json.ConcurrentMessageProcessor.run(ConcurrentMessageProcessor.java:97)
	at java.util.concurrent.Executors$RunnableAdapter.call(Executors.java:572)
	at java.util.concurrent.FutureTask.run(FutureTask.java:317)
	at java.util.concurrent.ThreadPoolExecutor.runWorker(ThreadPoolExecutor.java:1144)
	at java.util.concurrent.ThreadPoolExecutor$Worker.run(ThreadPoolExecutor.java:642)
	at java.lang.Thread.run(Thread.java:1583)

2026.10.05 10:39:06 INFO  BSP server: Oct 05, 2026 10:39:07 AM org.eclipse.lsp4j.jsonrpc.services.GenericEndpoint request
2026.10.05 10:39:07 INFO  scala-cli should support `buildTarget/jvmRunEnvironment`, but it fails.
org.eclipse.lsp4j.jsonrpc.ResponseErrorException: Unsupported request method: buildTarget/jvmRunEnvironment
	at org.eclipse.lsp4j.jsonrpc.RemoteEndpoint.handleResponse(RemoteEndpoint.java:214)
	at org.eclipse.lsp4j.jsonrpc.RemoteEndpoint.consume(RemoteEndpoint.java:198)
	at scala.meta.internal.metals.RequestMonitorImpl$$anon$1.consume(ServerLivenessMonitor.scala:41)
	at org.eclipse.lsp4j.jsonrpc.json.StreamMessageProducer.handleMessage(StreamMessageProducer.java:189)
	at org.eclipse.lsp4j.jsonrpc.json.StreamMessageProducer.listen(StreamMessageProducer.java:97)
	at org.eclipse.lsp4j.jsonrpc.json.ConcurrentMessageProcessor.run(ConcurrentMessageProcessor.java:97)
	at java.util.concurrent.Executors$RunnableAdapter.call(Executors.java:572)
	at java.util.concurrent.FutureTask.run(FutureTask.java:317)
	at java.util.concurrent.ThreadPoolExecutor.runWorker(ThreadPoolExecutor.java:1144)
	at java.util.concurrent.ThreadPoolExecutor$Worker.run(ThreadPoolExecutor.java:642)
	at java.lang.Thread.run(Thread.java:1583)

2026.10.05 10:39:06 INFO  BSP server: WARNING: Unsupported request method: buildTarget/jvmRunEnvironment
2026.10.05 10:39:08 INFO  BSP server: Oct 05, 2026 10:39:08 AM org.eclipse.lsp4j.jsonrpc.services.GenericEndpoint request
2026.10.05 10:39:08 INFO  scala-cli should support `buildTarget/jvmRunEnvironment`, but it fails.
org.eclipse.lsp4j.jsonrpc.ResponseErrorException: Unsupported request method: buildTarget/jvmRunEnvironment
	at org.eclipse.lsp4j.jsonrpc.RemoteEndpoint.handleResponse(RemoteEndpoint.java:214)
	at org.eclipse.lsp4j.jsonrpc.RemoteEndpoint.consume(RemoteEndpoint.java:198)
	at scala.meta.internal.metals.RequestMonitorImpl$$anon$1.consume(ServerLivenessMonitor.scala:41)
	at org.eclipse.lsp4j.jsonrpc.json.StreamMessageProducer.handleMessage(StreamMessageProducer.java:189)
	at org.eclipse.lsp4j.jsonrpc.json.StreamMessageProducer.listen(StreamMessageProducer.java:97)
	at org.eclipse.lsp4j.jsonrpc.json.ConcurrentMessageProcessor.run(ConcurrentMessageProcessor.java:97)
	at java.util.concurrent.Executors$RunnableAdapter.call(Executors.java:572)
	at java.util.concurrent.FutureTask.run(FutureTask.java:317)
	at java.util.concurrent.ThreadPoolExecutor.runWorker(ThreadPoolExecutor.java:1144)
	at java.util.concurrent.ThreadPoolExecutor$Worker.run(ThreadPoolExecutor.java:642)
	at java.lang.Thread.run(Thread.java:1583)

2026.10.05 10:39:08 INFO  BSP server: WARNING: Unsupported request method: buildTarget/jvmRunEnvironment
2026.10.05 10:39:08 INFO  BSP server: Oct 05, 2026 10:39:09 AM org.eclipse.lsp4j.jsonrpc.services.GenericEndpoint request
2026.10.05 10:39:08 INFO  BSP server: WARNING: Unsupported request method: buildTarget/jvmRunEnvironment
2026.10.05 10:39:09 INFO  scala-cli should support `buildTarget/jvmRunEnvironment`, but it fails.
org.eclipse.lsp4j.jsonrpc.ResponseErrorException: Unsupported request method: buildTarget/jvmRunEnvironment
	at org.eclipse.lsp4j.jsonrpc.RemoteEndpoint.handleResponse(RemoteEndpoint.java:214)
	at org.eclipse.lsp4j.jsonrpc.RemoteEndpoint.consume(RemoteEndpoint.java:198)
	at scala.meta.internal.metals.RequestMonitorImpl$$anon$1.consume(ServerLivenessMonitor.scala:41)
	at org.eclipse.lsp4j.jsonrpc.json.StreamMessageProducer.handleMessage(StreamMessageProducer.java:189)
	at org.eclipse.lsp4j.jsonrpc.json.StreamMessageProducer.listen(StreamMessageProducer.java:97)
	at org.eclipse.lsp4j.jsonrpc.json.ConcurrentMessageProcessor.run(ConcurrentMessageProcessor.java:97)
	at java.util.concurrent.Executors$RunnableAdapter.call(Executors.java:572)
	at java.util.concurrent.FutureTask.run(FutureTask.java:317)
	at java.util.concurrent.ThreadPoolExecutor.runWorker(ThreadPoolExecutor.java:1144)
	at java.util.concurrent.ThreadPoolExecutor$Worker.run(ThreadPoolExecutor.java:642)
	at java.lang.Thread.run(Thread.java:1583)

2026.10.05 10:39:11 INFO  BSP server: Oct 05, 2026 10:39:11 AM org.eclipse.lsp4j.jsonrpc.services.GenericEndpoint request
2026.10.05 10:39:11 INFO  BSP server: WARNING: Unsupported request method: buildTarget/jvmRunEnvironment
2026.10.05 10:39:11 INFO  scala-cli should support `buildTarget/jvmRunEnvironment`, but it fails.
org.eclipse.lsp4j.jsonrpc.ResponseErrorException: Unsupported request method: buildTarget/jvmRunEnvironment
	at org.eclipse.lsp4j.jsonrpc.RemoteEndpoint.handleResponse(RemoteEndpoint.java:214)
	at org.eclipse.lsp4j.jsonrpc.RemoteEndpoint.consume(RemoteEndpoint.java:198)
	at scala.meta.internal.metals.RequestMonitorImpl$$anon$1.consume(ServerLivenessMonitor.scala:41)
	at org.eclipse.lsp4j.jsonrpc.json.StreamMessageProducer.handleMessage(StreamMessageProducer.java:189)
	at org.eclipse.lsp4j.jsonrpc.json.StreamMessageProducer.listen(StreamMessageProducer.java:97)
	at org.eclipse.lsp4j.jsonrpc.json.ConcurrentMessageProcessor.run(ConcurrentMessageProcessor.java:97)
	at java.util.concurrent.Executors$RunnableAdapter.call(Executors.java:572)
	at java.util.concurrent.FutureTask.run(FutureTask.java:317)
	at java.util.concurrent.ThreadPoolExecutor.runWorker(ThreadPoolExecutor.java:1144)
	at java.util.concurrent.ThreadPoolExecutor$Worker.run(ThreadPoolExecutor.java:642)
	at java.lang.Thread.run(Thread.java:1583)

2026.10.05 10:39:11 INFO  BSP server: Oct 05, 2026 10:39:12 AM org.eclipse.lsp4j.jsonrpc.services.GenericEndpoint request
2026.10.05 10:39:11 INFO  BSP server: WARNING: Unsupported request method: buildTarget/jvmRunEnvironment
2026.10.05 10:39:12 INFO  scala-cli should support `buildTarget/jvmRunEnvironment`, but it fails.
org.eclipse.lsp4j.jsonrpc.ResponseErrorException: Unsupported request method: buildTarget/jvmRunEnvironment
	at org.eclipse.lsp4j.jsonrpc.RemoteEndpoint.handleResponse(RemoteEndpoint.java:214)
	at org.eclipse.lsp4j.jsonrpc.RemoteEndpoint.consume(RemoteEndpoint.java:198)
	at scala.meta.internal.metals.RequestMonitorImpl$$anon$1.consume(ServerLivenessMonitor.scala:41)
	at org.eclipse.lsp4j.jsonrpc.json.StreamMessageProducer.handleMessage(StreamMessageProducer.java:189)
	at org.eclipse.lsp4j.jsonrpc.json.StreamMessageProducer.listen(StreamMessageProducer.java:97)
	at org.eclipse.lsp4j.jsonrpc.json.ConcurrentMessageProcessor.run(ConcurrentMessageProcessor.java:97)
	at java.util.concurrent.Executors$RunnableAdapter.call(Executors.java:572)
	at java.util.concurrent.FutureTask.run(FutureTask.java:317)
	at java.util.concurrent.ThreadPoolExecutor.runWorker(ThreadPoolExecutor.java:1144)
	at java.util.concurrent.ThreadPoolExecutor$Worker.run(ThreadPoolExecutor.java:642)
	at java.lang.Thread.run(Thread.java:1583)

2026.10.05 10:39:12 INFO  BSP server: Oct 05, 2026 10:39:12 AM org.eclipse.lsp4j.jsonrpc.services.GenericEndpoint request
2026.10.05 10:39:12 INFO  BSP server: WARNING: Unsupported request method: buildTarget/jvmRunEnvironment
2026.10.05 10:39:12 INFO  scala-cli should support `buildTarget/jvmRunEnvironment`, but it fails.
org.eclipse.lsp4j.jsonrpc.ResponseErrorException: Unsupported request method: buildTarget/jvmRunEnvironment
	at org.eclipse.lsp4j.jsonrpc.RemoteEndpoint.handleResponse(RemoteEndpoint.java:214)
	at org.eclipse.lsp4j.jsonrpc.RemoteEndpoint.consume(RemoteEndpoint.java:198)
	at scala.meta.internal.metals.RequestMonitorImpl$$anon$1.consume(ServerLivenessMonitor.scala:41)
	at org.eclipse.lsp4j.jsonrpc.json.StreamMessageProducer.handleMessage(StreamMessageProducer.java:189)
	at org.eclipse.lsp4j.jsonrpc.json.StreamMessageProducer.listen(StreamMessageProducer.java:97)
	at org.eclipse.lsp4j.jsonrpc.json.ConcurrentMessageProcessor.run(ConcurrentMessageProcessor.java:97)
	at java.util.concurrent.Executors$RunnableAdapter.call(Executors.java:572)
	at java.util.concurrent.FutureTask.run(FutureTask.java:317)
	at java.util.concurrent.ThreadPoolExecutor.runWorker(ThreadPoolExecutor.java:1144)
	at java.util.concurrent.ThreadPoolExecutor$Worker.run(ThreadPoolExecutor.java:642)
	at java.lang.Thread.run(Thread.java:1583)

2026.10.05 10:39:12 INFO  BSP server: Oct 05, 2026 10:39:13 AM org.eclipse.lsp4j.jsonrpc.services.GenericEndpoint request
2026.10.05 10:39:12 INFO  BSP server: WARNING: Unsupported request method: buildTarget/jvmRunEnvironment
2026.10.05 10:39:13 INFO  scala-cli should support `buildTarget/jvmRunEnvironment`, but it fails.
org.eclipse.lsp4j.jsonrpc.ResponseErrorException: Unsupported request method: buildTarget/jvmRunEnvironment
	at org.eclipse.lsp4j.jsonrpc.RemoteEndpoint.handleResponse(RemoteEndpoint.java:214)
	at org.eclipse.lsp4j.jsonrpc.RemoteEndpoint.consume(RemoteEndpoint.java:198)
	at scala.meta.internal.metals.RequestMonitorImpl$$anon$1.consume(ServerLivenessMonitor.scala:41)
	at org.eclipse.lsp4j.jsonrpc.json.StreamMessageProducer.handleMessage(StreamMessageProducer.java:189)
	at org.eclipse.lsp4j.jsonrpc.json.StreamMessageProducer.listen(StreamMessageProducer.java:97)
	at org.eclipse.lsp4j.jsonrpc.json.ConcurrentMessageProcessor.run(ConcurrentMessageProcessor.java:97)
	at java.util.concurrent.Executors$RunnableAdapter.call(Executors.java:572)
	at java.util.concurrent.FutureTask.run(FutureTask.java:317)
	at java.util.concurrent.ThreadPoolExecutor.runWorker(ThreadPoolExecutor.java:1144)
	at java.util.concurrent.ThreadPoolExecutor$Worker.run(ThreadPoolExecutor.java:642)
	at java.lang.Thread.run(Thread.java:1583)

2026.10.05 10:39:14 INFO  BSP server: Oct 05, 2026 10:39:14 AM org.eclipse.lsp4j.jsonrpc.services.GenericEndpoint request
2026.10.05 10:39:14 INFO  BSP server: WARNING: Unsupported request method: buildTarget/jvmRunEnvironment
2026.10.05 10:39:14 INFO  scala-cli should support `buildTarget/jvmRunEnvironment`, but it fails.
org.eclipse.lsp4j.jsonrpc.ResponseErrorException: Unsupported request method: buildTarget/jvmRunEnvironment
	at org.eclipse.lsp4j.jsonrpc.RemoteEndpoint.handleResponse(RemoteEndpoint.java:214)
	at org.eclipse.lsp4j.jsonrpc.RemoteEndpoint.consume(RemoteEndpoint.java:198)
	at scala.meta.internal.metals.RequestMonitorImpl$$anon$1.consume(ServerLivenessMonitor.scala:41)
	at org.eclipse.lsp4j.jsonrpc.json.StreamMessageProducer.handleMessage(StreamMessageProducer.java:189)
	at org.eclipse.lsp4j.jsonrpc.json.StreamMessageProducer.listen(StreamMessageProducer.java:97)
	at org.eclipse.lsp4j.jsonrpc.json.ConcurrentMessageProcessor.run(ConcurrentMessageProcessor.java:97)
	at java.util.concurrent.Executors$RunnableAdapter.call(Executors.java:572)
	at java.util.concurrent.FutureTask.run(FutureTask.java:317)
	at java.util.concurrent.ThreadPoolExecutor.runWorker(ThreadPoolExecutor.java:1144)
	at java.util.concurrent.ThreadPoolExecutor$Worker.run(ThreadPoolExecutor.java:642)
	at java.lang.Thread.run(Thread.java:1583)

2026.10.05 10:39:15 INFO  BSP server: Oct 05, 2026 10:39:15 AM org.eclipse.lsp4j.jsonrpc.services.GenericEndpoint request
2026.10.05 10:39:15 INFO  scala-cli should support `buildTarget/jvmRunEnvironment`, but it fails.
org.eclipse.lsp4j.jsonrpc.ResponseErrorException: Unsupported request method: buildTarget/jvmRunEnvironment
	at org.eclipse.lsp4j.jsonrpc.RemoteEndpoint.handleResponse(RemoteEndpoint.java:214)
	at org.eclipse.lsp4j.jsonrpc.RemoteEndpoint.consume(RemoteEndpoint.java:198)
	at scala.meta.internal.metals.RequestMonitorImpl$$anon$1.consume(ServerLivenessMonitor.scala:41)
	at org.eclipse.lsp4j.jsonrpc.json.StreamMessageProducer.handleMessage(StreamMessageProducer.java:189)
	at org.eclipse.lsp4j.jsonrpc.json.StreamMessageProducer.listen(StreamMessageProducer.java:97)
	at org.eclipse.lsp4j.jsonrpc.json.ConcurrentMessageProcessor.run(ConcurrentMessageProcessor.java:97)
	at java.util.concurrent.Executors$RunnableAdapter.call(Executors.java:572)
	at java.util.concurrent.FutureTask.run(FutureTask.java:317)
	at java.util.concurrent.ThreadPoolExecutor.runWorker(ThreadPoolExecutor.java:1144)
	at java.util.concurrent.ThreadPoolExecutor$Worker.run(ThreadPoolExecutor.java:642)
	at java.lang.Thread.run(Thread.java:1583)

2026.10.05 10:39:15 INFO  BSP server: WARNING: Unsupported request method: buildTarget/jvmRunEnvironment
2026.10.05 10:39:15 INFO  BSP server: Oct 05, 2026 10:39:15 AM org.eclipse.lsp4j.jsonrpc.services.GenericEndpoint request
2026.10.05 10:39:15 INFO  BSP server: WARNING: Unsupported request method: buildTarget/jvmRunEnvironment
2026.10.05 10:39:15 INFO  scala-cli should support `buildTarget/jvmRunEnvironment`, but it fails.
org.eclipse.lsp4j.jsonrpc.ResponseErrorException: Unsupported request method: buildTarget/jvmRunEnvironment
	at org.eclipse.lsp4j.jsonrpc.RemoteEndpoint.handleResponse(RemoteEndpoint.java:214)
	at org.eclipse.lsp4j.jsonrpc.RemoteEndpoint.consume(RemoteEndpoint.java:198)
	at scala.meta.internal.metals.RequestMonitorImpl$$anon$1.consume(ServerLivenessMonitor.scala:41)
	at org.eclipse.lsp4j.jsonrpc.json.StreamMessageProducer.handleMessage(StreamMessageProducer.java:189)
	at org.eclipse.lsp4j.jsonrpc.json.StreamMessageProducer.listen(StreamMessageProducer.java:97)
	at org.eclipse.lsp4j.jsonrpc.json.ConcurrentMessageProcessor.run(ConcurrentMessageProcessor.java:97)
	at java.util.concurrent.Executors$RunnableAdapter.call(Executors.java:572)
	at java.util.concurrent.FutureTask.run(FutureTask.java:317)
	at java.util.concurrent.ThreadPoolExecutor.runWorker(ThreadPoolExecutor.java:1144)
	at java.util.concurrent.ThreadPoolExecutor$Worker.run(ThreadPoolExecutor.java:642)
	at java.lang.Thread.run(Thread.java:1583)

2026.10.05 10:39:16 INFO  BSP server: Oct 05, 2026 10:39:16 AM org.eclipse.lsp4j.jsonrpc.services.GenericEndpoint request
2026.10.05 10:39:16 INFO  BSP server: WARNING: Unsupported request method: buildTarget/jvmRunEnvironment
2026.10.05 10:39:16 INFO  scala-cli should support `buildTarget/jvmRunEnvironment`, but it fails.
org.eclipse.lsp4j.jsonrpc.ResponseErrorException: Unsupported request method: buildTarget/jvmRunEnvironment
	at org.eclipse.lsp4j.jsonrpc.RemoteEndpoint.handleResponse(RemoteEndpoint.java:214)
	at org.eclipse.lsp4j.jsonrpc.RemoteEndpoint.consume(RemoteEndpoint.java:198)
	at scala.meta.internal.metals.RequestMonitorImpl$$anon$1.consume(ServerLivenessMonitor.scala:41)
	at org.eclipse.lsp4j.jsonrpc.json.StreamMessageProducer.handleMessage(StreamMessageProducer.java:189)
	at org.eclipse.lsp4j.jsonrpc.json.StreamMessageProducer.listen(StreamMessageProducer.java:97)
	at org.eclipse.lsp4j.jsonrpc.json.ConcurrentMessageProcessor.run(ConcurrentMessageProcessor.java:97)
	at java.util.concurrent.Executors$RunnableAdapter.call(Executors.java:572)
	at java.util.concurrent.FutureTask.run(FutureTask.java:317)
	at java.util.concurrent.ThreadPoolExecutor.runWorker(ThreadPoolExecutor.java:1144)
	at java.util.concurrent.ThreadPoolExecutor$Worker.run(ThreadPoolExecutor.java:642)
	at java.lang.Thread.run(Thread.java:1583)

2026.10.05 10:39:16 INFO  BSP server: Oct 05, 2026 10:39:16 AM org.eclipse.lsp4j.jsonrpc.services.GenericEndpoint request
2026.10.05 10:39:16 INFO  BSP server: WARNING: Unsupported request method: buildTarget/jvmRunEnvironment
2026.10.05 10:39:16 INFO  scala-cli should support `buildTarget/jvmRunEnvironment`, but it fails.
org.eclipse.lsp4j.jsonrpc.ResponseErrorException: Unsupported request method: buildTarget/jvmRunEnvironment
	at org.eclipse.lsp4j.jsonrpc.RemoteEndpoint.handleResponse(RemoteEndpoint.java:214)
	at org.eclipse.lsp4j.jsonrpc.RemoteEndpoint.consume(RemoteEndpoint.java:198)
	at scala.meta.internal.metals.RequestMonitorImpl$$anon$1.consume(ServerLivenessMonitor.scala:41)
	at org.eclipse.lsp4j.jsonrpc.json.StreamMessageProducer.handleMessage(StreamMessageProducer.java:189)
	at org.eclipse.lsp4j.jsonrpc.json.StreamMessageProducer.listen(StreamMessageProducer.java:97)
	at org.eclipse.lsp4j.jsonrpc.json.ConcurrentMessageProcessor.run(ConcurrentMessageProcessor.java:97)
	at java.util.concurrent.Executors$RunnableAdapter.call(Executors.java:572)
	at java.util.concurrent.FutureTask.run(FutureTask.java:317)
	at java.util.concurrent.ThreadPoolExecutor.runWorker(ThreadPoolExecutor.java:1144)
	at java.util.concurrent.ThreadPoolExecutor$Worker.run(ThreadPoolExecutor.java:642)
	at java.lang.Thread.run(Thread.java:1583)

2026.10.05 10:39:17 INFO  BSP server: Oct 05, 2026 10:39:17 AM org.eclipse.lsp4j.jsonrpc.services.GenericEndpoint request
2026.10.05 10:39:17 INFO  BSP server: WARNING: Unsupported request method: buildTarget/jvmRunEnvironment
2026.10.05 10:39:17 INFO  scala-cli should support `buildTarget/jvmRunEnvironment`, but it fails.
org.eclipse.lsp4j.jsonrpc.ResponseErrorException: Unsupported request method: buildTarget/jvmRunEnvironment
	at org.eclipse.lsp4j.jsonrpc.RemoteEndpoint.handleResponse(RemoteEndpoint.java:214)
	at org.eclipse.lsp4j.jsonrpc.RemoteEndpoint.consume(RemoteEndpoint.java:198)
	at scala.meta.internal.metals.RequestMonitorImpl$$anon$1.consume(ServerLivenessMonitor.scala:41)
	at org.eclipse.lsp4j.jsonrpc.json.StreamMessageProducer.handleMessage(StreamMessageProducer.java:189)
	at org.eclipse.lsp4j.jsonrpc.json.StreamMessageProducer.listen(StreamMessageProducer.java:97)
	at org.eclipse.lsp4j.jsonrpc.json.ConcurrentMessageProcessor.run(ConcurrentMessageProcessor.java:97)
	at java.util.concurrent.Executors$RunnableAdapter.call(Executors.java:572)
	at java.util.concurrent.FutureTask.run(FutureTask.java:317)
	at java.util.concurrent.ThreadPoolExecutor.runWorker(ThreadPoolExecutor.java:1144)
	at java.util.concurrent.ThreadPoolExecutor$Worker.run(ThreadPoolExecutor.java:642)
	at java.lang.Thread.run(Thread.java:1583)

2026.10.05 10:39:19 INFO  BSP server: Oct 05, 2026 10:39:19 AM org.eclipse.lsp4j.jsonrpc.services.GenericEndpoint request
2026.10.05 10:39:19 INFO  BSP server: WARNING: Unsupported request method: buildTarget/jvmRunEnvironment
2026.10.05 10:39:19 INFO  scala-cli should support `buildTarget/jvmRunEnvironment`, but it fails.
org.eclipse.lsp4j.jsonrpc.ResponseErrorException: Unsupported request method: buildTarget/jvmRunEnvironment
	at org.eclipse.lsp4j.jsonrpc.RemoteEndpoint.handleResponse(RemoteEndpoint.java:214)
	at org.eclipse.lsp4j.jsonrpc.RemoteEndpoint.consume(RemoteEndpoint.java:198)
	at scala.meta.internal.metals.RequestMonitorImpl$$anon$1.consume(ServerLivenessMonitor.scala:41)
	at org.eclipse.lsp4j.jsonrpc.json.StreamMessageProducer.handleMessage(StreamMessageProducer.java:189)
	at org.eclipse.lsp4j.jsonrpc.json.StreamMessageProducer.listen(StreamMessageProducer.java:97)
	at org.eclipse.lsp4j.jsonrpc.json.ConcurrentMessageProcessor.run(ConcurrentMessageProcessor.java:97)
	at java.util.concurrent.Executors$RunnableAdapter.call(Executors.java:572)
	at java.util.concurrent.FutureTask.run(FutureTask.java:317)
	at java.util.concurrent.ThreadPoolExecutor.runWorker(ThreadPoolExecutor.java:1144)
	at java.util.concurrent.ThreadPoolExecutor$Worker.run(ThreadPoolExecutor.java:642)
	at java.lang.Thread.run(Thread.java:1583)

2026.10.05 10:39:19 INFO  BSP server: Oct 05, 2026 10:39:19 AM org.eclipse.lsp4j.jsonrpc.services.GenericEndpoint request
2026.10.05 10:39:19 INFO  BSP server: WARNING: Unsupported request method: buildTarget/jvmRunEnvironment
2026.10.05 10:39:19 INFO  scala-cli should support `buildTarget/jvmRunEnvironment`, but it fails.
org.eclipse.lsp4j.jsonrpc.ResponseErrorException: Unsupported request method: buildTarget/jvmRunEnvironment
	at org.eclipse.lsp4j.jsonrpc.RemoteEndpoint.handleResponse(RemoteEndpoint.java:214)
	at org.eclipse.lsp4j.jsonrpc.RemoteEndpoint.consume(RemoteEndpoint.java:198)
	at scala.meta.internal.metals.RequestMonitorImpl$$anon$1.consume(ServerLivenessMonitor.scala:41)
	at org.eclipse.lsp4j.jsonrpc.json.StreamMessageProducer.handleMessage(StreamMessageProducer.java:189)
	at org.eclipse.lsp4j.jsonrpc.json.StreamMessageProducer.listen(StreamMessageProducer.java:97)
	at org.eclipse.lsp4j.jsonrpc.json.ConcurrentMessageProcessor.run(ConcurrentMessageProcessor.java:97)
	at java.util.concurrent.Executors$RunnableAdapter.call(Executors.java:572)
	at java.util.concurrent.FutureTask.run(FutureTask.java:317)
	at java.util.concurrent.ThreadPoolExecutor.runWorker(ThreadPoolExecutor.java:1144)
	at java.util.concurrent.ThreadPoolExecutor$Worker.run(ThreadPoolExecutor.java:642)
	at java.lang.Thread.run(Thread.java:1583)

2026.10.05 10:39:20 INFO  BSP server: Oct 05, 2026 10:39:20 AM org.eclipse.lsp4j.jsonrpc.services.GenericEndpoint request
2026.10.05 10:39:20 INFO  BSP server: WARNING: Unsupported request method: buildTarget/jvmRunEnvironment
2026.10.05 10:39:20 INFO  scala-cli should support `buildTarget/jvmRunEnvironment`, but it fails.
org.eclipse.lsp4j.jsonrpc.ResponseErrorException: Unsupported request method: buildTarget/jvmRunEnvironment
	at org.eclipse.lsp4j.jsonrpc.RemoteEndpoint.handleResponse(RemoteEndpoint.java:214)
	at org.eclipse.lsp4j.jsonrpc.RemoteEndpoint.consume(RemoteEndpoint.java:198)
	at scala.meta.internal.metals.RequestMonitorImpl$$anon$1.consume(ServerLivenessMonitor.scala:41)
	at org.eclipse.lsp4j.jsonrpc.json.StreamMessageProducer.handleMessage(StreamMessageProducer.java:189)
	at org.eclipse.lsp4j.jsonrpc.json.StreamMessageProducer.listen(StreamMessageProducer.java:97)
	at org.eclipse.lsp4j.jsonrpc.json.ConcurrentMessageProcessor.run(ConcurrentMessageProcessor.java:97)
	at java.util.concurrent.Executors$RunnableAdapter.call(Executors.java:572)
	at java.util.concurrent.FutureTask.run(FutureTask.java:317)
	at java.util.concurrent.ThreadPoolExecutor.runWorker(ThreadPoolExecutor.java:1144)
	at java.util.concurrent.ThreadPoolExecutor$Worker.run(ThreadPoolExecutor.java:642)
	at java.lang.Thread.run(Thread.java:1583)

2026.10.05 10:39:20 INFO  BSP server: Oct 05, 2026 10:39:21 AM org.eclipse.lsp4j.jsonrpc.services.GenericEndpoint request
2026.10.05 10:39:20 INFO  BSP server: WARNING: Unsupported request method: buildTarget/jvmRunEnvironment
2026.10.05 10:39:21 INFO  scala-cli should support `buildTarget/jvmRunEnvironment`, but it fails.
org.eclipse.lsp4j.jsonrpc.ResponseErrorException: Unsupported request method: buildTarget/jvmRunEnvironment
	at org.eclipse.lsp4j.jsonrpc.RemoteEndpoint.handleResponse(RemoteEndpoint.java:214)
	at org.eclipse.lsp4j.jsonrpc.RemoteEndpoint.consume(RemoteEndpoint.java:198)
	at scala.meta.internal.metals.RequestMonitorImpl$$anon$1.consume(ServerLivenessMonitor.scala:41)
	at org.eclipse.lsp4j.jsonrpc.json.StreamMessageProducer.handleMessage(StreamMessageProducer.java:189)
	at org.eclipse.lsp4j.jsonrpc.json.StreamMessageProducer.listen(StreamMessageProducer.java:97)
	at org.eclipse.lsp4j.jsonrpc.json.ConcurrentMessageProcessor.run(ConcurrentMessageProcessor.java:97)
	at java.util.concurrent.Executors$RunnableAdapter.call(Executors.java:572)
	at java.util.concurrent.FutureTask.run(FutureTask.java:317)
	at java.util.concurrent.ThreadPoolExecutor.runWorker(ThreadPoolExecutor.java:1144)
	at java.util.concurrent.ThreadPoolExecutor$Worker.run(ThreadPoolExecutor.java:642)
	at java.lang.Thread.run(Thread.java:1583)

2026.10.05 10:39:21 INFO  BSP server: Oct 05, 2026 10:39:21 AM org.eclipse.lsp4j.jsonrpc.services.GenericEndpoint request
2026.10.05 10:39:21 INFO  BSP server: WARNING: Unsupported request method: buildTarget/jvmRunEnvironment
2026.10.05 10:39:21 INFO  scala-cli should support `buildTarget/jvmRunEnvironment`, but it fails.
org.eclipse.lsp4j.jsonrpc.ResponseErrorException: Unsupported request method: buildTarget/jvmRunEnvironment
	at org.eclipse.lsp4j.jsonrpc.RemoteEndpoint.handleResponse(RemoteEndpoint.java:214)
	at org.eclipse.lsp4j.jsonrpc.RemoteEndpoint.consume(RemoteEndpoint.java:198)
	at scala.meta.internal.metals.RequestMonitorImpl$$anon$1.consume(ServerLivenessMonitor.scala:41)
	at org.eclipse.lsp4j.jsonrpc.json.StreamMessageProducer.handleMessage(StreamMessageProducer.java:189)
	at org.eclipse.lsp4j.jsonrpc.json.StreamMessageProducer.listen(StreamMessageProducer.java:97)
	at org.eclipse.lsp4j.jsonrpc.json.ConcurrentMessageProcessor.run(ConcurrentMessageProcessor.java:97)
	at java.util.concurrent.Executors$RunnableAdapter.call(Executors.java:572)
	at java.util.concurrent.FutureTask.run(FutureTask.java:317)
	at java.util.concurrent.ThreadPoolExecutor.runWorker(ThreadPoolExecutor.java:1144)
	at java.util.concurrent.ThreadPoolExecutor$Worker.run(ThreadPoolExecutor.java:642)
	at java.lang.Thread.run(Thread.java:1583)

2026.10.05 10:39:21 INFO  BSP server: Oct 05, 2026 10:39:22 AM org.eclipse.lsp4j.jsonrpc.services.GenericEndpoint request
2026.10.05 10:39:21 INFO  BSP server: WARNING: Unsupported request method: buildTarget/jvmRunEnvironment
2026.10.05 10:39:22 INFO  scala-cli should support `buildTarget/jvmRunEnvironment`, but it fails.
org.eclipse.lsp4j.jsonrpc.ResponseErrorException: Unsupported request method: buildTarget/jvmRunEnvironment
	at org.eclipse.lsp4j.jsonrpc.RemoteEndpoint.handleResponse(RemoteEndpoint.java:214)
	at org.eclipse.lsp4j.jsonrpc.RemoteEndpoint.consume(RemoteEndpoint.java:198)
	at scala.meta.internal.metals.RequestMonitorImpl$$anon$1.consume(ServerLivenessMonitor.scala:41)
	at org.eclipse.lsp4j.jsonrpc.json.StreamMessageProducer.handleMessage(StreamMessageProducer.java:189)
	at org.eclipse.lsp4j.jsonrpc.json.StreamMessageProducer.listen(StreamMessageProducer.java:97)
	at org.eclipse.lsp4j.jsonrpc.json.ConcurrentMessageProcessor.run(ConcurrentMessageProcessor.java:97)
	at java.util.concurrent.Executors$RunnableAdapter.call(Executors.java:572)
	at java.util.concurrent.FutureTask.run(FutureTask.java:317)
	at java.util.concurrent.ThreadPoolExecutor.runWorker(ThreadPoolExecutor.java:1144)
	at java.util.concurrent.ThreadPoolExecutor$Worker.run(ThreadPoolExecutor.java:642)
	at java.lang.Thread.run(Thread.java:1583)

2026.10.05 10:39:23 INFO  BSP server: Oct 05, 2026 10:39:23 AM org.eclipse.lsp4j.jsonrpc.services.GenericEndpoint request
2026.10.05 10:39:23 INFO  BSP server: WARNING: Unsupported request method: buildTarget/jvmRunEnvironment
2026.10.05 10:39:23 INFO  scala-cli should support `buildTarget/jvmRunEnvironment`, but it fails.
org.eclipse.lsp4j.jsonrpc.ResponseErrorException: Unsupported request method: buildTarget/jvmRunEnvironment
	at org.eclipse.lsp4j.jsonrpc.RemoteEndpoint.handleResponse(RemoteEndpoint.java:214)
	at org.eclipse.lsp4j.jsonrpc.RemoteEndpoint.consume(RemoteEndpoint.java:198)
	at scala.meta.internal.metals.RequestMonitorImpl$$anon$1.consume(ServerLivenessMonitor.scala:41)
	at org.eclipse.lsp4j.jsonrpc.json.StreamMessageProducer.handleMessage(StreamMessageProducer.java:189)
	at org.eclipse.lsp4j.jsonrpc.json.StreamMessageProducer.listen(StreamMessageProducer.java:97)
	at org.eclipse.lsp4j.jsonrpc.json.ConcurrentMessageProcessor.run(ConcurrentMessageProcessor.java:97)
	at java.util.concurrent.Executors$RunnableAdapter.call(Executors.java:572)
	at java.util.concurrent.FutureTask.run(FutureTask.java:317)
	at java.util.concurrent.ThreadPoolExecutor.runWorker(ThreadPoolExecutor.java:1144)
	at java.util.concurrent.ThreadPoolExecutor$Worker.run(ThreadPoolExecutor.java:642)
	at java.lang.Thread.run(Thread.java:1583)

2026.10.05 10:39:23 INFO  BSP server: Oct 05, 2026 10:39:23 AM org.eclipse.lsp4j.jsonrpc.services.GenericEndpoint request
2026.10.05 10:39:23 INFO  BSP server: WARNING: Unsupported request method: buildTarget/jvmRunEnvironment
2026.10.05 10:39:23 INFO  scala-cli should support `buildTarget/jvmRunEnvironment`, but it fails.
org.eclipse.lsp4j.jsonrpc.ResponseErrorException: Unsupported request method: buildTarget/jvmRunEnvironment
	at org.eclipse.lsp4j.jsonrpc.RemoteEndpoint.handleResponse(RemoteEndpoint.java:214)
	at org.eclipse.lsp4j.jsonrpc.RemoteEndpoint.consume(RemoteEndpoint.java:198)
	at scala.meta.internal.metals.RequestMonitorImpl$$anon$1.consume(ServerLivenessMonitor.scala:41)
	at org.eclipse.lsp4j.jsonrpc.json.StreamMessageProducer.handleMessage(StreamMessageProducer.java:189)
	at org.eclipse.lsp4j.jsonrpc.json.StreamMessageProducer.listen(StreamMessageProducer.java:97)
	at org.eclipse.lsp4j.jsonrpc.json.ConcurrentMessageProcessor.run(ConcurrentMessageProcessor.java:97)
	at java.util.concurrent.Executors$RunnableAdapter.call(Executors.java:572)
	at java.util.concurrent.FutureTask.run(FutureTask.java:317)
	at java.util.concurrent.ThreadPoolExecutor.runWorker(ThreadPoolExecutor.java:1144)
	at java.util.concurrent.ThreadPoolExecutor$Worker.run(ThreadPoolExecutor.java:642)
	at java.lang.Thread.run(Thread.java:1583)

2026.10.05 10:39:24 INFO  BSP server: Oct 05, 2026 10:39:24 AM org.eclipse.lsp4j.jsonrpc.services.GenericEndpoint request
2026.10.05 10:39:23 INFO  scala-cli should support `buildTarget/jvmRunEnvironment`, but it fails.
org.eclipse.lsp4j.jsonrpc.ResponseErrorException: Unsupported request method: buildTarget/jvmRunEnvironment
	at org.eclipse.lsp4j.jsonrpc.RemoteEndpoint.handleResponse(RemoteEndpoint.java:214)
	at org.eclipse.lsp4j.jsonrpc.RemoteEndpoint.consume(RemoteEndpoint.java:198)
	at scala.meta.internal.metals.RequestMonitorImpl$$anon$1.consume(ServerLivenessMonitor.scala:41)
	at org.eclipse.lsp4j.jsonrpc.json.StreamMessageProducer.handleMessage(StreamMessageProducer.java:189)
	at org.eclipse.lsp4j.jsonrpc.json.StreamMessageProducer.listen(StreamMessageProducer.java:97)
	at org.eclipse.lsp4j.jsonrpc.json.ConcurrentMessageProcessor.run(ConcurrentMessageProcessor.java:97)
	at java.util.concurrent.Executors$RunnableAdapter.call(Executors.java:572)
	at java.util.concurrent.FutureTask.run(FutureTask.java:317)
	at java.util.concurrent.ThreadPoolExecutor.runWorker(ThreadPoolExecutor.java:1144)
	at java.util.concurrent.ThreadPoolExecutor$Worker.run(ThreadPoolExecutor.java:642)
	at java.lang.Thread.run(Thread.java:1583)

2026.10.05 10:39:24 INFO  BSP server: WARNING: Unsupported request method: buildTarget/jvmRunEnvironment
2026.10.05 10:39:24 INFO  BSP server: Oct 05, 2026 10:39:25 AM org.eclipse.lsp4j.jsonrpc.services.GenericEndpoint request
2026.10.05 10:39:24 INFO  BSP server: WARNING: Unsupported request method: buildTarget/jvmRunEnvironment
2026.10.05 10:39:25 INFO  scala-cli should support `buildTarget/jvmRunEnvironment`, but it fails.
org.eclipse.lsp4j.jsonrpc.ResponseErrorException: Unsupported request method: buildTarget/jvmRunEnvironment
	at org.eclipse.lsp4j.jsonrpc.RemoteEndpoint.handleResponse(RemoteEndpoint.java:214)
	at org.eclipse.lsp4j.jsonrpc.RemoteEndpoint.consume(RemoteEndpoint.java:198)
	at scala.meta.internal.metals.RequestMonitorImpl$$anon$1.consume(ServerLivenessMonitor.scala:41)
	at org.eclipse.lsp4j.jsonrpc.json.StreamMessageProducer.handleMessage(StreamMessageProducer.java:189)
	at org.eclipse.lsp4j.jsonrpc.json.StreamMessageProducer.listen(StreamMessageProducer.java:97)
	at org.eclipse.lsp4j.jsonrpc.json.ConcurrentMessageProcessor.run(ConcurrentMessageProcessor.java:97)
	at java.util.concurrent.Executors$RunnableAdapter.call(Executors.java:572)
	at java.util.concurrent.FutureTask.run(FutureTask.java:317)
	at java.util.concurrent.ThreadPoolExecutor.runWorker(ThreadPoolExecutor.java:1144)
	at java.util.concurrent.ThreadPoolExecutor$Worker.run(ThreadPoolExecutor.java:642)
	at java.lang.Thread.run(Thread.java:1583)

2026.10.05 10:39:26 INFO  BSP server: Oct 05, 2026 10:39:26 AM org.eclipse.lsp4j.jsonrpc.services.GenericEndpoint request
2026.10.05 10:39:26 INFO  BSP server: WARNING: Unsupported request method: buildTarget/jvmRunEnvironment
2026.10.05 10:39:26 INFO  scala-cli should support `buildTarget/jvmRunEnvironment`, but it fails.
org.eclipse.lsp4j.jsonrpc.ResponseErrorException: Unsupported request method: buildTarget/jvmRunEnvironment
	at org.eclipse.lsp4j.jsonrpc.RemoteEndpoint.handleResponse(RemoteEndpoint.java:214)
	at org.eclipse.lsp4j.jsonrpc.RemoteEndpoint.consume(RemoteEndpoint.java:198)
	at scala.meta.internal.metals.RequestMonitorImpl$$anon$1.consume(ServerLivenessMonitor.scala:41)
	at org.eclipse.lsp4j.jsonrpc.json.StreamMessageProducer.handleMessage(StreamMessageProducer.java:189)
	at org.eclipse.lsp4j.jsonrpc.json.StreamMessageProducer.listen(StreamMessageProducer.java:97)
	at org.eclipse.lsp4j.jsonrpc.json.ConcurrentMessageProcessor.run(ConcurrentMessageProcessor.java:97)
	at java.util.concurrent.Executors$RunnableAdapter.call(Executors.java:572)
	at java.util.concurrent.FutureTask.run(FutureTask.java:317)
	at java.util.concurrent.ThreadPoolExecutor.runWorker(ThreadPoolExecutor.java:1144)
	at java.util.concurrent.ThreadPoolExecutor$Worker.run(ThreadPoolExecutor.java:642)
	at java.lang.Thread.run(Thread.java:1583)

2026.10.05 10:39:26 INFO  BSP server: Oct 05, 2026 10:39:27 AM org.eclipse.lsp4j.jsonrpc.services.GenericEndpoint request
2026.10.05 10:39:27 INFO  scala-cli should support `buildTarget/jvmRunEnvironment`, but it fails.
org.eclipse.lsp4j.jsonrpc.ResponseErrorException: Unsupported request method: buildTarget/jvmRunEnvironment
	at org.eclipse.lsp4j.jsonrpc.RemoteEndpoint.handleResponse(RemoteEndpoint.java:214)
	at org.eclipse.lsp4j.jsonrpc.RemoteEndpoint.consume(RemoteEndpoint.java:198)
	at scala.meta.internal.metals.RequestMonitorImpl$$anon$1.consume(ServerLivenessMonitor.scala:41)
	at org.eclipse.lsp4j.jsonrpc.json.StreamMessageProducer.handleMessage(StreamMessageProducer.java:189)
	at org.eclipse.lsp4j.jsonrpc.json.StreamMessageProducer.listen(StreamMessageProducer.java:97)
	at org.eclipse.lsp4j.jsonrpc.json.ConcurrentMessageProcessor.run(ConcurrentMessageProcessor.java:97)
	at java.util.concurrent.Executors$RunnableAdapter.call(Executors.java:572)
	at java.util.concurrent.FutureTask.run(FutureTask.java:317)
	at java.util.concurrent.ThreadPoolExecutor.runWorker(ThreadPoolExecutor.java:1144)
	at java.util.concurrent.ThreadPoolExecutor$Worker.run(ThreadPoolExecutor.java:642)
	at java.lang.Thread.run(Thread.java:1583)

2026.10.05 10:39:26 INFO  BSP server: WARNING: Unsupported request method: buildTarget/jvmRunEnvironment
2026.10.05 10:39:29 INFO  BSP server: Oct 05, 2026 10:39:29 AM org.eclipse.lsp4j.jsonrpc.services.GenericEndpoint request
2026.10.05 10:39:29 INFO  scala-cli should support `buildTarget/jvmRunEnvironment`, but it fails.
org.eclipse.lsp4j.jsonrpc.ResponseErrorException: Unsupported request method: buildTarget/jvmRunEnvironment
	at org.eclipse.lsp4j.jsonrpc.RemoteEndpoint.handleResponse(RemoteEndpoint.java:214)
	at org.eclipse.lsp4j.jsonrpc.RemoteEndpoint.consume(RemoteEndpoint.java:198)
	at scala.meta.internal.metals.RequestMonitorImpl$$anon$1.consume(ServerLivenessMonitor.scala:41)
	at org.eclipse.lsp4j.jsonrpc.json.StreamMessageProducer.handleMessage(StreamMessageProducer.java:189)
	at org.eclipse.lsp4j.jsonrpc.json.StreamMessageProducer.listen(StreamMessageProducer.java:97)
	at org.eclipse.lsp4j.jsonrpc.json.ConcurrentMessageProcessor.run(ConcurrentMessageProcessor.java:97)
	at java.util.concurrent.Executors$RunnableAdapter.call(Executors.java:572)
	at java.util.concurrent.FutureTask.run(FutureTask.java:317)
	at java.util.concurrent.ThreadPoolExecutor.runWorker(ThreadPoolExecutor.java:1144)
	at java.util.concurrent.ThreadPoolExecutor$Worker.run(ThreadPoolExecutor.java:642)
	at java.lang.Thread.run(Thread.java:1583)

2026.10.05 10:39:29 INFO  BSP server: WARNING: Unsupported request method: buildTarget/jvmRunEnvironment
Downloading https://repo1.maven.org/maven2/org/scalameta/scalafmt-core_2.13/3.11.5/scalafmt-core_2.13-3.11.5.pom
2026.10.05 10:39:33 INFO  BSP server: Oct 05, 2026 10:39:33 AM org.eclipse.lsp4j.jsonrpc.services.GenericEndpoint request
2026.10.05 10:39:33 INFO  BSP server: WARNING: Unsupported request method: buildTarget/jvmRunEnvironment
2026.10.05 10:39:33 INFO  scala-cli should support `buildTarget/jvmRunEnvironment`, but it fails.
org.eclipse.lsp4j.jsonrpc.ResponseErrorException: Unsupported request method: buildTarget/jvmRunEnvironment
	at org.eclipse.lsp4j.jsonrpc.RemoteEndpoint.handleResponse(RemoteEndpoint.java:214)
	at org.eclipse.lsp4j.jsonrpc.RemoteEndpoint.consume(RemoteEndpoint.java:198)
	at scala.meta.internal.metals.RequestMonitorImpl$$anon$1.consume(ServerLivenessMonitor.scala:41)
	at org.eclipse.lsp4j.jsonrpc.json.StreamMessageProducer.handleMessage(StreamMessageProducer.java:189)
	at org.eclipse.lsp4j.jsonrpc.json.StreamMessageProducer.listen(StreamMessageProducer.java:97)
	at org.eclipse.lsp4j.jsonrpc.json.ConcurrentMessageProcessor.run(ConcurrentMessageProcessor.java:97)
	at java.util.concurrent.Executors$RunnableAdapter.call(Executors.java:572)
	at java.util.concurrent.FutureTask.run(FutureTask.java:317)
	at java.util.concurrent.ThreadPoolExecutor.runWorker(ThreadPoolExecutor.java:1144)
	at java.util.concurrent.ThreadPoolExecutor$Worker.run(ThreadPoolExecutor.java:642)
	at java.lang.Thread.run(Thread.java:1583)

Downloaded https://repo1.maven.org/maven2/org/scalameta/scalafmt-core_2.13/3.11.5/scalafmt-core_2.13-3.11.5.pom
Downloading https://repo1.maven.org/maven2/org/scalameta/scalafmt-config_2.13/3.11.5/scalafmt-config_2.13-3.11.5.pom
Downloading https://repo1.maven.org/maven2/org/scalameta/scalafmt-macros_2.13/3.11.5/scalafmt-macros_2.13-3.11.5.pom
Downloading https://repo1.maven.org/maven2/org/scalameta/scalameta_2.13/4.17.3/scalameta_2.13-4.17.3.pom
Downloaded https://repo1.maven.org/maven2/org/scalameta/scalafmt-config_2.13/3.11.5/scalafmt-config_2.13-3.11.5.pom
Downloaded https://repo1.maven.org/maven2/org/scalameta/scalameta_2.13/4.17.3/scalameta_2.13-4.17.3.pom
Downloaded https://repo1.maven.org/maven2/org/scalameta/scalafmt-macros_2.13/3.11.5/scalafmt-macros_2.13-3.11.5.pom
Downloading https://repo1.maven.org/maven2/org/scalameta/parsers_2.13/4.17.3/parsers_2.13-4.17.3.pom
Downloaded https://repo1.maven.org/maven2/org/scalameta/parsers_2.13/4.17.3/parsers_2.13-4.17.3.pom
Downloading https://repo1.maven.org/maven2/org/scalameta/trees_2.13/4.17.3/trees_2.13-4.17.3.pom
Downloaded https://repo1.maven.org/maven2/org/scalameta/trees_2.13/4.17.3/trees_2.13-4.17.3.pom
Downloading https://repo1.maven.org/maven2/org/scalameta/trees2_2.13/4.17.3/trees2_2.13-4.17.3.pom
Downloading https://repo1.maven.org/maven2/org/scalameta/common_2.13/4.17.3/common_2.13-4.17.3.pom
Downloading https://repo1.maven.org/maven2/org/scalameta/io_2.13/4.17.3/io_2.13-4.17.3.pom
Downloaded https://repo1.maven.org/maven2/org/scalameta/trees2_2.13/4.17.3/trees2_2.13-4.17.3.pom
Downloaded https://repo1.maven.org/maven2/org/scalameta/io_2.13/4.17.3/io_2.13-4.17.3.pom
Downloaded https://repo1.maven.org/maven2/org/scalameta/common_2.13/4.17.3/common_2.13-4.17.3.pom
Downloading https://repo1.maven.org/maven2/org/scalameta/common2_2.13/4.17.3/common2_2.13-4.17.3.pom
Downloaded https://repo1.maven.org/maven2/org/scalameta/common2_2.13/4.17.3/common2_2.13-4.17.3.pom
Downloading https://repo1.maven.org/maven2/org/scalameta/scalafmt-macros_2.13/3.11.5/scalafmt-macros_2.13-3.11.5.jar
Downloading https://repo1.maven.org/maven2/org/scalameta/scalafmt-core_2.13/3.11.5/scalafmt-core_2.13-3.11.5.jar
Downloading https://repo1.maven.org/maven2/org/scalameta/io_2.13/4.17.3/io_2.13-4.17.3.jar
Downloading https://repo1.maven.org/maven2/org/scalameta/trees_2.13/4.17.3/trees_2.13-4.17.3.jar
Downloading https://repo1.maven.org/maven2/org/scalameta/scalafmt-config_2.13/3.11.5/scalafmt-config_2.13-3.11.5.jar
Downloading https://repo1.maven.org/maven2/org/scalameta/common_2.13/4.17.3/common_2.13-4.17.3.jar
Downloaded https://repo1.maven.org/maven2/org/scalameta/scalafmt-config_2.13/3.11.5/scalafmt-config_2.13-3.11.5.jar
Downloading https://repo1.maven.org/maven2/org/scalameta/scalameta_2.13/4.17.3/scalameta_2.13-4.17.3.jar
Downloaded https://repo1.maven.org/maven2/org/scalameta/scalafmt-macros_2.13/3.11.5/scalafmt-macros_2.13-3.11.5.jar
Downloading https://repo1.maven.org/maven2/org/scalameta/parsers_2.13/4.17.3/parsers_2.13-4.17.3.jar
Downloaded https://repo1.maven.org/maven2/org/scalameta/common_2.13/4.17.3/common_2.13-4.17.3.jar
Downloading https://repo1.maven.org/maven2/org/scalameta/trees2_2.13/4.17.3/trees2_2.13-4.17.3.jar
Downloaded https://repo1.maven.org/maven2/org/scalameta/scalameta_2.13/4.17.3/scalameta_2.13-4.17.3.jar
Downloading https://repo1.maven.org/maven2/org/scalameta/common2_2.13/4.17.3/common2_2.13-4.17.3.jar
Downloaded https://repo1.maven.org/maven2/org/scalameta/io_2.13/4.17.3/io_2.13-4.17.3.jar
Downloaded https://repo1.maven.org/maven2/org/scalameta/trees_2.13/4.17.3/trees_2.13-4.17.3.jar
Downloaded https://repo1.maven.org/maven2/org/scalameta/parsers_2.13/4.17.3/parsers_2.13-4.17.3.jar
Downloaded https://repo1.maven.org/maven2/org/scalameta/common2_2.13/4.17.3/common2_2.13-4.17.3.jar
Downloaded https://repo1.maven.org/maven2/org/scalameta/scalafmt-core_2.13/3.11.5/scalafmt-core_2.13-3.11.5.jar
2026.10.05 10:39:36 INFO  BSP server: Oct 05, 2026 10:39:36 AM org.eclipse.lsp4j.jsonrpc.services.GenericEndpoint request
2026.10.05 10:39:36 INFO  scala-cli should support `buildTarget/jvmRunEnvironment`, but it fails.
org.eclipse.lsp4j.jsonrpc.ResponseErrorException: Unsupported request method: buildTarget/jvmRunEnvironment
	at org.eclipse.lsp4j.jsonrpc.RemoteEndpoint.handleResponse(RemoteEndpoint.java:214)
	at org.eclipse.lsp4j.jsonrpc.RemoteEndpoint.consume(RemoteEndpoint.java:198)
	at scala.meta.internal.metals.RequestMonitorImpl$$anon$1.consume(ServerLivenessMonitor.scala:41)
	at org.eclipse.lsp4j.jsonrpc.json.StreamMessageProducer.handleMessage(StreamMessageProducer.java:189)
	at org.eclipse.lsp4j.jsonrpc.json.StreamMessageProducer.listen(StreamMessageProducer.java:97)
	at org.eclipse.lsp4j.jsonrpc.json.ConcurrentMessageProcessor.run(ConcurrentMessageProcessor.java:97)
	at java.util.concurrent.Executors$RunnableAdapter.call(Executors.java:572)
	at java.util.concurrent.FutureTask.run(FutureTask.java:317)
	at java.util.concurrent.ThreadPoolExecutor.runWorker(ThreadPoolExecutor.java:1144)
	at java.util.concurrent.ThreadPoolExecutor$Worker.run(ThreadPoolExecutor.java:642)
	at java.lang.Thread.run(Thread.java:1583)

2026.10.05 10:39:36 INFO  BSP server: WARNING: Unsupported request method: buildTarget/jvmRunEnvironment
Downloaded https://repo1.maven.org/maven2/org/scalameta/trees2_2.13/4.17.3/trees2_2.13-4.17.3.jar
2026.10.05 10:39:41 INFO  BSP server: Oct 05, 2026 10:39:41 AM org.eclipse.lsp4j.jsonrpc.services.GenericEndpoint request
2026.10.05 10:39:41 INFO  scala-cli should support `buildTarget/jvmRunEnvironment`, but it fails.
org.eclipse.lsp4j.jsonrpc.ResponseErrorException: Unsupported request method: buildTarget/jvmRunEnvironment
	at org.eclipse.lsp4j.jsonrpc.RemoteEndpoint.handleResponse(RemoteEndpoint.java:214)
	at org.eclipse.lsp4j.jsonrpc.RemoteEndpoint.consume(RemoteEndpoint.java:198)
	at scala.meta.internal.metals.RequestMonitorImpl$$anon$1.consume(ServerLivenessMonitor.scala:41)
	at org.eclipse.lsp4j.jsonrpc.json.StreamMessageProducer.handleMessage(StreamMessageProducer.java:189)
	at org.eclipse.lsp4j.jsonrpc.json.StreamMessageProducer.listen(StreamMessageProducer.java:97)
	at org.eclipse.lsp4j.jsonrpc.json.ConcurrentMessageProcessor.run(ConcurrentMessageProcessor.java:97)
	at java.util.concurrent.Executors$RunnableAdapter.call(Executors.java:572)
	at java.util.concurrent.FutureTask.run(FutureTask.java:317)
	at java.util.concurrent.ThreadPoolExecutor.runWorker(ThreadPoolExecutor.java:1144)
	at java.util.concurrent.ThreadPoolExecutor$Worker.run(ThreadPoolExecutor.java:642)
	at java.lang.Thread.run(Thread.java:1583)

2026.10.05 10:39:41 INFO  BSP server: WARNING: Unsupported request method: buildTarget/jvmRunEnvironment
2026.10.05 10:39:43 INFO  BSP server: Oct 05, 2026 10:39:43 AM org.eclipse.lsp4j.jsonrpc.services.GenericEndpoint request
2026.10.05 10:39:43 INFO  BSP server: WARNING: Unsupported request method: buildTarget/jvmRunEnvironment
2026.10.05 10:39:43 INFO  scala-cli should support `buildTarget/jvmRunEnvironment`, but it fails.
org.eclipse.lsp4j.jsonrpc.ResponseErrorException: Unsupported request method: buildTarget/jvmRunEnvironment
	at org.eclipse.lsp4j.jsonrpc.RemoteEndpoint.handleResponse(RemoteEndpoint.java:214)
	at org.eclipse.lsp4j.jsonrpc.RemoteEndpoint.consume(RemoteEndpoint.java:198)
	at scala.meta.internal.metals.RequestMonitorImpl$$anon$1.consume(ServerLivenessMonitor.scala:41)
	at org.eclipse.lsp4j.jsonrpc.json.StreamMessageProducer.handleMessage(StreamMessageProducer.java:189)
	at org.eclipse.lsp4j.jsonrpc.json.StreamMessageProducer.listen(StreamMessageProducer.java:97)
	at org.eclipse.lsp4j.jsonrpc.json.ConcurrentMessageProcessor.run(ConcurrentMessageProcessor.java:97)
	at java.util.concurrent.Executors$RunnableAdapter.call(Executors.java:572)
	at java.util.concurrent.FutureTask.run(FutureTask.java:317)
	at java.util.concurrent.ThreadPoolExecutor.runWorker(ThreadPoolExecutor.java:1144)
	at java.util.concurrent.ThreadPoolExecutor$Worker.run(ThreadPoolExecutor.java:642)
	at java.lang.Thread.run(Thread.java:1583)

2026.10.05 10:39:46 INFO  BSP server: Oct 05, 2026 10:39:46 AM org.eclipse.lsp4j.jsonrpc.services.GenericEndpoint request
2026.10.05 10:39:46 INFO  scala-cli should support `buildTarget/jvmRunEnvironment`, but it fails.
org.eclipse.lsp4j.jsonrpc.ResponseErrorException: Unsupported request method: buildTarget/jvmRunEnvironment
	at org.eclipse.lsp4j.jsonrpc.RemoteEndpoint.handleResponse(RemoteEndpoint.java:214)
	at org.eclipse.lsp4j.jsonrpc.RemoteEndpoint.consume(RemoteEndpoint.java:198)
	at scala.meta.internal.metals.RequestMonitorImpl$$anon$1.consume(ServerLivenessMonitor.scala:41)
	at org.eclipse.lsp4j.jsonrpc.json.StreamMessageProducer.handleMessage(StreamMessageProducer.java:189)
	at org.eclipse.lsp4j.jsonrpc.json.StreamMessageProducer.listen(StreamMessageProducer.java:97)
	at org.eclipse.lsp4j.jsonrpc.json.ConcurrentMessageProcessor.run(ConcurrentMessageProcessor.java:97)
	at java.util.concurrent.Executors$RunnableAdapter.call(Executors.java:572)
	at java.util.concurrent.FutureTask.run(FutureTask.java:317)
	at java.util.concurrent.ThreadPoolExecutor.runWorker(ThreadPoolExecutor.java:1144)
	at java.util.concurrent.ThreadPoolExecutor$Worker.run(ThreadPoolExecutor.java:642)
	at java.lang.Thread.run(Thread.java:1583)

2026.10.05 10:39:46 INFO  BSP server: WARNING: Unsupported request method: buildTarget/jvmRunEnvironment
2026.10.05 10:39:47 INFO  BSP server: Oct 05, 2026 10:39:47 AM org.eclipse.lsp4j.jsonrpc.services.GenericEndpoint request
2026.10.05 10:39:47 INFO  scala-cli should support `buildTarget/jvmRunEnvironment`, but it fails.
org.eclipse.lsp4j.jsonrpc.ResponseErrorException: Unsupported request method: buildTarget/jvmRunEnvironment
	at org.eclipse.lsp4j.jsonrpc.RemoteEndpoint.handleResponse(RemoteEndpoint.java:214)
	at org.eclipse.lsp4j.jsonrpc.RemoteEndpoint.consume(RemoteEndpoint.java:198)
	at scala.meta.internal.metals.RequestMonitorImpl$$anon$1.consume(ServerLivenessMonitor.scala:41)
	at org.eclipse.lsp4j.jsonrpc.json.StreamMessageProducer.handleMessage(StreamMessageProducer.java:189)
	at org.eclipse.lsp4j.jsonrpc.json.StreamMessageProducer.listen(StreamMessageProducer.java:97)
	at org.eclipse.lsp4j.jsonrpc.json.ConcurrentMessageProcessor.run(ConcurrentMessageProcessor.java:97)
	at java.util.concurrent.Executors$RunnableAdapter.call(Executors.java:572)
	at java.util.concurrent.FutureTask.run(FutureTask.java:317)
	at java.util.concurrent.ThreadPoolExecutor.runWorker(ThreadPoolExecutor.java:1144)
	at java.util.concurrent.ThreadPoolExecutor$Worker.run(ThreadPoolExecutor.java:642)
	at java.lang.Thread.run(Thread.java:1583)

2026.10.05 10:39:47 INFO  BSP server: WARNING: Unsupported request method: buildTarget/jvmRunEnvironment
2026.10.05 10:39:47 INFO  BSP server: Oct 05, 2026 10:39:47 AM org.eclipse.lsp4j.jsonrpc.services.GenericEndpoint request
2026.10.05 10:39:47 INFO  BSP server: WARNING: Unsupported request method: buildTarget/jvmRunEnvironment
2026.10.05 10:39:47 INFO  scala-cli should support `buildTarget/jvmRunEnvironment`, but it fails.
org.eclipse.lsp4j.jsonrpc.ResponseErrorException: Unsupported request method: buildTarget/jvmRunEnvironment
	at org.eclipse.lsp4j.jsonrpc.RemoteEndpoint.handleResponse(RemoteEndpoint.java:214)
	at org.eclipse.lsp4j.jsonrpc.RemoteEndpoint.consume(RemoteEndpoint.java:198)
	at scala.meta.internal.metals.RequestMonitorImpl$$anon$1.consume(ServerLivenessMonitor.scala:41)
	at org.eclipse.lsp4j.jsonrpc.json.StreamMessageProducer.handleMessage(StreamMessageProducer.java:189)
	at org.eclipse.lsp4j.jsonrpc.json.StreamMessageProducer.listen(StreamMessageProducer.java:97)
	at org.eclipse.lsp4j.jsonrpc.json.ConcurrentMessageProcessor.run(ConcurrentMessageProcessor.java:97)
	at java.util.concurrent.Executors$RunnableAdapter.call(Executors.java:572)
	at java.util.concurrent.FutureTask.run(FutureTask.java:317)
	at java.util.concurrent.ThreadPoolExecutor.runWorker(ThreadPoolExecutor.java:1144)
	at java.util.concurrent.ThreadPoolExecutor$Worker.run(ThreadPoolExecutor.java:642)
	at java.lang.Thread.run(Thread.java:1583)

2026.10.05 10:39:53 INFO  BSP server: Oct 05, 2026 10:39:53 AM org.eclipse.lsp4j.jsonrpc.services.GenericEndpoint request
2026.10.05 10:39:53 INFO  scala-cli should support `buildTarget/jvmRunEnvironment`, but it fails.
org.eclipse.lsp4j.jsonrpc.ResponseErrorException: Unsupported request method: buildTarget/jvmRunEnvironment
	at org.eclipse.lsp4j.jsonrpc.RemoteEndpoint.handleResponse(RemoteEndpoint.java:214)
	at org.eclipse.lsp4j.jsonrpc.RemoteEndpoint.consume(RemoteEndpoint.java:198)
	at scala.meta.internal.metals.RequestMonitorImpl$$anon$1.consume(ServerLivenessMonitor.scala:41)
	at org.eclipse.lsp4j.jsonrpc.json.StreamMessageProducer.handleMessage(StreamMessageProducer.java:189)
	at org.eclipse.lsp4j.jsonrpc.json.StreamMessageProducer.listen(StreamMessageProducer.java:97)
	at org.eclipse.lsp4j.jsonrpc.json.ConcurrentMessageProcessor.run(ConcurrentMessageProcessor.java:97)
	at java.util.concurrent.Executors$RunnableAdapter.call(Executors.java:572)
	at java.util.concurrent.FutureTask.run(FutureTask.java:317)
	at java.util.concurrent.ThreadPoolExecutor.runWorker(ThreadPoolExecutor.java:1144)
	at java.util.concurrent.ThreadPoolExecutor$Worker.run(ThreadPoolExecutor.java:642)
	at java.lang.Thread.run(Thread.java:1583)

2026.10.05 10:39:53 INFO  BSP server: WARNING: Unsupported request method: buildTarget/jvmRunEnvironment
2026.10.05 10:39:53 INFO  BSP server: Oct 05, 2026 10:39:54 AM org.eclipse.lsp4j.jsonrpc.services.GenericEndpoint request
2026.10.05 10:39:53 INFO  BSP server: WARNING: Unsupported request method: buildTarget/jvmRunEnvironment
2026.10.05 10:39:54 INFO  scala-cli should support `buildTarget/jvmRunEnvironment`, but it fails.
org.eclipse.lsp4j.jsonrpc.ResponseErrorException: Unsupported request method: buildTarget/jvmRunEnvironment
	at org.eclipse.lsp4j.jsonrpc.RemoteEndpoint.handleResponse(RemoteEndpoint.java:214)
	at org.eclipse.lsp4j.jsonrpc.RemoteEndpoint.consume(RemoteEndpoint.java:198)
	at scala.meta.internal.metals.RequestMonitorImpl$$anon$1.consume(ServerLivenessMonitor.scala:41)
	at org.eclipse.lsp4j.jsonrpc.json.StreamMessageProducer.handleMessage(StreamMessageProducer.java:189)
	at org.eclipse.lsp4j.jsonrpc.json.StreamMessageProducer.listen(StreamMessageProducer.java:97)
	at org.eclipse.lsp4j.jsonrpc.json.ConcurrentMessageProcessor.run(ConcurrentMessageProcessor.java:97)
	at java.util.concurrent.Executors$RunnableAdapter.call(Executors.java:572)
	at java.util.concurrent.FutureTask.run(FutureTask.java:317)
	at java.util.concurrent.ThreadPoolExecutor.runWorker(ThreadPoolExecutor.java:1144)
	at java.util.concurrent.ThreadPoolExecutor$Worker.run(ThreadPoolExecutor.java:642)
	at java.lang.Thread.run(Thread.java:1583)

2026.10.05 10:39:53 INFO  BSP server: Oct 05, 2026 10:39:54 AM org.eclipse.lsp4j.jsonrpc.services.GenericEndpoint request
2026.10.05 10:39:53 INFO  BSP server: WARNING: Unsupported request method: buildTarget/jvmRunEnvironment
2026.10.05 10:39:54 INFO  scala-cli should support `buildTarget/jvmRunEnvironment`, but it fails.
org.eclipse.lsp4j.jsonrpc.ResponseErrorException: Unsupported request method: buildTarget/jvmRunEnvironment
	at org.eclipse.lsp4j.jsonrpc.RemoteEndpoint.handleResponse(RemoteEndpoint.java:214)
	at org.eclipse.lsp4j.jsonrpc.RemoteEndpoint.consume(RemoteEndpoint.java:198)
	at scala.meta.internal.metals.RequestMonitorImpl$$anon$1.consume(ServerLivenessMonitor.scala:41)
	at org.eclipse.lsp4j.jsonrpc.json.StreamMessageProducer.handleMessage(StreamMessageProducer.java:189)
	at org.eclipse.lsp4j.jsonrpc.json.StreamMessageProducer.listen(StreamMessageProducer.java:97)
	at org.eclipse.lsp4j.jsonrpc.json.ConcurrentMessageProcessor.run(ConcurrentMessageProcessor.java:97)
	at java.util.concurrent.Executors$RunnableAdapter.call(Executors.java:572)
	at java.util.concurrent.FutureTask.run(FutureTask.java:317)
	at java.util.concurrent.ThreadPoolExecutor.runWorker(ThreadPoolExecutor.java:1144)
	at java.util.concurrent.ThreadPoolExecutor$Worker.run(ThreadPoolExecutor.java:642)
	at java.lang.Thread.run(Thread.java:1583)

2026.10.05 10:39:55 INFO  BSP server: Oct 05, 2026 10:39:55 AM org.eclipse.lsp4j.jsonrpc.services.GenericEndpoint request
2026.10.05 10:39:55 INFO  BSP server: WARNING: Unsupported request method: buildTarget/jvmRunEnvironment
2026.10.05 10:39:55 INFO  scala-cli should support `buildTarget/jvmRunEnvironment`, but it fails.
org.eclipse.lsp4j.jsonrpc.ResponseErrorException: Unsupported request method: buildTarget/jvmRunEnvironment
	at org.eclipse.lsp4j.jsonrpc.RemoteEndpoint.handleResponse(RemoteEndpoint.java:214)
	at org.eclipse.lsp4j.jsonrpc.RemoteEndpoint.consume(RemoteEndpoint.java:198)
	at scala.meta.internal.metals.RequestMonitorImpl$$anon$1.consume(ServerLivenessMonitor.scala:41)
	at org.eclipse.lsp4j.jsonrpc.json.StreamMessageProducer.handleMessage(StreamMessageProducer.java:189)
	at org.eclipse.lsp4j.jsonrpc.json.StreamMessageProducer.listen(StreamMessageProducer.java:97)
	at org.eclipse.lsp4j.jsonrpc.json.ConcurrentMessageProcessor.run(ConcurrentMessageProcessor.java:97)
	at java.util.concurrent.Executors$RunnableAdapter.call(Executors.java:572)
	at java.util.concurrent.FutureTask.run(FutureTask.java:317)
	at java.util.concurrent.ThreadPoolExecutor.runWorker(ThreadPoolExecutor.java:1144)
	at java.util.concurrent.ThreadPoolExecutor$Worker.run(ThreadPoolExecutor.java:642)
	at java.lang.Thread.run(Thread.java:1583)

2026.10.05 10:39:57 INFO  BSP server: Oct 05, 2026 10:39:57 AM org.eclipse.lsp4j.jsonrpc.services.GenericEndpoint request
2026.10.05 10:39:57 INFO  BSP server: WARNING: Unsupported request method: buildTarget/jvmRunEnvironment
2026.10.05 10:39:57 INFO  scala-cli should support `buildTarget/jvmRunEnvironment`, but it fails.
org.eclipse.lsp4j.jsonrpc.ResponseErrorException: Unsupported request method: buildTarget/jvmRunEnvironment
	at org.eclipse.lsp4j.jsonrpc.RemoteEndpoint.handleResponse(RemoteEndpoint.java:214)
	at org.eclipse.lsp4j.jsonrpc.RemoteEndpoint.consume(RemoteEndpoint.java:198)
	at scala.meta.internal.metals.RequestMonitorImpl$$anon$1.consume(ServerLivenessMonitor.scala:41)
	at org.eclipse.lsp4j.jsonrpc.json.StreamMessageProducer.handleMessage(StreamMessageProducer.java:189)
	at org.eclipse.lsp4j.jsonrpc.json.StreamMessageProducer.listen(StreamMessageProducer.java:97)
	at org.eclipse.lsp4j.jsonrpc.json.ConcurrentMessageProcessor.run(ConcurrentMessageProcessor.java:97)
	at java.util.concurrent.Executors$RunnableAdapter.call(Executors.java:572)
	at java.util.concurrent.FutureTask.run(FutureTask.java:317)
	at java.util.concurrent.ThreadPoolExecutor.runWorker(ThreadPoolExecutor.java:1144)
	at java.util.concurrent.ThreadPoolExecutor$Worker.run(ThreadPoolExecutor.java:642)
	at java.lang.Thread.run(Thread.java:1583)

2026.10.05 10:39:59 INFO  BSP server: Oct 05, 2026 10:39:59 AM org.eclipse.lsp4j.jsonrpc.services.GenericEndpoint request
2026.10.05 10:39:59 INFO  scala-cli should support `buildTarget/jvmRunEnvironment`, but it fails.
org.eclipse.lsp4j.jsonrpc.ResponseErrorException: Unsupported request method: buildTarget/jvmRunEnvironment
	at org.eclipse.lsp4j.jsonrpc.RemoteEndpoint.handleResponse(RemoteEndpoint.java:214)
	at org.eclipse.lsp4j.jsonrpc.RemoteEndpoint.consume(RemoteEndpoint.java:198)
	at scala.meta.internal.metals.RequestMonitorImpl$$anon$1.consume(ServerLivenessMonitor.scala:41)
	at org.eclipse.lsp4j.jsonrpc.json.StreamMessageProducer.handleMessage(StreamMessageProducer.java:189)
	at org.eclipse.lsp4j.jsonrpc.json.StreamMessageProducer.listen(StreamMessageProducer.java:97)
	at org.eclipse.lsp4j.jsonrpc.json.ConcurrentMessageProcessor.run(ConcurrentMessageProcessor.java:97)
	at java.util.concurrent.Executors$RunnableAdapter.call(Executors.java:572)
	at java.util.concurrent.FutureTask.run(FutureTask.java:317)
	at java.util.concurrent.ThreadPoolExecutor.runWorker(ThreadPoolExecutor.java:1144)
	at java.util.concurrent.ThreadPoolExecutor$Worker.run(ThreadPoolExecutor.java:642)
	at java.lang.Thread.run(Thread.java:1583)

2026.10.05 10:39:59 INFO  BSP server: WARNING: Unsupported request method: buildTarget/jvmRunEnvironment
2026.10.05 10:40:02 INFO  BSP server: Oct 05, 2026 10:40:02 AM org.eclipse.lsp4j.jsonrpc.services.GenericEndpoint request
2026.10.05 10:40:02 INFO  BSP server: WARNING: Unsupported request method: buildTarget/jvmRunEnvironment
2026.10.05 10:40:02 INFO  scala-cli should support `buildTarget/jvmRunEnvironment`, but it fails.
org.eclipse.lsp4j.jsonrpc.ResponseErrorException: Unsupported request method: buildTarget/jvmRunEnvironment
	at org.eclipse.lsp4j.jsonrpc.RemoteEndpoint.handleResponse(RemoteEndpoint.java:214)
	at org.eclipse.lsp4j.jsonrpc.RemoteEndpoint.consume(RemoteEndpoint.java:198)
	at scala.meta.internal.metals.RequestMonitorImpl$$anon$1.consume(ServerLivenessMonitor.scala:41)
	at org.eclipse.lsp4j.jsonrpc.json.StreamMessageProducer.handleMessage(StreamMessageProducer.java:189)
	at org.eclipse.lsp4j.jsonrpc.json.StreamMessageProducer.listen(StreamMessageProducer.java:97)
	at org.eclipse.lsp4j.jsonrpc.json.ConcurrentMessageProcessor.run(ConcurrentMessageProcessor.java:97)
	at java.util.concurrent.Executors$RunnableAdapter.call(Executors.java:572)
	at java.util.concurrent.FutureTask.run(FutureTask.java:317)
	at java.util.concurrent.ThreadPoolExecutor.runWorker(ThreadPoolExecutor.java:1144)
	at java.util.concurrent.ThreadPoolExecutor$Worker.run(ThreadPoolExecutor.java:642)
	at java.lang.Thread.run(Thread.java:1583)

2026.10.05 10:40:02 INFO  BSP server: Oct 05, 2026 10:40:02 AM org.eclipse.lsp4j.jsonrpc.services.GenericEndpoint request
2026.10.05 10:40:02 INFO  BSP server: WARNING: Unsupported request method: buildTarget/jvmRunEnvironment
2026.10.05 10:40:02 INFO  scala-cli should support `buildTarget/jvmRunEnvironment`, but it fails.
org.eclipse.lsp4j.jsonrpc.ResponseErrorException: Unsupported request method: buildTarget/jvmRunEnvironment
	at org.eclipse.lsp4j.jsonrpc.RemoteEndpoint.handleResponse(RemoteEndpoint.java:214)
	at org.eclipse.lsp4j.jsonrpc.RemoteEndpoint.consume(RemoteEndpoint.java:198)
	at scala.meta.internal.metals.RequestMonitorImpl$$anon$1.consume(ServerLivenessMonitor.scala:41)
	at org.eclipse.lsp4j.jsonrpc.json.StreamMessageProducer.handleMessage(StreamMessageProducer.java:189)
	at org.eclipse.lsp4j.jsonrpc.json.StreamMessageProducer.listen(StreamMessageProducer.java:97)
	at org.eclipse.lsp4j.jsonrpc.json.ConcurrentMessageProcessor.run(ConcurrentMessageProcessor.java:97)
	at java.util.concurrent.Executors$RunnableAdapter.call(Executors.java:572)
	at java.util.concurrent.FutureTask.run(FutureTask.java:317)
	at java.util.concurrent.ThreadPoolExecutor.runWorker(ThreadPoolExecutor.java:1144)
	at java.util.concurrent.ThreadPoolExecutor$Worker.run(ThreadPoolExecutor.java:642)
	at java.lang.Thread.run(Thread.java:1583)

2026.10.05 10:40:04 INFO  BSP server: Oct 05, 2026 10:40:04 AM org.eclipse.lsp4j.jsonrpc.services.GenericEndpoint request
2026.10.05 10:40:04 INFO  scala-cli should support `buildTarget/jvmRunEnvironment`, but it fails.
org.eclipse.lsp4j.jsonrpc.ResponseErrorException: Unsupported request method: buildTarget/jvmRunEnvironment
	at org.eclipse.lsp4j.jsonrpc.RemoteEndpoint.handleResponse(RemoteEndpoint.java:214)
	at org.eclipse.lsp4j.jsonrpc.RemoteEndpoint.consume(RemoteEndpoint.java:198)
	at scala.meta.internal.metals.RequestMonitorImpl$$anon$1.consume(ServerLivenessMonitor.scala:41)
	at org.eclipse.lsp4j.jsonrpc.json.StreamMessageProducer.handleMessage(StreamMessageProducer.java:189)
	at org.eclipse.lsp4j.jsonrpc.json.StreamMessageProducer.listen(StreamMessageProducer.java:97)
	at org.eclipse.lsp4j.jsonrpc.json.ConcurrentMessageProcessor.run(ConcurrentMessageProcessor.java:97)
	at java.util.concurrent.Executors$RunnableAdapter.call(Executors.java:572)
	at java.util.concurrent.FutureTask.run(FutureTask.java:317)
	at java.util.concurrent.ThreadPoolExecutor.runWorker(ThreadPoolExecutor.java:1144)
	at java.util.concurrent.ThreadPoolExecutor$Worker.run(ThreadPoolExecutor.java:642)
	at java.lang.Thread.run(Thread.java:1583)

2026.10.05 10:40:04 INFO  BSP server: WARNING: Unsupported request method: buildTarget/jvmRunEnvironment
2026.10.05 10:40:04 INFO  BSP server: Oct 05, 2026 10:40:04 AM org.eclipse.lsp4j.jsonrpc.services.GenericEndpoint request
2026.10.05 10:40:04 INFO  BSP server: WARNING: Unsupported request method: buildTarget/jvmRunEnvironment
2026.10.05 10:40:04 INFO  scala-cli should support `buildTarget/jvmRunEnvironment`, but it fails.
org.eclipse.lsp4j.jsonrpc.ResponseErrorException: Unsupported request method: buildTarget/jvmRunEnvironment
	at org.eclipse.lsp4j.jsonrpc.RemoteEndpoint.handleResponse(RemoteEndpoint.java:214)
	at org.eclipse.lsp4j.jsonrpc.RemoteEndpoint.consume(RemoteEndpoint.java:198)
	at scala.meta.internal.metals.RequestMonitorImpl$$anon$1.consume(ServerLivenessMonitor.scala:41)
	at org.eclipse.lsp4j.jsonrpc.json.StreamMessageProducer.handleMessage(StreamMessageProducer.java:189)
	at org.eclipse.lsp4j.jsonrpc.json.StreamMessageProducer.listen(StreamMessageProducer.java:97)
	at org.eclipse.lsp4j.jsonrpc.json.ConcurrentMessageProcessor.run(ConcurrentMessageProcessor.java:97)
	at java.util.concurrent.Executors$RunnableAdapter.call(Executors.java:572)
	at java.util.concurrent.FutureTask.run(FutureTask.java:317)
	at java.util.concurrent.ThreadPoolExecutor.runWorker(ThreadPoolExecutor.java:1144)
	at java.util.concurrent.ThreadPoolExecutor$Worker.run(ThreadPoolExecutor.java:642)
	at java.lang.Thread.run(Thread.java:1583)

2026.10.05 10:40:14 INFO  BSP server: Oct 05, 2026 10:40:14 AM org.eclipse.lsp4j.jsonrpc.services.GenericEndpoint request
2026.10.05 10:40:14 INFO  scala-cli should support `buildTarget/jvmRunEnvironment`, but it fails.
org.eclipse.lsp4j.jsonrpc.ResponseErrorException: Unsupported request method: buildTarget/jvmRunEnvironment
	at org.eclipse.lsp4j.jsonrpc.RemoteEndpoint.handleResponse(RemoteEndpoint.java:214)
	at org.eclipse.lsp4j.jsonrpc.RemoteEndpoint.consume(RemoteEndpoint.java:198)
	at scala.meta.internal.metals.RequestMonitorImpl$$anon$1.consume(ServerLivenessMonitor.scala:41)
	at org.eclipse.lsp4j.jsonrpc.json.StreamMessageProducer.handleMessage(StreamMessageProducer.java:189)
	at org.eclipse.lsp4j.jsonrpc.json.StreamMessageProducer.listen(StreamMessageProducer.java:97)
	at org.eclipse.lsp4j.jsonrpc.json.ConcurrentMessageProcessor.run(ConcurrentMessageProcessor.java:97)
	at java.util.concurrent.Executors$RunnableAdapter.call(Executors.java:572)
	at java.util.concurrent.FutureTask.run(FutureTask.java:317)
	at java.util.concurrent.ThreadPoolExecutor.runWorker(ThreadPoolExecutor.java:1144)
	at java.util.concurrent.ThreadPoolExecutor$Worker.run(ThreadPoolExecutor.java:642)
	at java.lang.Thread.run(Thread.java:1583)

2026.10.05 10:40:14 INFO  BSP server: WARNING: Unsupported request method: buildTarget/jvmRunEnvironment
2026.10.05 10:40:19 INFO  BSP server: Oct 05, 2026 10:40:19 AM org.eclipse.lsp4j.jsonrpc.services.GenericEndpoint request
2026.10.05 10:40:19 INFO  BSP server: WARNING: Unsupported request method: buildTarget/jvmRunEnvironment
2026.10.05 10:40:19 INFO  scala-cli should support `buildTarget/jvmRunEnvironment`, but it fails.
org.eclipse.lsp4j.jsonrpc.ResponseErrorException: Unsupported request method: buildTarget/jvmRunEnvironment
	at org.eclipse.lsp4j.jsonrpc.RemoteEndpoint.handleResponse(RemoteEndpoint.java:214)
	at org.eclipse.lsp4j.jsonrpc.RemoteEndpoint.consume(RemoteEndpoint.java:198)
	at scala.meta.internal.metals.RequestMonitorImpl$$anon$1.consume(ServerLivenessMonitor.scala:41)
	at org.eclipse.lsp4j.jsonrpc.json.StreamMessageProducer.handleMessage(StreamMessageProducer.java:189)
	at org.eclipse.lsp4j.jsonrpc.json.StreamMessageProducer.listen(StreamMessageProducer.java:97)
	at org.eclipse.lsp4j.jsonrpc.json.ConcurrentMessageProcessor.run(ConcurrentMessageProcessor.java:97)
	at java.util.concurrent.Executors$RunnableAdapter.call(Executors.java:572)
	at java.util.concurrent.FutureTask.run(FutureTask.java:317)
	at java.util.concurrent.ThreadPoolExecutor.runWorker(ThreadPoolExecutor.java:1144)
	at java.util.concurrent.ThreadPoolExecutor$Worker.run(ThreadPoolExecutor.java:642)
	at java.lang.Thread.run(Thread.java:1583)

2026.10.05 10:40:22 INFO  BSP server: Oct 05, 2026 10:40:22 AM org.eclipse.lsp4j.jsonrpc.services.GenericEndpoint request
2026.10.05 10:40:22 INFO  scala-cli should support `buildTarget/jvmRunEnvironment`, but it fails.
org.eclipse.lsp4j.jsonrpc.ResponseErrorException: Unsupported request method: buildTarget/jvmRunEnvironment
	at org.eclipse.lsp4j.jsonrpc.RemoteEndpoint.handleResponse(RemoteEndpoint.java:214)
	at org.eclipse.lsp4j.jsonrpc.RemoteEndpoint.consume(RemoteEndpoint.java:198)
	at scala.meta.internal.metals.RequestMonitorImpl$$anon$1.consume(ServerLivenessMonitor.scala:41)
	at org.eclipse.lsp4j.jsonrpc.json.StreamMessageProducer.handleMessage(StreamMessageProducer.java:189)
	at org.eclipse.lsp4j.jsonrpc.json.StreamMessageProducer.listen(StreamMessageProducer.java:97)
	at org.eclipse.lsp4j.jsonrpc.json.ConcurrentMessageProcessor.run(ConcurrentMessageProcessor.java:97)
	at java.util.concurrent.Executors$RunnableAdapter.call(Executors.java:572)
	at java.util.concurrent.FutureTask.run(FutureTask.java:317)
	at java.util.concurrent.ThreadPoolExecutor.runWorker(ThreadPoolExecutor.java:1144)
	at java.util.concurrent.ThreadPoolExecutor$Worker.run(ThreadPoolExecutor.java:642)
	at java.lang.Thread.run(Thread.java:1583)

2026.10.05 10:40:22 INFO  BSP server: WARNING: Unsupported request method: buildTarget/jvmRunEnvironment
2026.10.05 10:40:26 INFO  BSP server: Oct 05, 2026 10:40:26 AM org.eclipse.lsp4j.jsonrpc.services.GenericEndpoint request
2026.10.05 10:40:26 INFO  scala-cli should support `buildTarget/jvmRunEnvironment`, but it fails.
org.eclipse.lsp4j.jsonrpc.ResponseErrorException: Unsupported request method: buildTarget/jvmRunEnvironment
	at org.eclipse.lsp4j.jsonrpc.RemoteEndpoint.handleResponse(RemoteEndpoint.java:214)
	at org.eclipse.lsp4j.jsonrpc.RemoteEndpoint.consume(RemoteEndpoint.java:198)
	at scala.meta.internal.metals.RequestMonitorImpl$$anon$1.consume(ServerLivenessMonitor.scala:41)
	at org.eclipse.lsp4j.jsonrpc.json.StreamMessageProducer.handleMessage(StreamMessageProducer.java:189)
	at org.eclipse.lsp4j.jsonrpc.json.StreamMessageProducer.listen(StreamMessageProducer.java:97)
	at org.eclipse.lsp4j.jsonrpc.json.ConcurrentMessageProcessor.run(ConcurrentMessageProcessor.java:97)
	at java.util.concurrent.Executors$RunnableAdapter.call(Executors.java:572)
	at java.util.concurrent.FutureTask.run(FutureTask.java:317)
	at java.util.concurrent.ThreadPoolExecutor.runWorker(ThreadPoolExecutor.java:1144)
	at java.util.concurrent.ThreadPoolExecutor$Worker.run(ThreadPoolExecutor.java:642)
	at java.lang.Thread.run(Thread.java:1583)

2026.10.05 10:40:26 INFO  BSP server: WARNING: Unsupported request method: buildTarget/jvmRunEnvironment
2026.10.05 10:40:27 INFO  BSP server: Oct 05, 2026 10:40:27 AM org.eclipse.lsp4j.jsonrpc.services.GenericEndpoint request
2026.10.05 10:40:27 INFO  BSP server: WARNING: Unsupported request method: buildTarget/jvmRunEnvironment
2026.10.05 10:40:27 INFO  scala-cli should support `buildTarget/jvmRunEnvironment`, but it fails.
org.eclipse.lsp4j.jsonrpc.ResponseErrorException: Unsupported request method: buildTarget/jvmRunEnvironment
	at org.eclipse.lsp4j.jsonrpc.RemoteEndpoint.handleResponse(RemoteEndpoint.java:214)
	at org.eclipse.lsp4j.jsonrpc.RemoteEndpoint.consume(RemoteEndpoint.java:198)
	at scala.meta.internal.metals.RequestMonitorImpl$$anon$1.consume(ServerLivenessMonitor.scala:41)
	at org.eclipse.lsp4j.jsonrpc.json.StreamMessageProducer.handleMessage(StreamMessageProducer.java:189)
	at org.eclipse.lsp4j.jsonrpc.json.StreamMessageProducer.listen(StreamMessageProducer.java:97)
	at org.eclipse.lsp4j.jsonrpc.json.ConcurrentMessageProcessor.run(ConcurrentMessageProcessor.java:97)
	at java.util.concurrent.Executors$RunnableAdapter.call(Executors.java:572)
	at java.util.concurrent.FutureTask.run(FutureTask.java:317)
	at java.util.concurrent.ThreadPoolExecutor.runWorker(ThreadPoolExecutor.java:1144)
	at java.util.concurrent.ThreadPoolExecutor$Worker.run(ThreadPoolExecutor.java:642)
	at java.lang.Thread.run(Thread.java:1583)

2026.10.05 10:40:28 INFO  BSP server: Oct 05, 2026 10:40:28 AM org.eclipse.lsp4j.jsonrpc.services.GenericEndpoint request
2026.10.05 10:40:28 INFO  BSP server: WARNING: Unsupported request method: buildTarget/jvmRunEnvironment
2026.10.05 10:40:28 INFO  scala-cli should support `buildTarget/jvmRunEnvironment`, but it fails.
org.eclipse.lsp4j.jsonrpc.ResponseErrorException: Unsupported request method: buildTarget/jvmRunEnvironment
	at org.eclipse.lsp4j.jsonrpc.RemoteEndpoint.handleResponse(RemoteEndpoint.java:214)
	at org.eclipse.lsp4j.jsonrpc.RemoteEndpoint.consume(RemoteEndpoint.java:198)
	at scala.meta.internal.metals.RequestMonitorImpl$$anon$1.consume(ServerLivenessMonitor.scala:41)
	at org.eclipse.lsp4j.jsonrpc.json.StreamMessageProducer.handleMessage(StreamMessageProducer.java:189)
	at org.eclipse.lsp4j.jsonrpc.json.StreamMessageProducer.listen(StreamMessageProducer.java:97)
	at org.eclipse.lsp4j.jsonrpc.json.ConcurrentMessageProcessor.run(ConcurrentMessageProcessor.java:97)
	at java.util.concurrent.Executors$RunnableAdapter.call(Executors.java:572)
	at java.util.concurrent.FutureTask.run(FutureTask.java:317)
	at java.util.concurrent.ThreadPoolExecutor.runWorker(ThreadPoolExecutor.java:1144)
	at java.util.concurrent.ThreadPoolExecutor$Worker.run(ThreadPoolExecutor.java:642)
	at java.lang.Thread.run(Thread.java:1583)

2026.10.05 10:40:28 INFO  BSP server: Oct 05, 2026 10:40:29 AM org.eclipse.lsp4j.jsonrpc.services.GenericEndpoint request
2026.10.05 10:40:28 INFO  BSP server: WARNING: Unsupported request method: buildTarget/jvmRunEnvironment
2026.10.05 10:40:29 INFO  scala-cli should support `buildTarget/jvmRunEnvironment`, but it fails.
org.eclipse.lsp4j.jsonrpc.ResponseErrorException: Unsupported request method: buildTarget/jvmRunEnvironment
	at org.eclipse.lsp4j.jsonrpc.RemoteEndpoint.handleResponse(RemoteEndpoint.java:214)
	at org.eclipse.lsp4j.jsonrpc.RemoteEndpoint.consume(RemoteEndpoint.java:198)
	at scala.meta.internal.metals.RequestMonitorImpl$$anon$1.consume(ServerLivenessMonitor.scala:41)
	at org.eclipse.lsp4j.jsonrpc.json.StreamMessageProducer.handleMessage(StreamMessageProducer.java:189)
	at org.eclipse.lsp4j.jsonrpc.json.StreamMessageProducer.listen(StreamMessageProducer.java:97)
	at org.eclipse.lsp4j.jsonrpc.json.ConcurrentMessageProcessor.run(ConcurrentMessageProcessor.java:97)
	at java.util.concurrent.Executors$RunnableAdapter.call(Executors.java:572)
	at java.util.concurrent.FutureTask.run(FutureTask.java:317)
	at java.util.concurrent.ThreadPoolExecutor.runWorker(ThreadPoolExecutor.java:1144)
	at java.util.concurrent.ThreadPoolExecutor$Worker.run(ThreadPoolExecutor.java:642)
	at java.lang.Thread.run(Thread.java:1583)

2026.10.05 10:40:29 INFO  BSP server: Oct 05, 2026 10:40:29 AM org.eclipse.lsp4j.jsonrpc.services.GenericEndpoint request
2026.10.05 10:40:29 INFO  scala-cli should support `buildTarget/jvmRunEnvironment`, but it fails.
org.eclipse.lsp4j.jsonrpc.ResponseErrorException: Unsupported request method: buildTarget/jvmRunEnvironment
	at org.eclipse.lsp4j.jsonrpc.RemoteEndpoint.handleResponse(RemoteEndpoint.java:214)
	at org.eclipse.lsp4j.jsonrpc.RemoteEndpoint.consume(RemoteEndpoint.java:198)
	at scala.meta.internal.metals.RequestMonitorImpl$$anon$1.consume(ServerLivenessMonitor.scala:41)
	at org.eclipse.lsp4j.jsonrpc.json.StreamMessageProducer.handleMessage(StreamMessageProducer.java:189)
	at org.eclipse.lsp4j.jsonrpc.json.StreamMessageProducer.listen(StreamMessageProducer.java:97)
	at org.eclipse.lsp4j.jsonrpc.json.ConcurrentMessageProcessor.run(ConcurrentMessageProcessor.java:97)
	at java.util.concurrent.Executors$RunnableAdapter.call(Executors.java:572)
	at java.util.concurrent.FutureTask.run(FutureTask.java:317)
	at java.util.concurrent.ThreadPoolExecutor.runWorker(ThreadPoolExecutor.java:1144)
	at java.util.concurrent.ThreadPoolExecutor$Worker.run(ThreadPoolExecutor.java:642)
	at java.lang.Thread.run(Thread.java:1583)

2026.10.05 10:40:29 INFO  BSP server: WARNING: Unsupported request method: buildTarget/jvmRunEnvironment
2026.10.05 10:40:29 INFO  BSP server: Oct 05, 2026 10:40:30 AM org.eclipse.lsp4j.jsonrpc.services.GenericEndpoint request
2026.10.05 10:40:29 INFO  BSP server: WARNING: Unsupported request method: buildTarget/jvmRunEnvironment
2026.10.05 10:40:30 INFO  scala-cli should support `buildTarget/jvmRunEnvironment`, but it fails.
org.eclipse.lsp4j.jsonrpc.ResponseErrorException: Unsupported request method: buildTarget/jvmRunEnvironment
	at org.eclipse.lsp4j.jsonrpc.RemoteEndpoint.handleResponse(RemoteEndpoint.java:214)
	at org.eclipse.lsp4j.jsonrpc.RemoteEndpoint.consume(RemoteEndpoint.java:198)
	at scala.meta.internal.metals.RequestMonitorImpl$$anon$1.consume(ServerLivenessMonitor.scala:41)
	at org.eclipse.lsp4j.jsonrpc.json.StreamMessageProducer.handleMessage(StreamMessageProducer.java:189)
	at org.eclipse.lsp4j.jsonrpc.json.StreamMessageProducer.listen(StreamMessageProducer.java:97)
	at org.eclipse.lsp4j.jsonrpc.json.ConcurrentMessageProcessor.run(ConcurrentMessageProcessor.java:97)
	at java.util.concurrent.Executors$RunnableAdapter.call(Executors.java:572)
	at java.util.concurrent.FutureTask.run(FutureTask.java:317)
	at java.util.concurrent.ThreadPoolExecutor.runWorker(ThreadPoolExecutor.java:1144)
	at java.util.concurrent.ThreadPoolExecutor$Worker.run(ThreadPoolExecutor.java:642)
	at java.lang.Thread.run(Thread.java:1583)

2026.10.05 10:40:33 INFO  BSP server: Oct 05, 2026 10:40:33 AM org.eclipse.lsp4j.jsonrpc.services.GenericEndpoint request
2026.10.05 10:40:33 INFO  BSP server: WARNING: Unsupported request method: buildTarget/jvmRunEnvironment
2026.10.05 10:40:33 INFO  scala-cli should support `buildTarget/jvmRunEnvironment`, but it fails.
org.eclipse.lsp4j.jsonrpc.ResponseErrorException: Unsupported request method: buildTarget/jvmRunEnvironment
	at org.eclipse.lsp4j.jsonrpc.RemoteEndpoint.handleResponse(RemoteEndpoint.java:214)
	at org.eclipse.lsp4j.jsonrpc.RemoteEndpoint.consume(RemoteEndpoint.java:198)
	at scala.meta.internal.metals.RequestMonitorImpl$$anon$1.consume(ServerLivenessMonitor.scala:41)
	at org.eclipse.lsp4j.jsonrpc.json.StreamMessageProducer.handleMessage(StreamMessageProducer.java:189)
	at org.eclipse.lsp4j.jsonrpc.json.StreamMessageProducer.listen(StreamMessageProducer.java:97)
	at org.eclipse.lsp4j.jsonrpc.json.ConcurrentMessageProcessor.run(ConcurrentMessageProcessor.java:97)
	at java.util.concurrent.Executors$RunnableAdapter.call(Executors.java:572)
	at java.util.concurrent.FutureTask.run(FutureTask.java:317)
	at java.util.concurrent.ThreadPoolExecutor.runWorker(ThreadPoolExecutor.java:1144)
	at java.util.concurrent.ThreadPoolExecutor$Worker.run(ThreadPoolExecutor.java:642)
	at java.lang.Thread.run(Thread.java:1583)

2026.10.05 10:40:35 INFO  BSP server: Oct 05, 2026 10:40:35 AM org.eclipse.lsp4j.jsonrpc.services.GenericEndpoint request
2026.10.05 10:40:35 INFO  scala-cli should support `buildTarget/jvmRunEnvironment`, but it fails.
org.eclipse.lsp4j.jsonrpc.ResponseErrorException: Unsupported request method: buildTarget/jvmRunEnvironment
	at org.eclipse.lsp4j.jsonrpc.RemoteEndpoint.handleResponse(RemoteEndpoint.java:214)
	at org.eclipse.lsp4j.jsonrpc.RemoteEndpoint.consume(RemoteEndpoint.java:198)
	at scala.meta.internal.metals.RequestMonitorImpl$$anon$1.consume(ServerLivenessMonitor.scala:41)
	at org.eclipse.lsp4j.jsonrpc.json.StreamMessageProducer.handleMessage(StreamMessageProducer.java:189)
	at org.eclipse.lsp4j.jsonrpc.json.StreamMessageProducer.listen(StreamMessageProducer.java:97)
	at org.eclipse.lsp4j.jsonrpc.json.ConcurrentMessageProcessor.run(ConcurrentMessageProcessor.java:97)
	at java.util.concurrent.Executors$RunnableAdapter.call(Executors.java:572)
	at java.util.concurrent.FutureTask.run(FutureTask.java:317)
	at java.util.concurrent.ThreadPoolExecutor.runWorker(ThreadPoolExecutor.java:1144)
	at java.util.concurrent.ThreadPoolExecutor$Worker.run(ThreadPoolExecutor.java:642)
	at java.lang.Thread.run(Thread.java:1583)

2026.10.05 10:40:35 INFO  BSP server: WARNING: Unsupported request method: buildTarget/jvmRunEnvironment
2026.10.05 10:40:36 INFO  BSP server: Oct 05, 2026 10:40:36 AM org.eclipse.lsp4j.jsonrpc.services.GenericEndpoint request
2026.10.05 10:40:36 INFO  scala-cli should support `buildTarget/jvmRunEnvironment`, but it fails.
org.eclipse.lsp4j.jsonrpc.ResponseErrorException: Unsupported request method: buildTarget/jvmRunEnvironment
	at org.eclipse.lsp4j.jsonrpc.RemoteEndpoint.handleResponse(RemoteEndpoint.java:214)
	at org.eclipse.lsp4j.jsonrpc.RemoteEndpoint.consume(RemoteEndpoint.java:198)
	at scala.meta.internal.metals.RequestMonitorImpl$$anon$1.consume(ServerLivenessMonitor.scala:41)
	at org.eclipse.lsp4j.jsonrpc.json.StreamMessageProducer.handleMessage(StreamMessageProducer.java:189)
	at org.eclipse.lsp4j.jsonrpc.json.StreamMessageProducer.listen(StreamMessageProducer.java:97)
	at org.eclipse.lsp4j.jsonrpc.json.ConcurrentMessageProcessor.run(ConcurrentMessageProcessor.java:97)
	at java.util.concurrent.Executors$RunnableAdapter.call(Executors.java:572)
	at java.util.concurrent.FutureTask.run(FutureTask.java:317)
	at java.util.concurrent.ThreadPoolExecutor.runWorker(ThreadPoolExecutor.java:1144)
	at java.util.concurrent.ThreadPoolExecutor$Worker.run(ThreadPoolExecutor.java:642)
	at java.lang.Thread.run(Thread.java:1583)

2026.10.05 10:40:36 INFO  BSP server: WARNING: Unsupported request method: buildTarget/jvmRunEnvironment
2026.10.05 10:40:36 INFO  BSP server: Oct 05, 2026 10:40:37 AM org.eclipse.lsp4j.jsonrpc.services.GenericEndpoint request
2026.10.05 10:40:36 INFO  BSP server: WARNING: Unsupported request method: buildTarget/jvmRunEnvironment
2026.10.05 10:40:37 INFO  scala-cli should support `buildTarget/jvmRunEnvironment`, but it fails.
org.eclipse.lsp4j.jsonrpc.ResponseErrorException: Unsupported request method: buildTarget/jvmRunEnvironment
	at org.eclipse.lsp4j.jsonrpc.RemoteEndpoint.handleResponse(RemoteEndpoint.java:214)
	at org.eclipse.lsp4j.jsonrpc.RemoteEndpoint.consume(RemoteEndpoint.java:198)
	at scala.meta.internal.metals.RequestMonitorImpl$$anon$1.consume(ServerLivenessMonitor.scala:41)
	at org.eclipse.lsp4j.jsonrpc.json.StreamMessageProducer.handleMessage(StreamMessageProducer.java:189)
	at org.eclipse.lsp4j.jsonrpc.json.StreamMessageProducer.listen(StreamMessageProducer.java:97)
	at org.eclipse.lsp4j.jsonrpc.json.ConcurrentMessageProcessor.run(ConcurrentMessageProcessor.java:97)
	at java.util.concurrent.Executors$RunnableAdapter.call(Executors.java:572)
	at java.util.concurrent.FutureTask.run(FutureTask.java:317)
	at java.util.concurrent.ThreadPoolExecutor.runWorker(ThreadPoolExecutor.java:1144)
	at java.util.concurrent.ThreadPoolExecutor$Worker.run(ThreadPoolExecutor.java:642)
	at java.lang.Thread.run(Thread.java:1583)

2026.10.05 10:40:41 INFO  BSP server: Oct 05, 2026 10:40:41 AM org.eclipse.lsp4j.jsonrpc.services.GenericEndpoint request
2026.10.05 10:40:41 INFO  scala-cli should support `buildTarget/jvmRunEnvironment`, but it fails.
org.eclipse.lsp4j.jsonrpc.ResponseErrorException: Unsupported request method: buildTarget/jvmRunEnvironment
	at org.eclipse.lsp4j.jsonrpc.RemoteEndpoint.handleResponse(RemoteEndpoint.java:214)
	at org.eclipse.lsp4j.jsonrpc.RemoteEndpoint.consume(RemoteEndpoint.java:198)
	at scala.meta.internal.metals.RequestMonitorImpl$$anon$1.consume(ServerLivenessMonitor.scala:41)
	at org.eclipse.lsp4j.jsonrpc.json.StreamMessageProducer.handleMessage(StreamMessageProducer.java:189)
	at org.eclipse.lsp4j.jsonrpc.json.StreamMessageProducer.listen(StreamMessageProducer.java:97)
	at org.eclipse.lsp4j.jsonrpc.json.ConcurrentMessageProcessor.run(ConcurrentMessageProcessor.java:97)
	at java.util.concurrent.Executors$RunnableAdapter.call(Executors.java:572)
	at java.util.concurrent.FutureTask.run(FutureTask.java:317)
	at java.util.concurrent.ThreadPoolExecutor.runWorker(ThreadPoolExecutor.java:1144)
	at java.util.concurrent.ThreadPoolExecutor$Worker.run(ThreadPoolExecutor.java:642)
	at java.lang.Thread.run(Thread.java:1583)

2026.10.05 10:40:41 INFO  BSP server: WARNING: Unsupported request method: buildTarget/jvmRunEnvironment
2026.10.05 10:40:43 INFO  BSP server: Oct 05, 2026 10:40:43 AM org.eclipse.lsp4j.jsonrpc.services.GenericEndpoint request
2026.10.05 10:40:43 INFO  BSP server: WARNING: Unsupported request method: buildTarget/jvmRunEnvironment
2026.10.05 10:40:43 INFO  scala-cli should support `buildTarget/jvmRunEnvironment`, but it fails.
org.eclipse.lsp4j.jsonrpc.ResponseErrorException: Unsupported request method: buildTarget/jvmRunEnvironment
	at org.eclipse.lsp4j.jsonrpc.RemoteEndpoint.handleResponse(RemoteEndpoint.java:214)
	at org.eclipse.lsp4j.jsonrpc.RemoteEndpoint.consume(RemoteEndpoint.java:198)
	at scala.meta.internal.metals.RequestMonitorImpl$$anon$1.consume(ServerLivenessMonitor.scala:41)
	at org.eclipse.lsp4j.jsonrpc.json.StreamMessageProducer.handleMessage(StreamMessageProducer.java:189)
	at org.eclipse.lsp4j.jsonrpc.json.StreamMessageProducer.listen(StreamMessageProducer.java:97)
	at org.eclipse.lsp4j.jsonrpc.json.ConcurrentMessageProcessor.run(ConcurrentMessageProcessor.java:97)
	at java.util.concurrent.Executors$RunnableAdapter.call(Executors.java:572)
	at java.util.concurrent.FutureTask.run(FutureTask.java:317)
	at java.util.concurrent.ThreadPoolExecutor.runWorker(ThreadPoolExecutor.java:1144)
	at java.util.concurrent.ThreadPoolExecutor$Worker.run(ThreadPoolExecutor.java:642)
	at java.lang.Thread.run(Thread.java:1583)

2026.10.05 10:40:43 INFO  BSP server: Oct 05, 2026 10:40:44 AM org.eclipse.lsp4j.jsonrpc.services.GenericEndpoint request
2026.10.05 10:40:43 INFO  BSP server: WARNING: Unsupported request method: buildTarget/jvmRunEnvironment
2026.10.05 10:40:44 INFO  scala-cli should support `buildTarget/jvmRunEnvironment`, but it fails.
org.eclipse.lsp4j.jsonrpc.ResponseErrorException: Unsupported request method: buildTarget/jvmRunEnvironment
	at org.eclipse.lsp4j.jsonrpc.RemoteEndpoint.handleResponse(RemoteEndpoint.java:214)
	at org.eclipse.lsp4j.jsonrpc.RemoteEndpoint.consume(RemoteEndpoint.java:198)
	at scala.meta.internal.metals.RequestMonitorImpl$$anon$1.consume(ServerLivenessMonitor.scala:41)
	at org.eclipse.lsp4j.jsonrpc.json.StreamMessageProducer.handleMessage(StreamMessageProducer.java:189)
	at org.eclipse.lsp4j.jsonrpc.json.StreamMessageProducer.listen(StreamMessageProducer.java:97)
	at org.eclipse.lsp4j.jsonrpc.json.ConcurrentMessageProcessor.run(ConcurrentMessageProcessor.java:97)
	at java.util.concurrent.Executors$RunnableAdapter.call(Executors.java:572)
	at java.util.concurrent.FutureTask.run(FutureTask.java:317)
	at java.util.concurrent.ThreadPoolExecutor.runWorker(ThreadPoolExecutor.java:1144)
	at java.util.concurrent.ThreadPoolExecutor$Worker.run(ThreadPoolExecutor.java:642)
	at java.lang.Thread.run(Thread.java:1583)

2026.10.05 10:40:45 INFO  BSP server: Oct 05, 2026 10:40:45 AM org.eclipse.lsp4j.jsonrpc.services.GenericEndpoint request
2026.10.05 10:40:45 INFO  scala-cli should support `buildTarget/jvmRunEnvironment`, but it fails.
org.eclipse.lsp4j.jsonrpc.ResponseErrorException: Unsupported request method: buildTarget/jvmRunEnvironment
	at org.eclipse.lsp4j.jsonrpc.RemoteEndpoint.handleResponse(RemoteEndpoint.java:214)
	at org.eclipse.lsp4j.jsonrpc.RemoteEndpoint.consume(RemoteEndpoint.java:198)
	at scala.meta.internal.metals.RequestMonitorImpl$$anon$1.consume(ServerLivenessMonitor.scala:41)
	at org.eclipse.lsp4j.jsonrpc.json.StreamMessageProducer.handleMessage(StreamMessageProducer.java:189)
	at org.eclipse.lsp4j.jsonrpc.json.StreamMessageProducer.listen(StreamMessageProducer.java:97)
	at org.eclipse.lsp4j.jsonrpc.json.ConcurrentMessageProcessor.run(ConcurrentMessageProcessor.java:97)
	at java.util.concurrent.Executors$RunnableAdapter.call(Executors.java:572)
	at java.util.concurrent.FutureTask.run(FutureTask.java:317)
	at java.util.concurrent.ThreadPoolExecutor.runWorker(ThreadPoolExecutor.java:1144)
	at java.util.concurrent.ThreadPoolExecutor$Worker.run(ThreadPoolExecutor.java:642)
	at java.lang.Thread.run(Thread.java:1583)

2026.10.05 10:40:45 INFO  BSP server: WARNING: Unsupported request method: buildTarget/jvmRunEnvironment
2026.10.05 10:40:45 INFO  BSP server: Oct 05, 2026 10:40:46 AM org.eclipse.lsp4j.jsonrpc.services.GenericEndpoint request
2026.10.05 10:40:45 INFO  BSP server: WARNING: Unsupported request method: buildTarget/jvmRunEnvironment
2026.10.05 10:40:46 INFO  scala-cli should support `buildTarget/jvmRunEnvironment`, but it fails.
org.eclipse.lsp4j.jsonrpc.ResponseErrorException: Unsupported request method: buildTarget/jvmRunEnvironment
	at org.eclipse.lsp4j.jsonrpc.RemoteEndpoint.handleResponse(RemoteEndpoint.java:214)
	at org.eclipse.lsp4j.jsonrpc.RemoteEndpoint.consume(RemoteEndpoint.java:198)
	at scala.meta.internal.metals.RequestMonitorImpl$$anon$1.consume(ServerLivenessMonitor.scala:41)
	at org.eclipse.lsp4j.jsonrpc.json.StreamMessageProducer.handleMessage(StreamMessageProducer.java:189)
	at org.eclipse.lsp4j.jsonrpc.json.StreamMessageProducer.listen(StreamMessageProducer.java:97)
	at org.eclipse.lsp4j.jsonrpc.json.ConcurrentMessageProcessor.run(ConcurrentMessageProcessor.java:97)
	at java.util.concurrent.Executors$RunnableAdapter.call(Executors.java:572)
	at java.util.concurrent.FutureTask.run(FutureTask.java:317)
	at java.util.concurrent.ThreadPoolExecutor.runWorker(ThreadPoolExecutor.java:1144)
	at java.util.concurrent.ThreadPoolExecutor$Worker.run(ThreadPoolExecutor.java:642)
	at java.lang.Thread.run(Thread.java:1583)

2026.10.05 10:40:48 INFO  BSP server: Oct 05, 2026 10:40:48 AM org.eclipse.lsp4j.jsonrpc.services.GenericEndpoint request
2026.10.05 10:40:48 INFO  scala-cli should support `buildTarget/jvmRunEnvironment`, but it fails.
org.eclipse.lsp4j.jsonrpc.ResponseErrorException: Unsupported request method: buildTarget/jvmRunEnvironment
	at org.eclipse.lsp4j.jsonrpc.RemoteEndpoint.handleResponse(RemoteEndpoint.java:214)
	at org.eclipse.lsp4j.jsonrpc.RemoteEndpoint.consume(RemoteEndpoint.java:198)
	at scala.meta.internal.metals.RequestMonitorImpl$$anon$1.consume(ServerLivenessMonitor.scala:41)
	at org.eclipse.lsp4j.jsonrpc.json.StreamMessageProducer.handleMessage(StreamMessageProducer.java:189)
	at org.eclipse.lsp4j.jsonrpc.json.StreamMessageProducer.listen(StreamMessageProducer.java:97)
	at org.eclipse.lsp4j.jsonrpc.json.ConcurrentMessageProcessor.run(ConcurrentMessageProcessor.java:97)
	at java.util.concurrent.Executors$RunnableAdapter.call(Executors.java:572)
	at java.util.concurrent.FutureTask.run(FutureTask.java:317)
	at java.util.concurrent.ThreadPoolExecutor.runWorker(ThreadPoolExecutor.java:1144)
	at java.util.concurrent.ThreadPoolExecutor$Worker.run(ThreadPoolExecutor.java:642)
	at java.lang.Thread.run(Thread.java:1583)

2026.10.05 10:40:48 INFO  BSP server: WARNING: Unsupported request method: buildTarget/jvmRunEnvironment
2026.10.05 10:40:48 INFO  BSP server: Oct 05, 2026 10:40:48 AM org.eclipse.lsp4j.jsonrpc.services.GenericEndpoint request
2026.10.05 10:40:48 INFO  BSP server: WARNING: Unsupported request method: buildTarget/jvmRunEnvironment
2026.10.05 10:40:48 INFO  scala-cli should support `buildTarget/jvmRunEnvironment`, but it fails.
org.eclipse.lsp4j.jsonrpc.ResponseErrorException: Unsupported request method: buildTarget/jvmRunEnvironment
	at org.eclipse.lsp4j.jsonrpc.RemoteEndpoint.handleResponse(RemoteEndpoint.java:214)
	at org.eclipse.lsp4j.jsonrpc.RemoteEndpoint.consume(RemoteEndpoint.java:198)
	at scala.meta.internal.metals.RequestMonitorImpl$$anon$1.consume(ServerLivenessMonitor.scala:41)
	at org.eclipse.lsp4j.jsonrpc.json.StreamMessageProducer.handleMessage(StreamMessageProducer.java:189)
	at org.eclipse.lsp4j.jsonrpc.json.StreamMessageProducer.listen(StreamMessageProducer.java:97)
	at org.eclipse.lsp4j.jsonrpc.json.ConcurrentMessageProcessor.run(ConcurrentMessageProcessor.java:97)
	at java.util.concurrent.Executors$RunnableAdapter.call(Executors.java:572)
	at java.util.concurrent.FutureTask.run(FutureTask.java:317)
	at java.util.concurrent.ThreadPoolExecutor.runWorker(ThreadPoolExecutor.java:1144)
	at java.util.concurrent.ThreadPoolExecutor$Worker.run(ThreadPoolExecutor.java:642)
	at java.lang.Thread.run(Thread.java:1583)

2026.10.05 10:40:51 INFO  BSP server: Oct 05, 2026 10:40:51 AM org.eclipse.lsp4j.jsonrpc.services.GenericEndpoint request
2026.10.05 10:40:51 INFO  scala-cli should support `buildTarget/jvmRunEnvironment`, but it fails.
org.eclipse.lsp4j.jsonrpc.ResponseErrorException: Unsupported request method: buildTarget/jvmRunEnvironment
	at org.eclipse.lsp4j.jsonrpc.RemoteEndpoint.handleResponse(RemoteEndpoint.java:214)
	at org.eclipse.lsp4j.jsonrpc.RemoteEndpoint.consume(RemoteEndpoint.java:198)
	at scala.meta.internal.metals.RequestMonitorImpl$$anon$1.consume(ServerLivenessMonitor.scala:41)
	at org.eclipse.lsp4j.jsonrpc.json.StreamMessageProducer.handleMessage(StreamMessageProducer.java:189)
	at org.eclipse.lsp4j.jsonrpc.json.StreamMessageProducer.listen(StreamMessageProducer.java:97)
	at org.eclipse.lsp4j.jsonrpc.json.ConcurrentMessageProcessor.run(ConcurrentMessageProcessor.java:97)
	at java.util.concurrent.Executors$RunnableAdapter.call(Executors.java:572)
	at java.util.concurrent.FutureTask.run(FutureTask.java:317)
	at java.util.concurrent.ThreadPoolExecutor.runWorker(ThreadPoolExecutor.java:1144)
	at java.util.concurrent.ThreadPoolExecutor$Worker.run(ThreadPoolExecutor.java:642)
	at java.lang.Thread.run(Thread.java:1583)

2026.10.05 10:40:51 INFO  BSP server: WARNING: Unsupported request method: buildTarget/jvmRunEnvironment
2026.10.05 10:40:51 INFO  BSP server: Oct 05, 2026 10:40:52 AM org.eclipse.lsp4j.jsonrpc.services.GenericEndpoint request
2026.10.05 10:40:51 INFO  BSP server: WARNING: Unsupported request method: buildTarget/jvmRunEnvironment
2026.10.05 10:40:52 INFO  scala-cli should support `buildTarget/jvmRunEnvironment`, but it fails.
org.eclipse.lsp4j.jsonrpc.ResponseErrorException: Unsupported request method: buildTarget/jvmRunEnvironment
	at org.eclipse.lsp4j.jsonrpc.RemoteEndpoint.handleResponse(RemoteEndpoint.java:214)
	at org.eclipse.lsp4j.jsonrpc.RemoteEndpoint.consume(RemoteEndpoint.java:198)
	at scala.meta.internal.metals.RequestMonitorImpl$$anon$1.consume(ServerLivenessMonitor.scala:41)
	at org.eclipse.lsp4j.jsonrpc.json.StreamMessageProducer.handleMessage(StreamMessageProducer.java:189)
	at org.eclipse.lsp4j.jsonrpc.json.StreamMessageProducer.listen(StreamMessageProducer.java:97)
	at org.eclipse.lsp4j.jsonrpc.json.ConcurrentMessageProcessor.run(ConcurrentMessageProcessor.java:97)
	at java.util.concurrent.Executors$RunnableAdapter.call(Executors.java:572)
	at java.util.concurrent.FutureTask.run(FutureTask.java:317)
	at java.util.concurrent.ThreadPoolExecutor.runWorker(ThreadPoolExecutor.java:1144)
	at java.util.concurrent.ThreadPoolExecutor$Worker.run(ThreadPoolExecutor.java:642)
	at java.lang.Thread.run(Thread.java:1583)

2026.10.05 10:40:52 INFO  BSP server: Oct 05, 2026 10:40:52 AM org.eclipse.lsp4j.jsonrpc.services.GenericEndpoint request
2026.10.05 10:40:52 INFO  BSP server: WARNING: Unsupported request method: buildTarget/jvmRunEnvironment
2026.10.05 10:40:52 INFO  scala-cli should support `buildTarget/jvmRunEnvironment`, but it fails.
org.eclipse.lsp4j.jsonrpc.ResponseErrorException: Unsupported request method: buildTarget/jvmRunEnvironment
	at org.eclipse.lsp4j.jsonrpc.RemoteEndpoint.handleResponse(RemoteEndpoint.java:214)
	at org.eclipse.lsp4j.jsonrpc.RemoteEndpoint.consume(RemoteEndpoint.java:198)
	at scala.meta.internal.metals.RequestMonitorImpl$$anon$1.consume(ServerLivenessMonitor.scala:41)
	at org.eclipse.lsp4j.jsonrpc.json.StreamMessageProducer.handleMessage(StreamMessageProducer.java:189)
	at org.eclipse.lsp4j.jsonrpc.json.StreamMessageProducer.listen(StreamMessageProducer.java:97)
	at org.eclipse.lsp4j.jsonrpc.json.ConcurrentMessageProcessor.run(ConcurrentMessageProcessor.java:97)
	at java.util.concurrent.Executors$RunnableAdapter.call(Executors.java:572)
	at java.util.concurrent.FutureTask.run(FutureTask.java:317)
	at java.util.concurrent.ThreadPoolExecutor.runWorker(ThreadPoolExecutor.java:1144)
	at java.util.concurrent.ThreadPoolExecutor$Worker.run(ThreadPoolExecutor.java:642)
	at java.lang.Thread.run(Thread.java:1583)

2026.10.05 10:40:52 INFO  BSP server: Oct 05, 2026 10:40:53 AM org.eclipse.lsp4j.jsonrpc.services.GenericEndpoint request
2026.10.05 10:40:52 INFO  BSP server: WARNING: Unsupported request method: buildTarget/jvmRunEnvironment
2026.10.05 10:40:53 INFO  scala-cli should support `buildTarget/jvmRunEnvironment`, but it fails.
org.eclipse.lsp4j.jsonrpc.ResponseErrorException: Unsupported request method: buildTarget/jvmRunEnvironment
	at org.eclipse.lsp4j.jsonrpc.RemoteEndpoint.handleResponse(RemoteEndpoint.java:214)
	at org.eclipse.lsp4j.jsonrpc.RemoteEndpoint.consume(RemoteEndpoint.java:198)
	at scala.meta.internal.metals.RequestMonitorImpl$$anon$1.consume(ServerLivenessMonitor.scala:41)
	at org.eclipse.lsp4j.jsonrpc.json.StreamMessageProducer.handleMessage(StreamMessageProducer.java:189)
	at org.eclipse.lsp4j.jsonrpc.json.StreamMessageProducer.listen(StreamMessageProducer.java:97)
	at org.eclipse.lsp4j.jsonrpc.json.ConcurrentMessageProcessor.run(ConcurrentMessageProcessor.java:97)
	at java.util.concurrent.Executors$RunnableAdapter.call(Executors.java:572)
	at java.util.concurrent.FutureTask.run(FutureTask.java:317)
	at java.util.concurrent.ThreadPoolExecutor.runWorker(ThreadPoolExecutor.java:1144)
	at java.util.concurrent.ThreadPoolExecutor$Worker.run(ThreadPoolExecutor.java:642)
	at java.lang.Thread.run(Thread.java:1583)

2026.10.05 10:40:52 INFO  BSP server: Oct 05, 2026 10:40:53 AM org.eclipse.lsp4j.jsonrpc.services.GenericEndpoint request
2026.10.05 10:40:53 INFO  scala-cli should support `buildTarget/jvmRunEnvironment`, but it fails.
org.eclipse.lsp4j.jsonrpc.ResponseErrorException: Unsupported request method: buildTarget/jvmRunEnvironment
	at org.eclipse.lsp4j.jsonrpc.RemoteEndpoint.handleResponse(RemoteEndpoint.java:214)
	at org.eclipse.lsp4j.jsonrpc.RemoteEndpoint.consume(RemoteEndpoint.java:198)
	at scala.meta.internal.metals.RequestMonitorImpl$$anon$1.consume(ServerLivenessMonitor.scala:41)
	at org.eclipse.lsp4j.jsonrpc.json.StreamMessageProducer.handleMessage(StreamMessageProducer.java:189)
	at org.eclipse.lsp4j.jsonrpc.json.StreamMessageProducer.listen(StreamMessageProducer.java:97)
	at org.eclipse.lsp4j.jsonrpc.json.ConcurrentMessageProcessor.run(ConcurrentMessageProcessor.java:97)
	at java.util.concurrent.Executors$RunnableAdapter.call(Executors.java:572)
	at java.util.concurrent.FutureTask.run(FutureTask.java:317)
	at java.util.concurrent.ThreadPoolExecutor.runWorker(ThreadPoolExecutor.java:1144)
	at java.util.concurrent.ThreadPoolExecutor$Worker.run(ThreadPoolExecutor.java:642)
	at java.lang.Thread.run(Thread.java:1583)

2026.10.05 10:40:52 INFO  BSP server: WARNING: Unsupported request method: buildTarget/jvmRunEnvironment
2026.10.05 10:40:54 INFO  BSP server: Oct 05, 2026 10:40:54 AM org.eclipse.lsp4j.jsonrpc.services.GenericEndpoint request
2026.10.05 10:40:54 INFO  BSP server: WARNING: Unsupported request method: buildTarget/jvmRunEnvironment
2026.10.05 10:40:53 INFO  scala-cli should support `buildTarget/jvmRunEnvironment`, but it fails.
org.eclipse.lsp4j.jsonrpc.ResponseErrorException: Unsupported request method: buildTarget/jvmRunEnvironment
	at org.eclipse.lsp4j.jsonrpc.RemoteEndpoint.handleResponse(RemoteEndpoint.java:214)
	at org.eclipse.lsp4j.jsonrpc.RemoteEndpoint.consume(RemoteEndpoint.java:198)
	at scala.meta.internal.metals.RequestMonitorImpl$$anon$1.consume(ServerLivenessMonitor.scala:41)
	at org.eclipse.lsp4j.jsonrpc.json.StreamMessageProducer.handleMessage(StreamMessageProducer.java:189)
	at org.eclipse.lsp4j.jsonrpc.json.StreamMessageProducer.listen(StreamMessageProducer.java:97)
	at org.eclipse.lsp4j.jsonrpc.json.ConcurrentMessageProcessor.run(ConcurrentMessageProcessor.java:97)
	at java.util.concurrent.Executors$RunnableAdapter.call(Executors.java:572)
	at java.util.concurrent.FutureTask.run(FutureTask.java:317)
	at java.util.concurrent.ThreadPoolExecutor.runWorker(ThreadPoolExecutor.java:1144)
	at java.util.concurrent.ThreadPoolExecutor$Worker.run(ThreadPoolExecutor.java:642)
	at java.lang.Thread.run(Thread.java:1583)

2026.10.05 10:40:54 INFO  BSP server: Oct 05, 2026 10:40:54 AM org.eclipse.lsp4j.jsonrpc.services.GenericEndpoint request
2026.10.05 10:40:54 INFO  BSP server: WARNING: Unsupported request method: buildTarget/jvmRunEnvironment
2026.10.05 10:40:54 INFO  scala-cli should support `buildTarget/jvmRunEnvironment`, but it fails.
org.eclipse.lsp4j.jsonrpc.ResponseErrorException: Unsupported request method: buildTarget/jvmRunEnvironment
	at org.eclipse.lsp4j.jsonrpc.RemoteEndpoint.handleResponse(RemoteEndpoint.java:214)
	at org.eclipse.lsp4j.jsonrpc.RemoteEndpoint.consume(RemoteEndpoint.java:198)
	at scala.meta.internal.metals.RequestMonitorImpl$$anon$1.consume(ServerLivenessMonitor.scala:41)
	at org.eclipse.lsp4j.jsonrpc.json.StreamMessageProducer.handleMessage(StreamMessageProducer.java:189)
	at org.eclipse.lsp4j.jsonrpc.json.StreamMessageProducer.listen(StreamMessageProducer.java:97)
	at org.eclipse.lsp4j.jsonrpc.json.ConcurrentMessageProcessor.run(ConcurrentMessageProcessor.java:97)
	at java.util.concurrent.Executors$RunnableAdapter.call(Executors.java:572)
	at java.util.concurrent.FutureTask.run(FutureTask.java:317)
	at java.util.concurrent.ThreadPoolExecutor.runWorker(ThreadPoolExecutor.java:1144)
	at java.util.concurrent.ThreadPoolExecutor$Worker.run(ThreadPoolExecutor.java:642)
	at java.lang.Thread.run(Thread.java:1583)

2026.10.05 10:40:55 INFO  BSP server: Oct 05, 2026 10:40:55 AM org.eclipse.lsp4j.jsonrpc.services.GenericEndpoint request
2026.10.05 10:40:55 INFO  scala-cli should support `buildTarget/jvmRunEnvironment`, but it fails.
org.eclipse.lsp4j.jsonrpc.ResponseErrorException: Unsupported request method: buildTarget/jvmRunEnvironment
	at org.eclipse.lsp4j.jsonrpc.RemoteEndpoint.handleResponse(RemoteEndpoint.java:214)
	at org.eclipse.lsp4j.jsonrpc.RemoteEndpoint.consume(RemoteEndpoint.java:198)
	at scala.meta.internal.metals.RequestMonitorImpl$$anon$1.consume(ServerLivenessMonitor.scala:41)
	at org.eclipse.lsp4j.jsonrpc.json.StreamMessageProducer.handleMessage(StreamMessageProducer.java:189)
	at org.eclipse.lsp4j.jsonrpc.json.StreamMessageProducer.listen(StreamMessageProducer.java:97)
	at org.eclipse.lsp4j.jsonrpc.json.ConcurrentMessageProcessor.run(ConcurrentMessageProcessor.java:97)
	at java.util.concurrent.Executors$RunnableAdapter.call(Executors.java:572)
	at java.util.concurrent.FutureTask.run(FutureTask.java:317)
	at java.util.concurrent.ThreadPoolExecutor.runWorker(ThreadPoolExecutor.java:1144)
	at java.util.concurrent.ThreadPoolExecutor$Worker.run(ThreadPoolExecutor.java:642)
	at java.lang.Thread.run(Thread.java:1583)

2026.10.05 10:40:55 INFO  BSP server: WARNING: Unsupported request method: buildTarget/jvmRunEnvironment
2026.10.05 10:40:55 INFO  BSP server: Oct 05, 2026 10:40:56 AM org.eclipse.lsp4j.jsonrpc.services.GenericEndpoint request
2026.10.05 10:40:55 INFO  BSP server: WARNING: Unsupported request method: buildTarget/jvmRunEnvironment
2026.10.05 10:40:56 INFO  scala-cli should support `buildTarget/jvmRunEnvironment`, but it fails.
org.eclipse.lsp4j.jsonrpc.ResponseErrorException: Unsupported request method: buildTarget/jvmRunEnvironment
	at org.eclipse.lsp4j.jsonrpc.RemoteEndpoint.handleResponse(RemoteEndpoint.java:214)
	at org.eclipse.lsp4j.jsonrpc.RemoteEndpoint.consume(RemoteEndpoint.java:198)
	at scala.meta.internal.metals.RequestMonitorImpl$$anon$1.consume(ServerLivenessMonitor.scala:41)
	at org.eclipse.lsp4j.jsonrpc.json.StreamMessageProducer.handleMessage(StreamMessageProducer.java:189)
	at org.eclipse.lsp4j.jsonrpc.json.StreamMessageProducer.listen(StreamMessageProducer.java:97)
	at org.eclipse.lsp4j.jsonrpc.json.ConcurrentMessageProcessor.run(ConcurrentMessageProcessor.java:97)
	at java.util.concurrent.Executors$RunnableAdapter.call(Executors.java:572)
	at java.util.concurrent.FutureTask.run(FutureTask.java:317)
	at java.util.concurrent.ThreadPoolExecutor.runWorker(ThreadPoolExecutor.java:1144)
	at java.util.concurrent.ThreadPoolExecutor$Worker.run(ThreadPoolExecutor.java:642)
	at java.lang.Thread.run(Thread.java:1583)

2026.10.05 10:40:57 INFO  BSP server: Oct 05, 2026 10:40:57 AM org.eclipse.lsp4j.jsonrpc.services.GenericEndpoint request
2026.10.05 10:40:57 INFO  BSP server: WARNING: Unsupported request method: buildTarget/jvmRunEnvironment
2026.10.05 10:40:57 INFO  scala-cli should support `buildTarget/jvmRunEnvironment`, but it fails.
org.eclipse.lsp4j.jsonrpc.ResponseErrorException: Unsupported request method: buildTarget/jvmRunEnvironment
	at org.eclipse.lsp4j.jsonrpc.RemoteEndpoint.handleResponse(RemoteEndpoint.java:214)
	at org.eclipse.lsp4j.jsonrpc.RemoteEndpoint.consume(RemoteEndpoint.java:198)
	at scala.meta.internal.metals.RequestMonitorImpl$$anon$1.consume(ServerLivenessMonitor.scala:41)
	at org.eclipse.lsp4j.jsonrpc.json.StreamMessageProducer.handleMessage(StreamMessageProducer.java:189)
	at org.eclipse.lsp4j.jsonrpc.json.StreamMessageProducer.listen(StreamMessageProducer.java:97)
	at org.eclipse.lsp4j.jsonrpc.json.ConcurrentMessageProcessor.run(ConcurrentMessageProcessor.java:97)
	at java.util.concurrent.Executors$RunnableAdapter.call(Executors.java:572)
	at java.util.concurrent.FutureTask.run(FutureTask.java:317)
	at java.util.concurrent.ThreadPoolExecutor.runWorker(ThreadPoolExecutor.java:1144)
	at java.util.concurrent.ThreadPoolExecutor$Worker.run(ThreadPoolExecutor.java:642)
	at java.lang.Thread.run(Thread.java:1583)

2026.10.05 10:41:01 INFO  BSP server: Oct 05, 2026 10:41:01 AM org.eclipse.lsp4j.jsonrpc.services.GenericEndpoint request
2026.10.05 10:41:01 INFO  scala-cli should support `buildTarget/jvmRunEnvironment`, but it fails.
org.eclipse.lsp4j.jsonrpc.ResponseErrorException: Unsupported request method: buildTarget/jvmRunEnvironment
	at org.eclipse.lsp4j.jsonrpc.RemoteEndpoint.handleResponse(RemoteEndpoint.java:214)
	at org.eclipse.lsp4j.jsonrpc.RemoteEndpoint.consume(RemoteEndpoint.java:198)
	at scala.meta.internal.metals.RequestMonitorImpl$$anon$1.consume(ServerLivenessMonitor.scala:41)
	at org.eclipse.lsp4j.jsonrpc.json.StreamMessageProducer.handleMessage(StreamMessageProducer.java:189)
	at org.eclipse.lsp4j.jsonrpc.json.StreamMessageProducer.listen(StreamMessageProducer.java:97)
	at org.eclipse.lsp4j.jsonrpc.json.ConcurrentMessageProcessor.run(ConcurrentMessageProcessor.java:97)
	at java.util.concurrent.Executors$RunnableAdapter.call(Executors.java:572)
	at java.util.concurrent.FutureTask.run(FutureTask.java:317)
	at java.util.concurrent.ThreadPoolExecutor.runWorker(ThreadPoolExecutor.java:1144)
	at java.util.concurrent.ThreadPoolExecutor$Worker.run(ThreadPoolExecutor.java:642)
	at java.lang.Thread.run(Thread.java:1583)

2026.10.05 10:41:01 INFO  BSP server: WARNING: Unsupported request method: buildTarget/jvmRunEnvironment
2026.10.05 10:41:01 INFO  BSP server: Oct 05, 2026 10:41:01 AM org.eclipse.lsp4j.jsonrpc.services.GenericEndpoint request
2026.10.05 10:41:01 INFO  BSP server: WARNING: Unsupported request method: buildTarget/jvmRunEnvironment
2026.10.05 10:41:01 INFO  scala-cli should support `buildTarget/jvmRunEnvironment`, but it fails.
org.eclipse.lsp4j.jsonrpc.ResponseErrorException: Unsupported request method: buildTarget/jvmRunEnvironment
	at org.eclipse.lsp4j.jsonrpc.RemoteEndpoint.handleResponse(RemoteEndpoint.java:214)
	at org.eclipse.lsp4j.jsonrpc.RemoteEndpoint.consume(RemoteEndpoint.java:198)
	at scala.meta.internal.metals.RequestMonitorImpl$$anon$1.consume(ServerLivenessMonitor.scala:41)
	at org.eclipse.lsp4j.jsonrpc.json.StreamMessageProducer.handleMessage(StreamMessageProducer.java:189)
	at org.eclipse.lsp4j.jsonrpc.json.StreamMessageProducer.listen(StreamMessageProducer.java:97)
	at org.eclipse.lsp4j.jsonrpc.json.ConcurrentMessageProcessor.run(ConcurrentMessageProcessor.java:97)
	at java.util.concurrent.Executors$RunnableAdapter.call(Executors.java:572)
	at java.util.concurrent.FutureTask.run(FutureTask.java:317)
	at java.util.concurrent.ThreadPoolExecutor.runWorker(ThreadPoolExecutor.java:1144)
	at java.util.concurrent.ThreadPoolExecutor$Worker.run(ThreadPoolExecutor.java:642)
	at java.lang.Thread.run(Thread.java:1583)

2026.10.05 10:41:02 INFO  BSP server: Oct 05, 2026 10:41:02 AM org.eclipse.lsp4j.jsonrpc.services.GenericEndpoint request
2026.10.05 10:41:02 INFO  BSP server: WARNING: Unsupported request method: buildTarget/jvmRunEnvironment
2026.10.05 10:41:02 INFO  scala-cli should support `buildTarget/jvmRunEnvironment`, but it fails.
org.eclipse.lsp4j.jsonrpc.ResponseErrorException: Unsupported request method: buildTarget/jvmRunEnvironment
	at org.eclipse.lsp4j.jsonrpc.RemoteEndpoint.handleResponse(RemoteEndpoint.java:214)
	at org.eclipse.lsp4j.jsonrpc.RemoteEndpoint.consume(RemoteEndpoint.java:198)
	at scala.meta.internal.metals.RequestMonitorImpl$$anon$1.consume(ServerLivenessMonitor.scala:41)
	at org.eclipse.lsp4j.jsonrpc.json.StreamMessageProducer.handleMessage(StreamMessageProducer.java:189)
	at org.eclipse.lsp4j.jsonrpc.json.StreamMessageProducer.listen(StreamMessageProducer.java:97)
	at org.eclipse.lsp4j.jsonrpc.json.ConcurrentMessageProcessor.run(ConcurrentMessageProcessor.java:97)
	at java.util.concurrent.Executors$RunnableAdapter.call(Executors.java:572)
	at java.util.concurrent.FutureTask.run(FutureTask.java:317)
	at java.util.concurrent.ThreadPoolExecutor.runWorker(ThreadPoolExecutor.java:1144)
	at java.util.concurrent.ThreadPoolExecutor$Worker.run(ThreadPoolExecutor.java:642)
	at java.lang.Thread.run(Thread.java:1583)

2026.10.05 10:41:05 INFO  BSP server: Oct 05, 2026 10:41:05 AM org.eclipse.lsp4j.jsonrpc.services.GenericEndpoint request
2026.10.05 10:41:05 INFO  scala-cli should support `buildTarget/jvmRunEnvironment`, but it fails.
org.eclipse.lsp4j.jsonrpc.ResponseErrorException: Unsupported request method: buildTarget/jvmRunEnvironment
	at org.eclipse.lsp4j.jsonrpc.RemoteEndpoint.handleResponse(RemoteEndpoint.java:214)
	at org.eclipse.lsp4j.jsonrpc.RemoteEndpoint.consume(RemoteEndpoint.java:198)
	at scala.meta.internal.metals.RequestMonitorImpl$$anon$1.consume(ServerLivenessMonitor.scala:41)
	at org.eclipse.lsp4j.jsonrpc.json.StreamMessageProducer.handleMessage(StreamMessageProducer.java:189)
	at org.eclipse.lsp4j.jsonrpc.json.StreamMessageProducer.listen(StreamMessageProducer.java:97)
	at org.eclipse.lsp4j.jsonrpc.json.ConcurrentMessageProcessor.run(ConcurrentMessageProcessor.java:97)
	at java.util.concurrent.Executors$RunnableAdapter.call(Executors.java:572)
	at java.util.concurrent.FutureTask.run(FutureTask.java:317)
	at java.util.concurrent.ThreadPoolExecutor.runWorker(ThreadPoolExecutor.java:1144)
	at java.util.concurrent.ThreadPoolExecutor$Worker.run(ThreadPoolExecutor.java:642)
	at java.lang.Thread.run(Thread.java:1583)

2026.10.05 10:41:05 INFO  BSP server: WARNING: Unsupported request method: buildTarget/jvmRunEnvironment
2026.10.05 10:41:05 INFO  BSP server: Oct 05, 2026 10:41:06 AM org.eclipse.lsp4j.jsonrpc.services.GenericEndpoint request
2026.10.05 10:41:05 INFO  BSP server: WARNING: Unsupported request method: buildTarget/jvmRunEnvironment
2026.10.05 10:41:06 INFO  scala-cli should support `buildTarget/jvmRunEnvironment`, but it fails.
org.eclipse.lsp4j.jsonrpc.ResponseErrorException: Unsupported request method: buildTarget/jvmRunEnvironment
	at org.eclipse.lsp4j.jsonrpc.RemoteEndpoint.handleResponse(RemoteEndpoint.java:214)
	at org.eclipse.lsp4j.jsonrpc.RemoteEndpoint.consume(RemoteEndpoint.java:198)
	at scala.meta.internal.metals.RequestMonitorImpl$$anon$1.consume(ServerLivenessMonitor.scala:41)
	at org.eclipse.lsp4j.jsonrpc.json.StreamMessageProducer.handleMessage(StreamMessageProducer.java:189)
	at org.eclipse.lsp4j.jsonrpc.json.StreamMessageProducer.listen(StreamMessageProducer.java:97)
	at org.eclipse.lsp4j.jsonrpc.json.ConcurrentMessageProcessor.run(ConcurrentMessageProcessor.java:97)
	at java.util.concurrent.Executors$RunnableAdapter.call(Executors.java:572)
	at java.util.concurrent.FutureTask.run(FutureTask.java:317)
	at java.util.concurrent.ThreadPoolExecutor.runWorker(ThreadPoolExecutor.java:1144)
	at java.util.concurrent.ThreadPoolExecutor$Worker.run(ThreadPoolExecutor.java:642)
	at java.lang.Thread.run(Thread.java:1583)

2026.10.05 10:41:05 INFO  BSP server: Oct 05, 2026 10:41:06 AM org.eclipse.lsp4j.jsonrpc.services.GenericEndpoint request
2026.10.05 10:41:05 INFO  BSP server: WARNING: Unsupported request method: buildTarget/jvmRunEnvironment
2026.10.05 10:41:06 INFO  scala-cli should support `buildTarget/jvmRunEnvironment`, but it fails.
org.eclipse.lsp4j.jsonrpc.ResponseErrorException: Unsupported request method: buildTarget/jvmRunEnvironment
	at org.eclipse.lsp4j.jsonrpc.RemoteEndpoint.handleResponse(RemoteEndpoint.java:214)
	at org.eclipse.lsp4j.jsonrpc.RemoteEndpoint.consume(RemoteEndpoint.java:198)
	at scala.meta.internal.metals.RequestMonitorImpl$$anon$1.consume(ServerLivenessMonitor.scala:41)
	at org.eclipse.lsp4j.jsonrpc.json.StreamMessageProducer.handleMessage(StreamMessageProducer.java:189)
	at org.eclipse.lsp4j.jsonrpc.json.StreamMessageProducer.listen(StreamMessageProducer.java:97)
	at org.eclipse.lsp4j.jsonrpc.json.ConcurrentMessageProcessor.run(ConcurrentMessageProcessor.java:97)
	at java.util.concurrent.Executors$RunnableAdapter.call(Executors.java:572)
	at java.util.concurrent.FutureTask.run(FutureTask.java:317)
	at java.util.concurrent.ThreadPoolExecutor.runWorker(ThreadPoolExecutor.java:1144)
	at java.util.concurrent.ThreadPoolExecutor$Worker.run(ThreadPoolExecutor.java:642)
	at java.lang.Thread.run(Thread.java:1583)

Oct 05, 2026 10:41:06 AM org.eclipse.lsp4j.jsonrpc.RemoteEndpoint handleCancellation
WARNING: Unmatched cancel notification for request id 865
2026.10.05 10:41:06 INFO  BSP server: Oct 05, 2026 10:41:06 AM org.eclipse.lsp4j.jsonrpc.services.GenericEndpoint request
2026.10.05 10:41:06 INFO  BSP server: WARNING: Unsupported request method: buildTarget/jvmRunEnvironment
2026.10.05 10:41:06 INFO  scala-cli should support `buildTarget/jvmRunEnvironment`, but it fails.
org.eclipse.lsp4j.jsonrpc.ResponseErrorException: Unsupported request method: buildTarget/jvmRunEnvironment
	at org.eclipse.lsp4j.jsonrpc.RemoteEndpoint.handleResponse(RemoteEndpoint.java:214)
	at org.eclipse.lsp4j.jsonrpc.RemoteEndpoint.consume(RemoteEndpoint.java:198)
	at scala.meta.internal.metals.RequestMonitorImpl$$anon$1.consume(ServerLivenessMonitor.scala:41)
	at org.eclipse.lsp4j.jsonrpc.json.StreamMessageProducer.handleMessage(StreamMessageProducer.java:189)
	at org.eclipse.lsp4j.jsonrpc.json.StreamMessageProducer.listen(StreamMessageProducer.java:97)
	at org.eclipse.lsp4j.jsonrpc.json.ConcurrentMessageProcessor.run(ConcurrentMessageProcessor.java:97)
	at java.util.concurrent.Executors$RunnableAdapter.call(Executors.java:572)
	at java.util.concurrent.FutureTask.run(FutureTask.java:317)
	at java.util.concurrent.ThreadPoolExecutor.runWorker(ThreadPoolExecutor.java:1144)
	at java.util.concurrent.ThreadPoolExecutor$Worker.run(ThreadPoolExecutor.java:642)
	at java.lang.Thread.run(Thread.java:1583)

2026.10.05 10:41:07 INFO  BSP server: Oct 05, 2026 10:41:07 AM org.eclipse.lsp4j.jsonrpc.services.GenericEndpoint request
2026.10.05 10:41:07 INFO  scala-cli should support `buildTarget/jvmRunEnvironment`, but it fails.
org.eclipse.lsp4j.jsonrpc.ResponseErrorException: Unsupported request method: buildTarget/jvmRunEnvironment
	at org.eclipse.lsp4j.jsonrpc.RemoteEndpoint.handleResponse(RemoteEndpoint.java:214)
	at org.eclipse.lsp4j.jsonrpc.RemoteEndpoint.consume(RemoteEndpoint.java:198)
	at scala.meta.internal.metals.RequestMonitorImpl$$anon$1.consume(ServerLivenessMonitor.scala:41)
	at org.eclipse.lsp4j.jsonrpc.json.StreamMessageProducer.handleMessage(StreamMessageProducer.java:189)
	at org.eclipse.lsp4j.jsonrpc.json.StreamMessageProducer.listen(StreamMessageProducer.java:97)
	at org.eclipse.lsp4j.jsonrpc.json.ConcurrentMessageProcessor.run(ConcurrentMessageProcessor.java:97)
	at java.util.concurrent.Executors$RunnableAdapter.call(Executors.java:572)
	at java.util.concurrent.FutureTask.run(FutureTask.java:317)
	at java.util.concurrent.ThreadPoolExecutor.runWorker(ThreadPoolExecutor.java:1144)
	at java.util.concurrent.ThreadPoolExecutor$Worker.run(ThreadPoolExecutor.java:642)
	at java.lang.Thread.run(Thread.java:1583)

2026.10.05 10:41:07 INFO  BSP server: WARNING: Unsupported request method: buildTarget/jvmRunEnvironment
2026.10.05 10:41:07 INFO  BSP server: Oct 05, 2026 10:41:08 AM org.eclipse.lsp4j.jsonrpc.services.GenericEndpoint request
2026.10.05 10:41:07 INFO  BSP server: WARNING: Unsupported request method: buildTarget/jvmRunEnvironment
2026.10.05 10:41:08 INFO  scala-cli should support `buildTarget/jvmRunEnvironment`, but it fails.
org.eclipse.lsp4j.jsonrpc.ResponseErrorException: Unsupported request method: buildTarget/jvmRunEnvironment
	at org.eclipse.lsp4j.jsonrpc.RemoteEndpoint.handleResponse(RemoteEndpoint.java:214)
	at org.eclipse.lsp4j.jsonrpc.RemoteEndpoint.consume(RemoteEndpoint.java:198)
	at scala.meta.internal.metals.RequestMonitorImpl$$anon$1.consume(ServerLivenessMonitor.scala:41)
	at org.eclipse.lsp4j.jsonrpc.json.StreamMessageProducer.handleMessage(StreamMessageProducer.java:189)
	at org.eclipse.lsp4j.jsonrpc.json.StreamMessageProducer.listen(StreamMessageProducer.java:97)
	at org.eclipse.lsp4j.jsonrpc.json.ConcurrentMessageProcessor.run(ConcurrentMessageProcessor.java:97)
	at java.util.concurrent.Executors$RunnableAdapter.call(Executors.java:572)
	at java.util.concurrent.FutureTask.run(FutureTask.java:317)
	at java.util.concurrent.ThreadPoolExecutor.runWorker(ThreadPoolExecutor.java:1144)
	at java.util.concurrent.ThreadPoolExecutor$Worker.run(ThreadPoolExecutor.java:642)
	at java.lang.Thread.run(Thread.java:1583)

2026.10.05 10:41:09 INFO  BSP server: Oct 05, 2026 10:41:09 AM org.eclipse.lsp4j.jsonrpc.services.GenericEndpoint request
2026.10.05 10:41:09 INFO  BSP server: WARNING: Unsupported request method: buildTarget/jvmRunEnvironment
2026.10.05 10:41:09 INFO  scala-cli should support `buildTarget/jvmRunEnvironment`, but it fails.
org.eclipse.lsp4j.jsonrpc.ResponseErrorException: Unsupported request method: buildTarget/jvmRunEnvironment
	at org.eclipse.lsp4j.jsonrpc.RemoteEndpoint.handleResponse(RemoteEndpoint.java:214)
	at org.eclipse.lsp4j.jsonrpc.RemoteEndpoint.consume(RemoteEndpoint.java:198)
	at scala.meta.internal.metals.RequestMonitorImpl$$anon$1.consume(ServerLivenessMonitor.scala:41)
	at org.eclipse.lsp4j.jsonrpc.json.StreamMessageProducer.handleMessage(StreamMessageProducer.java:189)
	at org.eclipse.lsp4j.jsonrpc.json.StreamMessageProducer.listen(StreamMessageProducer.java:97)
	at org.eclipse.lsp4j.jsonrpc.json.ConcurrentMessageProcessor.run(ConcurrentMessageProcessor.java:97)
	at java.util.concurrent.Executors$RunnableAdapter.call(Executors.java:572)
	at java.util.concurrent.FutureTask.run(FutureTask.java:317)
	at java.util.concurrent.ThreadPoolExecutor.runWorker(ThreadPoolExecutor.java:1144)
	at java.util.concurrent.ThreadPoolExecutor$Worker.run(ThreadPoolExecutor.java:642)
	at java.lang.Thread.run(Thread.java:1583)

2026.10.05 10:41:10 INFO  BSP server: Oct 05, 2026 10:41:10 AM org.eclipse.lsp4j.jsonrpc.services.GenericEndpoint request
2026.10.05 10:41:10 INFO  scala-cli should support `buildTarget/jvmRunEnvironment`, but it fails.
org.eclipse.lsp4j.jsonrpc.ResponseErrorException: Unsupported request method: buildTarget/jvmRunEnvironment
	at org.eclipse.lsp4j.jsonrpc.RemoteEndpoint.handleResponse(RemoteEndpoint.java:214)
	at org.eclipse.lsp4j.jsonrpc.RemoteEndpoint.consume(RemoteEndpoint.java:198)
	at scala.meta.internal.metals.RequestMonitorImpl$$anon$1.consume(ServerLivenessMonitor.scala:41)
	at org.eclipse.lsp4j.jsonrpc.json.StreamMessageProducer.handleMessage(StreamMessageProducer.java:189)
	at org.eclipse.lsp4j.jsonrpc.json.StreamMessageProducer.listen(StreamMessageProducer.java:97)
	at org.eclipse.lsp4j.jsonrpc.json.ConcurrentMessageProcessor.run(ConcurrentMessageProcessor.java:97)
	at java.util.concurrent.Executors$RunnableAdapter.call(Executors.java:572)
	at java.util.concurrent.FutureTask.run(FutureTask.java:317)
	at java.util.concurrent.ThreadPoolExecutor.runWorker(ThreadPoolExecutor.java:1144)
	at java.util.concurrent.ThreadPoolExecutor$Worker.run(ThreadPoolExecutor.java:642)
	at java.lang.Thread.run(Thread.java:1583)

2026.10.05 10:41:10 INFO  BSP server: WARNING: Unsupported request method: buildTarget/jvmRunEnvironment
2026.10.05 10:41:11 INFO  compiling project_183d125c5c (1 scala source)
2026.10.05 10:41:11 INFO  time: compiled project_183d125c5c in 0.83s
2026.10.05 10:41:12 INFO  BSP server: Oct 05, 2026 10:41:12 AM org.eclipse.lsp4j.jsonrpc.services.GenericEndpoint request
2026.10.05 10:41:12 INFO  BSP server: WARNING: Unsupported request method: buildTarget/jvmRunEnvironment
2026.10.05 10:41:12 INFO  scala-cli should support `buildTarget/jvmRunEnvironment`, but it fails.
org.eclipse.lsp4j.jsonrpc.ResponseErrorException: Unsupported request method: buildTarget/jvmRunEnvironment
	at org.eclipse.lsp4j.jsonrpc.RemoteEndpoint.handleResponse(RemoteEndpoint.java:214)
	at org.eclipse.lsp4j.jsonrpc.RemoteEndpoint.consume(RemoteEndpoint.java:198)
	at scala.meta.internal.metals.RequestMonitorImpl$$anon$1.consume(ServerLivenessMonitor.scala:41)
	at org.eclipse.lsp4j.jsonrpc.json.StreamMessageProducer.handleMessage(StreamMessageProducer.java:189)
	at org.eclipse.lsp4j.jsonrpc.json.StreamMessageProducer.listen(StreamMessageProducer.java:97)
	at org.eclipse.lsp4j.jsonrpc.json.ConcurrentMessageProcessor.run(ConcurrentMessageProcessor.java:97)
	at java.util.concurrent.Executors$RunnableAdapter.call(Executors.java:572)
	at java.util.concurrent.FutureTask.run(FutureTask.java:317)
	at java.util.concurrent.ThreadPoolExecutor.runWorker(ThreadPoolExecutor.java:1144)
	at java.util.concurrent.ThreadPoolExecutor$Worker.run(ThreadPoolExecutor.java:642)
	at java.lang.Thread.run(Thread.java:1583)

2026.10.05 10:41:13 INFO  BSP server: Oct 05, 2026 10:41:13 AM org.eclipse.lsp4j.jsonrpc.services.GenericEndpoint request
2026.10.05 10:41:13 INFO  scala-cli should support `buildTarget/jvmRunEnvironment`, but it fails.
org.eclipse.lsp4j.jsonrpc.ResponseErrorException: Unsupported request method: buildTarget/jvmRunEnvironment
	at org.eclipse.lsp4j.jsonrpc.RemoteEndpoint.handleResponse(RemoteEndpoint.java:214)
	at org.eclipse.lsp4j.jsonrpc.RemoteEndpoint.consume(RemoteEndpoint.java:198)
	at scala.meta.internal.metals.RequestMonitorImpl$$anon$1.consume(ServerLivenessMonitor.scala:41)
	at org.eclipse.lsp4j.jsonrpc.json.StreamMessageProducer.handleMessage(StreamMessageProducer.java:189)
	at org.eclipse.lsp4j.jsonrpc.json.StreamMessageProducer.listen(StreamMessageProducer.java:97)
	at org.eclipse.lsp4j.jsonrpc.json.ConcurrentMessageProcessor.run(ConcurrentMessageProcessor.java:97)
	at java.util.concurrent.Executors$RunnableAdapter.call(Executors.java:572)
	at java.util.concurrent.FutureTask.run(FutureTask.java:317)
	at java.util.concurrent.ThreadPoolExecutor.runWorker(ThreadPoolExecutor.java:1144)
	at java.util.concurrent.ThreadPoolExecutor$Worker.run(ThreadPoolExecutor.java:642)
	at java.lang.Thread.run(Thread.java:1583)

2026.10.05 10:41:13 INFO  BSP server: WARNING: Unsupported request method: buildTarget/jvmRunEnvironment
2026.10.05 10:41:13 INFO  BSP server: Oct 05, 2026 10:41:14 AM org.eclipse.lsp4j.jsonrpc.services.GenericEndpoint request
2026.10.05 10:41:13 INFO  BSP server: WARNING: Unsupported request method: buildTarget/jvmRunEnvironment
2026.10.05 10:41:14 INFO  scala-cli should support `buildTarget/jvmRunEnvironment`, but it fails.
org.eclipse.lsp4j.jsonrpc.ResponseErrorException: Unsupported request method: buildTarget/jvmRunEnvironment
	at org.eclipse.lsp4j.jsonrpc.RemoteEndpoint.handleResponse(RemoteEndpoint.java:214)
	at org.eclipse.lsp4j.jsonrpc.RemoteEndpoint.consume(RemoteEndpoint.java:198)
	at scala.meta.internal.metals.RequestMonitorImpl$$anon$1.consume(ServerLivenessMonitor.scala:41)
	at org.eclipse.lsp4j.jsonrpc.json.StreamMessageProducer.handleMessage(StreamMessageProducer.java:189)
	at org.eclipse.lsp4j.jsonrpc.json.StreamMessageProducer.listen(StreamMessageProducer.java:97)
	at org.eclipse.lsp4j.jsonrpc.json.ConcurrentMessageProcessor.run(ConcurrentMessageProcessor.java:97)
	at java.util.concurrent.Executors$RunnableAdapter.call(Executors.java:572)
	at java.util.concurrent.FutureTask.run(FutureTask.java:317)
	at java.util.concurrent.ThreadPoolExecutor.runWorker(ThreadPoolExecutor.java:1144)
	at java.util.concurrent.ThreadPoolExecutor$Worker.run(ThreadPoolExecutor.java:642)
	at java.lang.Thread.run(Thread.java:1583)

2026.10.05 10:41:15 WARN  Could not load snapshot text for /Users/SatheeshKumar.Jayaraman/HMRC Live Services/scala-play-training/fundamentals/week01-basics/Day01ValuesAndTypes.scala
2026.10.05 10:41:15 INFO  BSP server: Oct 05, 2026 10:41:15 AM org.eclipse.lsp4j.jsonrpc.services.GenericEndpoint request
2026.10.05 10:41:15 INFO  BSP server: WARNING: Unsupported request method: buildTarget/jvmRunEnvironment
2026.10.05 10:41:15 INFO  scala-cli should support `buildTarget/jvmRunEnvironment`, but it fails.
org.eclipse.lsp4j.jsonrpc.ResponseErrorException: Unsupported request method: buildTarget/jvmRunEnvironment
	at org.eclipse.lsp4j.jsonrpc.RemoteEndpoint.handleResponse(RemoteEndpoint.java:214)
	at org.eclipse.lsp4j.jsonrpc.RemoteEndpoint.consume(RemoteEndpoint.java:198)
	at scala.meta.internal.metals.RequestMonitorImpl$$anon$1.consume(ServerLivenessMonitor.scala:41)
	at org.eclipse.lsp4j.jsonrpc.json.StreamMessageProducer.handleMessage(StreamMessageProducer.java:189)
	at org.eclipse.lsp4j.jsonrpc.json.StreamMessageProducer.listen(StreamMessageProducer.java:97)
	at org.eclipse.lsp4j.jsonrpc.json.ConcurrentMessageProcessor.run(ConcurrentMessageProcessor.java:97)
	at java.util.concurrent.Executors$RunnableAdapter.call(Executors.java:572)
	at java.util.concurrent.FutureTask.run(FutureTask.java:317)
	at java.util.concurrent.ThreadPoolExecutor.runWorker(ThreadPoolExecutor.java:1144)
	at java.util.concurrent.ThreadPoolExecutor$Worker.run(ThreadPoolExecutor.java:642)
	at java.lang.Thread.run(Thread.java:1583)

2026.10.05 10:41:15 INFO  compiling project_183d125c5c (1 scala source)
2026.10.05 10:41:15 INFO  time: compiled project_183d125c5c in 0.27s
2026.10.05 10:41:15 INFO  BSP server: Oct 05, 2026 10:41:16 AM org.eclipse.lsp4j.jsonrpc.services.GenericEndpoint request
2026.10.05 10:41:15 INFO  BSP server: WARNING: Unsupported request method: buildTarget/jvmRunEnvironment
2026.10.05 10:41:15 INFO  scala-cli should support `buildTarget/jvmRunEnvironment`, but it fails.
org.eclipse.lsp4j.jsonrpc.ResponseErrorException: Unsupported request method: buildTarget/jvmRunEnvironment
	at org.eclipse.lsp4j.jsonrpc.RemoteEndpoint.handleResponse(RemoteEndpoint.java:214)
	at org.eclipse.lsp4j.jsonrpc.RemoteEndpoint.consume(RemoteEndpoint.java:198)
	at scala.meta.internal.metals.RequestMonitorImpl$$anon$1.consume(ServerLivenessMonitor.scala:41)
	at org.eclipse.lsp4j.jsonrpc.json.StreamMessageProducer.handleMessage(StreamMessageProducer.java:189)
	at org.eclipse.lsp4j.jsonrpc.json.StreamMessageProducer.listen(StreamMessageProducer.java:97)
	at org.eclipse.lsp4j.jsonrpc.json.ConcurrentMessageProcessor.run(ConcurrentMessageProcessor.java:97)
	at java.util.concurrent.Executors$RunnableAdapter.call(Executors.java:572)
	at java.util.concurrent.FutureTask.run(FutureTask.java:317)
	at java.util.concurrent.ThreadPoolExecutor.runWorker(ThreadPoolExecutor.java:1144)
	at java.util.concurrent.ThreadPoolExecutor$Worker.run(ThreadPoolExecutor.java:642)
	at java.lang.Thread.run(Thread.java:1583)

2026.10.05 10:41:28 INFO  BSP server: Oct 05, 2026 10:41:28 AM org.eclipse.lsp4j.jsonrpc.services.GenericEndpoint request
2026.10.05 10:41:28 INFO  scala-cli should support `buildTarget/jvmRunEnvironment`, but it fails.
org.eclipse.lsp4j.jsonrpc.ResponseErrorException: Unsupported request method: buildTarget/jvmRunEnvironment
	at org.eclipse.lsp4j.jsonrpc.RemoteEndpoint.handleResponse(RemoteEndpoint.java:214)
	at org.eclipse.lsp4j.jsonrpc.RemoteEndpoint.consume(RemoteEndpoint.java:198)
	at scala.meta.internal.metals.RequestMonitorImpl$$anon$1.consume(ServerLivenessMonitor.scala:41)
	at org.eclipse.lsp4j.jsonrpc.json.StreamMessageProducer.handleMessage(StreamMessageProducer.java:189)
	at org.eclipse.lsp4j.jsonrpc.json.StreamMessageProducer.listen(StreamMessageProducer.java:97)
	at org.eclipse.lsp4j.jsonrpc.json.ConcurrentMessageProcessor.run(ConcurrentMessageProcessor.java:97)
	at java.util.concurrent.Executors$RunnableAdapter.call(Executors.java:572)
	at java.util.concurrent.FutureTask.run(FutureTask.java:317)
	at java.util.concurrent.ThreadPoolExecutor.runWorker(ThreadPoolExecutor.java:1144)
	at java.util.concurrent.ThreadPoolExecutor$Worker.run(ThreadPoolExecutor.java:642)
	at java.lang.Thread.run(Thread.java:1583)

2026.10.05 10:41:28 INFO  BSP server: WARNING: Unsupported request method: buildTarget/jvmRunEnvironment
2026.10.05 10:42:30 INFO  BSP server: Oct 05, 2026 10:42:30 AM org.eclipse.lsp4j.jsonrpc.services.GenericEndpoint request
2026.10.05 10:42:30 INFO  scala-cli should support `buildTarget/jvmRunEnvironment`, but it fails.
org.eclipse.lsp4j.jsonrpc.ResponseErrorException: Unsupported request method: buildTarget/jvmRunEnvironment
	at org.eclipse.lsp4j.jsonrpc.RemoteEndpoint.handleResponse(RemoteEndpoint.java:214)
	at org.eclipse.lsp4j.jsonrpc.RemoteEndpoint.consume(RemoteEndpoint.java:198)
	at scala.meta.internal.metals.RequestMonitorImpl$$anon$1.consume(ServerLivenessMonitor.scala:41)
	at org.eclipse.lsp4j.jsonrpc.json.StreamMessageProducer.handleMessage(StreamMessageProducer.java:189)
	at org.eclipse.lsp4j.jsonrpc.json.StreamMessageProducer.listen(StreamMessageProducer.java:97)
	at org.eclipse.lsp4j.jsonrpc.json.ConcurrentMessageProcessor.run(ConcurrentMessageProcessor.java:97)
	at java.util.concurrent.Executors$RunnableAdapter.call(Executors.java:572)
	at java.util.concurrent.FutureTask.run(FutureTask.java:317)
	at java.util.concurrent.ThreadPoolExecutor.runWorker(ThreadPoolExecutor.java:1144)
	at java.util.concurrent.ThreadPoolExecutor$Worker.run(ThreadPoolExecutor.java:642)
	at java.lang.Thread.run(Thread.java:1583)

2026.10.05 10:42:30 INFO  BSP server: WARNING: Unsupported request method: buildTarget/jvmRunEnvironment
2026.10.05 10:42:30 INFO  BSP server: Oct 05, 2026 10:42:30 AM org.eclipse.lsp4j.jsonrpc.services.GenericEndpoint request
2026.10.05 10:42:30 INFO  BSP server: WARNING: Unsupported request method: buildTarget/jvmRunEnvironment
2026.10.05 10:42:30 INFO  scala-cli should support `buildTarget/jvmRunEnvironment`, but it fails.
org.eclipse.lsp4j.jsonrpc.ResponseErrorException: Unsupported request method: buildTarget/jvmRunEnvironment
	at org.eclipse.lsp4j.jsonrpc.RemoteEndpoint.handleResponse(RemoteEndpoint.java:214)
	at org.eclipse.lsp4j.jsonrpc.RemoteEndpoint.consume(RemoteEndpoint.java:198)
	at scala.meta.internal.metals.RequestMonitorImpl$$anon$1.consume(ServerLivenessMonitor.scala:41)
	at org.eclipse.lsp4j.jsonrpc.json.StreamMessageProducer.handleMessage(StreamMessageProducer.java:189)
	at org.eclipse.lsp4j.jsonrpc.json.StreamMessageProducer.listen(StreamMessageProducer.java:97)
	at org.eclipse.lsp4j.jsonrpc.json.ConcurrentMessageProcessor.run(ConcurrentMessageProcessor.java:97)
	at java.util.concurrent.Executors$RunnableAdapter.call(Executors.java:572)
	at java.util.concurrent.FutureTask.run(FutureTask.java:317)
	at java.util.concurrent.ThreadPoolExecutor.runWorker(ThreadPoolExecutor.java:1144)
	at java.util.concurrent.ThreadPoolExecutor$Worker.run(ThreadPoolExecutor.java:642)
	at java.lang.Thread.run(Thread.java:1583)

2026.10.05 10:42:31 INFO  BSP server: Oct 05, 2026 10:42:31 AM org.eclipse.lsp4j.jsonrpc.services.GenericEndpoint request
2026.10.05 10:42:31 INFO  BSP server: WARNING: Unsupported request method: buildTarget/jvmRunEnvironment
2026.10.05 10:42:31 INFO  scala-cli should support `buildTarget/jvmRunEnvironment`, but it fails.
org.eclipse.lsp4j.jsonrpc.ResponseErrorException: Unsupported request method: buildTarget/jvmRunEnvironment
	at org.eclipse.lsp4j.jsonrpc.RemoteEndpoint.handleResponse(RemoteEndpoint.java:214)
	at org.eclipse.lsp4j.jsonrpc.RemoteEndpoint.consume(RemoteEndpoint.java:198)
	at scala.meta.internal.metals.RequestMonitorImpl$$anon$1.consume(ServerLivenessMonitor.scala:41)
	at org.eclipse.lsp4j.jsonrpc.json.StreamMessageProducer.handleMessage(StreamMessageProducer.java:189)
	at org.eclipse.lsp4j.jsonrpc.json.StreamMessageProducer.listen(StreamMessageProducer.java:97)
	at org.eclipse.lsp4j.jsonrpc.json.ConcurrentMessageProcessor.run(ConcurrentMessageProcessor.java:97)
	at java.util.concurrent.Executors$RunnableAdapter.call(Executors.java:572)
	at java.util.concurrent.FutureTask.run(FutureTask.java:317)
	at java.util.concurrent.ThreadPoolExecutor.runWorker(ThreadPoolExecutor.java:1144)
	at java.util.concurrent.ThreadPoolExecutor$Worker.run(ThreadPoolExecutor.java:642)
	at java.lang.Thread.run(Thread.java:1583)

2026.10.05 10:42:36 INFO  BSP server: Oct 05, 2026 10:42:36 AM org.eclipse.lsp4j.jsonrpc.services.GenericEndpoint request
2026.10.05 10:42:36 INFO  scala-cli should support `buildTarget/jvmRunEnvironment`, but it fails.
org.eclipse.lsp4j.jsonrpc.ResponseErrorException: Unsupported request method: buildTarget/jvmRunEnvironment
	at org.eclipse.lsp4j.jsonrpc.RemoteEndpoint.handleResponse(RemoteEndpoint.java:214)
	at org.eclipse.lsp4j.jsonrpc.RemoteEndpoint.consume(RemoteEndpoint.java:198)
	at scala.meta.internal.metals.RequestMonitorImpl$$anon$1.consume(ServerLivenessMonitor.scala:41)
	at org.eclipse.lsp4j.jsonrpc.json.StreamMessageProducer.handleMessage(StreamMessageProducer.java:189)
	at org.eclipse.lsp4j.jsonrpc.json.StreamMessageProducer.listen(StreamMessageProducer.java:97)
	at org.eclipse.lsp4j.jsonrpc.json.ConcurrentMessageProcessor.run(ConcurrentMessageProcessor.java:97)
	at java.util.concurrent.Executors$RunnableAdapter.call(Executors.java:572)
	at java.util.concurrent.FutureTask.run(FutureTask.java:317)
	at java.util.concurrent.ThreadPoolExecutor.runWorker(ThreadPoolExecutor.java:1144)
	at java.util.concurrent.ThreadPoolExecutor$Worker.run(ThreadPoolExecutor.java:642)
	at java.lang.Thread.run(Thread.java:1583)

2026.10.05 10:42:36 INFO  BSP server: WARNING: Unsupported request method: buildTarget/jvmRunEnvironment
2026.10.05 10:42:37 INFO  BSP server: Oct 05, 2026 10:42:37 AM org.eclipse.lsp4j.jsonrpc.services.GenericEndpoint request
2026.10.05 10:42:37 INFO  BSP server: WARNING: Unsupported request method: buildTarget/jvmRunEnvironment
2026.10.05 10:42:37 INFO  scala-cli should support `buildTarget/jvmRunEnvironment`, but it fails.
org.eclipse.lsp4j.jsonrpc.ResponseErrorException: Unsupported request method: buildTarget/jvmRunEnvironment
	at org.eclipse.lsp4j.jsonrpc.RemoteEndpoint.handleResponse(RemoteEndpoint.java:214)
	at org.eclipse.lsp4j.jsonrpc.RemoteEndpoint.consume(RemoteEndpoint.java:198)
	at scala.meta.internal.metals.RequestMonitorImpl$$anon$1.consume(ServerLivenessMonitor.scala:41)
	at org.eclipse.lsp4j.jsonrpc.json.StreamMessageProducer.handleMessage(StreamMessageProducer.java:189)
	at org.eclipse.lsp4j.jsonrpc.json.StreamMessageProducer.listen(StreamMessageProducer.java:97)
	at org.eclipse.lsp4j.jsonrpc.json.ConcurrentMessageProcessor.run(ConcurrentMessageProcessor.java:97)
	at java.util.concurrent.Executors$RunnableAdapter.call(Executors.java:572)
	at java.util.concurrent.FutureTask.run(FutureTask.java:317)
	at java.util.concurrent.ThreadPoolExecutor.runWorker(ThreadPoolExecutor.java:1144)
	at java.util.concurrent.ThreadPoolExecutor$Worker.run(ThreadPoolExecutor.java:642)
	at java.lang.Thread.run(Thread.java:1583)

2026.10.05 10:42:37 INFO  BSP server: Oct 05, 2026 10:42:37 AM org.eclipse.lsp4j.jsonrpc.services.GenericEndpoint request
2026.10.05 10:42:37 INFO  scala-cli should support `buildTarget/jvmRunEnvironment`, but it fails.
org.eclipse.lsp4j.jsonrpc.ResponseErrorException: Unsupported request method: buildTarget/jvmRunEnvironment
	at org.eclipse.lsp4j.jsonrpc.RemoteEndpoint.handleResponse(RemoteEndpoint.java:214)
	at org.eclipse.lsp4j.jsonrpc.RemoteEndpoint.consume(RemoteEndpoint.java:198)
	at scala.meta.internal.metals.RequestMonitorImpl$$anon$1.consume(ServerLivenessMonitor.scala:41)
	at org.eclipse.lsp4j.jsonrpc.json.StreamMessageProducer.handleMessage(StreamMessageProducer.java:189)
	at org.eclipse.lsp4j.jsonrpc.json.StreamMessageProducer.listen(StreamMessageProducer.java:97)
	at org.eclipse.lsp4j.jsonrpc.json.ConcurrentMessageProcessor.run(ConcurrentMessageProcessor.java:97)
	at java.util.concurrent.Executors$RunnableAdapter.call(Executors.java:572)
	at java.util.concurrent.FutureTask.run(FutureTask.java:317)
	at java.util.concurrent.ThreadPoolExecutor.runWorker(ThreadPoolExecutor.java:1144)
	at java.util.concurrent.ThreadPoolExecutor$Worker.run(ThreadPoolExecutor.java:642)
	at java.lang.Thread.run(Thread.java:1583)

2026.10.05 10:42:37 INFO  BSP server: WARNING: Unsupported request method: buildTarget/jvmRunEnvironment
2026.10.05 10:42:38 INFO  BSP server: Oct 05, 2026 10:42:38 AM org.eclipse.lsp4j.jsonrpc.services.GenericEndpoint request
2026.10.05 10:42:38 INFO  scala-cli should support `buildTarget/jvmRunEnvironment`, but it fails.
org.eclipse.lsp4j.jsonrpc.ResponseErrorException: Unsupported request method: buildTarget/jvmRunEnvironment
	at org.eclipse.lsp4j.jsonrpc.RemoteEndpoint.handleResponse(RemoteEndpoint.java:214)
	at org.eclipse.lsp4j.jsonrpc.RemoteEndpoint.consume(RemoteEndpoint.java:198)
	at scala.meta.internal.metals.RequestMonitorImpl$$anon$1.consume(ServerLivenessMonitor.scala:41)
	at org.eclipse.lsp4j.jsonrpc.json.StreamMessageProducer.handleMessage(StreamMessageProducer.java:189)
	at org.eclipse.lsp4j.jsonrpc.json.StreamMessageProducer.listen(StreamMessageProducer.java:97)
	at org.eclipse.lsp4j.jsonrpc.json.ConcurrentMessageProcessor.run(ConcurrentMessageProcessor.java:97)
	at java.util.concurrent.Executors$RunnableAdapter.call(Executors.java:572)
	at java.util.concurrent.FutureTask.run(FutureTask.java:317)
	at java.util.concurrent.ThreadPoolExecutor.runWorker(ThreadPoolExecutor.java:1144)
	at java.util.concurrent.ThreadPoolExecutor$Worker.run(ThreadPoolExecutor.java:642)
	at java.lang.Thread.run(Thread.java:1583)

2026.10.05 10:42:38 INFO  BSP server: WARNING: Unsupported request method: buildTarget/jvmRunEnvironment
2026.10.05 10:42:38 INFO  BSP server: Oct 05, 2026 10:42:39 AM org.eclipse.lsp4j.jsonrpc.services.GenericEndpoint request
2026.10.05 10:42:38 INFO  BSP server: WARNING: Unsupported request method: buildTarget/jvmRunEnvironment
2026.10.05 10:42:39 INFO  scala-cli should support `buildTarget/jvmRunEnvironment`, but it fails.
org.eclipse.lsp4j.jsonrpc.ResponseErrorException: Unsupported request method: buildTarget/jvmRunEnvironment
	at org.eclipse.lsp4j.jsonrpc.RemoteEndpoint.handleResponse(RemoteEndpoint.java:214)
	at org.eclipse.lsp4j.jsonrpc.RemoteEndpoint.consume(RemoteEndpoint.java:198)
	at scala.meta.internal.metals.RequestMonitorImpl$$anon$1.consume(ServerLivenessMonitor.scala:41)
	at org.eclipse.lsp4j.jsonrpc.json.StreamMessageProducer.handleMessage(StreamMessageProducer.java:189)
	at org.eclipse.lsp4j.jsonrpc.json.StreamMessageProducer.listen(StreamMessageProducer.java:97)
	at org.eclipse.lsp4j.jsonrpc.json.ConcurrentMessageProcessor.run(ConcurrentMessageProcessor.java:97)
	at java.util.concurrent.Executors$RunnableAdapter.call(Executors.java:572)
	at java.util.concurrent.FutureTask.run(FutureTask.java:317)
	at java.util.concurrent.ThreadPoolExecutor.runWorker(ThreadPoolExecutor.java:1144)
	at java.util.concurrent.ThreadPoolExecutor$Worker.run(ThreadPoolExecutor.java:642)
	at java.lang.Thread.run(Thread.java:1583)

Oct 05, 2026 10:43:10 AM org.eclipse.lsp4j.jsonrpc.services.GenericEndpoint notify
INFO: Unsupported notification method: $/setTrace
Oct 05, 2026 10:43:13 AM org.eclipse.lsp4j.jsonrpc.services.GenericEndpoint notify
INFO: Unsupported notification method: $/setTrace
2026.10.05 10:44:12 INFO  BSP server: Oct 05, 2026 10:44:12 AM org.eclipse.lsp4j.jsonrpc.services.GenericEndpoint request
2026.10.05 10:44:12 INFO  scala-cli should support `buildTarget/jvmRunEnvironment`, but it fails.
org.eclipse.lsp4j.jsonrpc.ResponseErrorException: Unsupported request method: buildTarget/jvmRunEnvironment
	at org.eclipse.lsp4j.jsonrpc.RemoteEndpoint.handleResponse(RemoteEndpoint.java:214)
	at org.eclipse.lsp4j.jsonrpc.RemoteEndpoint.consume(RemoteEndpoint.java:198)
	at scala.meta.internal.metals.RequestMonitorImpl$$anon$1.consume(ServerLivenessMonitor.scala:41)
	at org.eclipse.lsp4j.jsonrpc.json.StreamMessageProducer.handleMessage(StreamMessageProducer.java:189)
	at org.eclipse.lsp4j.jsonrpc.json.StreamMessageProducer.listen(StreamMessageProducer.java:97)
	at org.eclipse.lsp4j.jsonrpc.json.ConcurrentMessageProcessor.run(ConcurrentMessageProcessor.java:97)
	at java.util.concurrent.Executors$RunnableAdapter.call(Executors.java:572)
	at java.util.concurrent.FutureTask.run(FutureTask.java:317)
	at java.util.concurrent.ThreadPoolExecutor.runWorker(ThreadPoolExecutor.java:1144)
	at java.util.concurrent.ThreadPoolExecutor$Worker.run(ThreadPoolExecutor.java:642)
	at java.lang.Thread.run(Thread.java:1583)

2026.10.05 10:44:12 INFO  BSP server: WARNING: Unsupported request method: buildTarget/jvmRunEnvironment
2026.10.05 10:44:16 INFO  BSP server: Oct 05, 2026 10:44:16 AM org.eclipse.lsp4j.jsonrpc.services.GenericEndpoint request
2026.10.05 10:44:16 INFO  BSP server: WARNING: Unsupported request method: buildTarget/jvmRunEnvironment
2026.10.05 10:44:16 INFO  scala-cli should support `buildTarget/jvmRunEnvironment`, but it fails.
org.eclipse.lsp4j.jsonrpc.ResponseErrorException: Unsupported request method: buildTarget/jvmRunEnvironment
	at org.eclipse.lsp4j.jsonrpc.RemoteEndpoint.handleResponse(RemoteEndpoint.java:214)
	at org.eclipse.lsp4j.jsonrpc.RemoteEndpoint.consume(RemoteEndpoint.java:198)
	at scala.meta.internal.metals.RequestMonitorImpl$$anon$1.consume(ServerLivenessMonitor.scala:41)
	at org.eclipse.lsp4j.jsonrpc.json.StreamMessageProducer.handleMessage(StreamMessageProducer.java:189)
	at org.eclipse.lsp4j.jsonrpc.json.StreamMessageProducer.listen(StreamMessageProducer.java:97)
	at org.eclipse.lsp4j.jsonrpc.json.ConcurrentMessageProcessor.run(ConcurrentMessageProcessor.java:97)
	at java.util.concurrent.Executors$RunnableAdapter.call(Executors.java:572)
	at java.util.concurrent.FutureTask.run(FutureTask.java:317)
	at java.util.concurrent.ThreadPoolExecutor.runWorker(ThreadPoolExecutor.java:1144)
	at java.util.concurrent.ThreadPoolExecutor$Worker.run(ThreadPoolExecutor.java:642)
	at java.lang.Thread.run(Thread.java:1583)

2026.10.05 10:46:05 INFO  BSP server: Oct 05, 2026 10:46:05 AM org.eclipse.lsp4j.jsonrpc.services.GenericEndpoint request
2026.10.05 10:46:05 INFO  BSP server: WARNING: Unsupported request method: buildTarget/jvmRunEnvironment
2026.10.05 10:46:05 INFO  scala-cli should support `buildTarget/jvmRunEnvironment`, but it fails.
org.eclipse.lsp4j.jsonrpc.ResponseErrorException: Unsupported request method: buildTarget/jvmRunEnvironment
	at org.eclipse.lsp4j.jsonrpc.RemoteEndpoint.handleResponse(RemoteEndpoint.java:214)
	at org.eclipse.lsp4j.jsonrpc.RemoteEndpoint.consume(RemoteEndpoint.java:198)
	at scala.meta.internal.metals.RequestMonitorImpl$$anon$1.consume(ServerLivenessMonitor.scala:41)
	at org.eclipse.lsp4j.jsonrpc.json.StreamMessageProducer.handleMessage(StreamMessageProducer.java:189)
	at org.eclipse.lsp4j.jsonrpc.json.StreamMessageProducer.listen(StreamMessageProducer.java:97)
	at org.eclipse.lsp4j.jsonrpc.json.ConcurrentMessageProcessor.run(ConcurrentMessageProcessor.java:97)
	at java.util.concurrent.Executors$RunnableAdapter.call(Executors.java:572)
	at java.util.concurrent.FutureTask.run(FutureTask.java:317)
	at java.util.concurrent.ThreadPoolExecutor.runWorker(ThreadPoolExecutor.java:1144)
	at java.util.concurrent.ThreadPoolExecutor$Worker.run(ThreadPoolExecutor.java:642)
	at java.lang.Thread.run(Thread.java:1583)

2026.10.05 10:46:13 INFO  BSP server: Oct 05, 2026 10:46:13 AM org.eclipse.lsp4j.jsonrpc.services.GenericEndpoint request
2026.10.05 10:46:13 INFO  scala-cli should support `buildTarget/jvmRunEnvironment`, but it fails.
org.eclipse.lsp4j.jsonrpc.ResponseErrorException: Unsupported request method: buildTarget/jvmRunEnvironment
	at org.eclipse.lsp4j.jsonrpc.RemoteEndpoint.handleResponse(RemoteEndpoint.java:214)
	at org.eclipse.lsp4j.jsonrpc.RemoteEndpoint.consume(RemoteEndpoint.java:198)
	at scala.meta.internal.metals.RequestMonitorImpl$$anon$1.consume(ServerLivenessMonitor.scala:41)
	at org.eclipse.lsp4j.jsonrpc.json.StreamMessageProducer.handleMessage(StreamMessageProducer.java:189)
	at org.eclipse.lsp4j.jsonrpc.json.StreamMessageProducer.listen(StreamMessageProducer.java:97)
	at org.eclipse.lsp4j.jsonrpc.json.ConcurrentMessageProcessor.run(ConcurrentMessageProcessor.java:97)
	at java.util.concurrent.Executors$RunnableAdapter.call(Executors.java:572)
	at java.util.concurrent.FutureTask.run(FutureTask.java:317)
	at java.util.concurrent.ThreadPoolExecutor.runWorker(ThreadPoolExecutor.java:1144)
	at java.util.concurrent.ThreadPoolExecutor$Worker.run(ThreadPoolExecutor.java:642)
	at java.lang.Thread.run(Thread.java:1583)

2026.10.05 10:46:13 INFO  BSP server: WARNING: Unsupported request method: buildTarget/jvmRunEnvironment
2026.10.05 10:46:16 INFO  BSP server: Oct 05, 2026 10:46:16 AM org.eclipse.lsp4j.jsonrpc.services.GenericEndpoint request
2026.10.05 10:46:16 INFO  BSP server: WARNING: Unsupported request method: buildTarget/jvmRunEnvironment
2026.10.05 10:46:16 INFO  scala-cli should support `buildTarget/jvmRunEnvironment`, but it fails.
org.eclipse.lsp4j.jsonrpc.ResponseErrorException: Unsupported request method: buildTarget/jvmRunEnvironment
	at org.eclipse.lsp4j.jsonrpc.RemoteEndpoint.handleResponse(RemoteEndpoint.java:214)
	at org.eclipse.lsp4j.jsonrpc.RemoteEndpoint.consume(RemoteEndpoint.java:198)
	at scala.meta.internal.metals.RequestMonitorImpl$$anon$1.consume(ServerLivenessMonitor.scala:41)
	at org.eclipse.lsp4j.jsonrpc.json.StreamMessageProducer.handleMessage(StreamMessageProducer.java:189)
	at org.eclipse.lsp4j.jsonrpc.json.StreamMessageProducer.listen(StreamMessageProducer.java:97)
	at org.eclipse.lsp4j.jsonrpc.json.ConcurrentMessageProcessor.run(ConcurrentMessageProcessor.java:97)
	at java.util.concurrent.Executors$RunnableAdapter.call(Executors.java:572)
	at java.util.concurrent.FutureTask.run(FutureTask.java:317)
	at java.util.concurrent.ThreadPoolExecutor.runWorker(ThreadPoolExecutor.java:1144)
	at java.util.concurrent.ThreadPoolExecutor$Worker.run(ThreadPoolExecutor.java:642)
	at java.lang.Thread.run(Thread.java:1583)

2026.10.05 10:46:21 INFO  BSP server: Oct 05, 2026 10:46:21 AM org.eclipse.lsp4j.jsonrpc.services.GenericEndpoint request
2026.10.05 10:46:21 INFO  scala-cli should support `buildTarget/jvmRunEnvironment`, but it fails.
org.eclipse.lsp4j.jsonrpc.ResponseErrorException: Unsupported request method: buildTarget/jvmRunEnvironment
	at org.eclipse.lsp4j.jsonrpc.RemoteEndpoint.handleResponse(RemoteEndpoint.java:214)
	at org.eclipse.lsp4j.jsonrpc.RemoteEndpoint.consume(RemoteEndpoint.java:198)
	at scala.meta.internal.metals.RequestMonitorImpl$$anon$1.consume(ServerLivenessMonitor.scala:41)
	at org.eclipse.lsp4j.jsonrpc.json.StreamMessageProducer.handleMessage(StreamMessageProducer.java:189)
	at org.eclipse.lsp4j.jsonrpc.json.StreamMessageProducer.listen(StreamMessageProducer.java:97)
	at org.eclipse.lsp4j.jsonrpc.json.ConcurrentMessageProcessor.run(ConcurrentMessageProcessor.java:97)
	at java.util.concurrent.Executors$RunnableAdapter.call(Executors.java:572)
	at java.util.concurrent.FutureTask.run(FutureTask.java:317)
	at java.util.concurrent.ThreadPoolExecutor.runWorker(ThreadPoolExecutor.java:1144)
	at java.util.concurrent.ThreadPoolExecutor$Worker.run(ThreadPoolExecutor.java:642)
	at java.lang.Thread.run(Thread.java:1583)

2026.10.05 10:46:21 INFO  BSP server: WARNING: Unsupported request method: buildTarget/jvmRunEnvironment
2026.10.05 10:46:21 INFO  BSP server: Oct 05, 2026 10:46:22 AM org.eclipse.lsp4j.jsonrpc.services.GenericEndpoint request
2026.10.05 10:46:21 INFO  BSP server: WARNING: Unsupported request method: buildTarget/jvmRunEnvironment
2026.10.05 10:46:22 INFO  scala-cli should support `buildTarget/jvmRunEnvironment`, but it fails.
org.eclipse.lsp4j.jsonrpc.ResponseErrorException: Unsupported request method: buildTarget/jvmRunEnvironment
	at org.eclipse.lsp4j.jsonrpc.RemoteEndpoint.handleResponse(RemoteEndpoint.java:214)
	at org.eclipse.lsp4j.jsonrpc.RemoteEndpoint.consume(RemoteEndpoint.java:198)
	at scala.meta.internal.metals.RequestMonitorImpl$$anon$1.consume(ServerLivenessMonitor.scala:41)
	at org.eclipse.lsp4j.jsonrpc.json.StreamMessageProducer.handleMessage(StreamMessageProducer.java:189)
	at org.eclipse.lsp4j.jsonrpc.json.StreamMessageProducer.listen(StreamMessageProducer.java:97)
	at org.eclipse.lsp4j.jsonrpc.json.ConcurrentMessageProcessor.run(ConcurrentMessageProcessor.java:97)
	at java.util.concurrent.Executors$RunnableAdapter.call(Executors.java:572)
	at java.util.concurrent.FutureTask.run(FutureTask.java:317)
	at java.util.concurrent.ThreadPoolExecutor.runWorker(ThreadPoolExecutor.java:1144)
	at java.util.concurrent.ThreadPoolExecutor$Worker.run(ThreadPoolExecutor.java:642)
	at java.lang.Thread.run(Thread.java:1583)

2026.10.05 10:46:23 INFO  BSP server: Oct 05, 2026 10:46:23 AM org.eclipse.lsp4j.jsonrpc.services.GenericEndpoint request
2026.10.05 10:46:23 INFO  BSP server: WARNING: Unsupported request method: buildTarget/jvmRunEnvironment
2026.10.05 10:46:23 INFO  scala-cli should support `buildTarget/jvmRunEnvironment`, but it fails.
org.eclipse.lsp4j.jsonrpc.ResponseErrorException: Unsupported request method: buildTarget/jvmRunEnvironment
	at org.eclipse.lsp4j.jsonrpc.RemoteEndpoint.handleResponse(RemoteEndpoint.java:214)
	at org.eclipse.lsp4j.jsonrpc.RemoteEndpoint.consume(RemoteEndpoint.java:198)
	at scala.meta.internal.metals.RequestMonitorImpl$$anon$1.consume(ServerLivenessMonitor.scala:41)
	at org.eclipse.lsp4j.jsonrpc.json.StreamMessageProducer.handleMessage(StreamMessageProducer.java:189)
	at org.eclipse.lsp4j.jsonrpc.json.StreamMessageProducer.listen(StreamMessageProducer.java:97)
	at org.eclipse.lsp4j.jsonrpc.json.ConcurrentMessageProcessor.run(ConcurrentMessageProcessor.java:97)
	at java.util.concurrent.Executors$RunnableAdapter.call(Executors.java:572)
	at java.util.concurrent.FutureTask.run(FutureTask.java:317)
	at java.util.concurrent.ThreadPoolExecutor.runWorker(ThreadPoolExecutor.java:1144)
	at java.util.concurrent.ThreadPoolExecutor$Worker.run(ThreadPoolExecutor.java:642)
	at java.lang.Thread.run(Thread.java:1583)

2026.10.05 10:46:26 INFO  BSP server: Oct 05, 2026 10:46:26 AM org.eclipse.lsp4j.jsonrpc.services.GenericEndpoint request
2026.10.05 10:46:26 INFO  scala-cli should support `buildTarget/jvmRunEnvironment`, but it fails.
org.eclipse.lsp4j.jsonrpc.ResponseErrorException: Unsupported request method: buildTarget/jvmRunEnvironment
	at org.eclipse.lsp4j.jsonrpc.RemoteEndpoint.handleResponse(RemoteEndpoint.java:214)
	at org.eclipse.lsp4j.jsonrpc.RemoteEndpoint.consume(RemoteEndpoint.java:198)
	at scala.meta.internal.metals.RequestMonitorImpl$$anon$1.consume(ServerLivenessMonitor.scala:41)
	at org.eclipse.lsp4j.jsonrpc.json.StreamMessageProducer.handleMessage(StreamMessageProducer.java:189)
	at org.eclipse.lsp4j.jsonrpc.json.StreamMessageProducer.listen(StreamMessageProducer.java:97)
	at org.eclipse.lsp4j.jsonrpc.json.ConcurrentMessageProcessor.run(ConcurrentMessageProcessor.java:97)
	at java.util.concurrent.Executors$RunnableAdapter.call(Executors.java:572)
	at java.util.concurrent.FutureTask.run(FutureTask.java:317)
	at java.util.concurrent.ThreadPoolExecutor.runWorker(ThreadPoolExecutor.java:1144)
	at java.util.concurrent.ThreadPoolExecutor$Worker.run(ThreadPoolExecutor.java:642)
	at java.lang.Thread.run(Thread.java:1583)

2026.10.05 10:46:26 INFO  BSP server: WARNING: Unsupported request method: buildTarget/jvmRunEnvironment
2026.10.05 10:48:43 INFO  BSP server: Oct 05, 2026 10:48:43 AM org.eclipse.lsp4j.jsonrpc.services.GenericEndpoint request
2026.10.05 10:48:43 INFO  scala-cli should support `buildTarget/jvmRunEnvironment`, but it fails.
org.eclipse.lsp4j.jsonrpc.ResponseErrorException: Unsupported request method: buildTarget/jvmRunEnvironment
	at org.eclipse.lsp4j.jsonrpc.RemoteEndpoint.handleResponse(RemoteEndpoint.java:214)
	at org.eclipse.lsp4j.jsonrpc.RemoteEndpoint.consume(RemoteEndpoint.java:198)
	at scala.meta.internal.metals.RequestMonitorImpl$$anon$1.consume(ServerLivenessMonitor.scala:41)
	at org.eclipse.lsp4j.jsonrpc.json.StreamMessageProducer.handleMessage(StreamMessageProducer.java:189)
	at org.eclipse.lsp4j.jsonrpc.json.StreamMessageProducer.listen(StreamMessageProducer.java:97)
	at org.eclipse.lsp4j.jsonrpc.json.ConcurrentMessageProcessor.run(ConcurrentMessageProcessor.java:97)
	at java.util.concurrent.Executors$RunnableAdapter.call(Executors.java:572)
	at java.util.concurrent.FutureTask.run(FutureTask.java:317)
	at java.util.concurrent.ThreadPoolExecutor.runWorker(ThreadPoolExecutor.java:1144)
	at java.util.concurrent.ThreadPoolExecutor$Worker.run(ThreadPoolExecutor.java:642)
	at java.lang.Thread.run(Thread.java:1583)

2026.10.05 10:48:43 INFO  BSP server: WARNING: Unsupported request method: buildTarget/jvmRunEnvironment
2026.10.05 10:48:43 INFO  BSP server: Oct 05, 2026 10:48:43 AM org.eclipse.lsp4j.jsonrpc.services.GenericEndpoint request
2026.10.05 10:48:43 INFO  BSP server: WARNING: Unsupported request method: buildTarget/jvmRunEnvironment
2026.10.05 10:48:43 INFO  scala-cli should support `buildTarget/jvmRunEnvironment`, but it fails.
org.eclipse.lsp4j.jsonrpc.ResponseErrorException: Unsupported request method: buildTarget/jvmRunEnvironment
	at org.eclipse.lsp4j.jsonrpc.RemoteEndpoint.handleResponse(RemoteEndpoint.java:214)
	at org.eclipse.lsp4j.jsonrpc.RemoteEndpoint.consume(RemoteEndpoint.java:198)
	at scala.meta.internal.metals.RequestMonitorImpl$$anon$1.consume(ServerLivenessMonitor.scala:41)
	at org.eclipse.lsp4j.jsonrpc.json.StreamMessageProducer.handleMessage(StreamMessageProducer.java:189)
	at org.eclipse.lsp4j.jsonrpc.json.StreamMessageProducer.listen(StreamMessageProducer.java:97)
	at org.eclipse.lsp4j.jsonrpc.json.ConcurrentMessageProcessor.run(ConcurrentMessageProcessor.java:97)
	at java.util.concurrent.Executors$RunnableAdapter.call(Executors.java:572)
	at java.util.concurrent.FutureTask.run(FutureTask.java:317)
	at java.util.concurrent.ThreadPoolExecutor.runWorker(ThreadPoolExecutor.java:1144)
	at java.util.concurrent.ThreadPoolExecutor$Worker.run(ThreadPoolExecutor.java:642)
	at java.lang.Thread.run(Thread.java:1583)

2026.10.05 10:48:44 INFO  BSP server: Oct 05, 2026 10:48:44 AM org.eclipse.lsp4j.jsonrpc.services.GenericEndpoint request
2026.10.05 10:48:44 INFO  BSP server: WARNING: Unsupported request method: buildTarget/jvmRunEnvironment
2026.10.05 10:48:44 INFO  scala-cli should support `buildTarget/jvmRunEnvironment`, but it fails.
org.eclipse.lsp4j.jsonrpc.ResponseErrorException: Unsupported request method: buildTarget/jvmRunEnvironment
	at org.eclipse.lsp4j.jsonrpc.RemoteEndpoint.handleResponse(RemoteEndpoint.java:214)
	at org.eclipse.lsp4j.jsonrpc.RemoteEndpoint.consume(RemoteEndpoint.java:198)
	at scala.meta.internal.metals.RequestMonitorImpl$$anon$1.consume(ServerLivenessMonitor.scala:41)
	at org.eclipse.lsp4j.jsonrpc.json.StreamMessageProducer.handleMessage(StreamMessageProducer.java:189)
	at org.eclipse.lsp4j.jsonrpc.json.StreamMessageProducer.listen(StreamMessageProducer.java:97)
	at org.eclipse.lsp4j.jsonrpc.json.ConcurrentMessageProcessor.run(ConcurrentMessageProcessor.java:97)
	at java.util.concurrent.Executors$RunnableAdapter.call(Executors.java:572)
	at java.util.concurrent.FutureTask.run(FutureTask.java:317)
	at java.util.concurrent.ThreadPoolExecutor.runWorker(ThreadPoolExecutor.java:1144)
	at java.util.concurrent.ThreadPoolExecutor$Worker.run(ThreadPoolExecutor.java:642)
	at java.lang.Thread.run(Thread.java:1583)

2026.10.05 10:48:45 INFO  BSP server: Oct 05, 2026 10:48:45 AM org.eclipse.lsp4j.jsonrpc.services.GenericEndpoint request
2026.10.05 10:48:45 INFO  BSP server: WARNING: Unsupported request method: buildTarget/jvmRunEnvironment
2026.10.05 10:48:45 INFO  scala-cli should support `buildTarget/jvmRunEnvironment`, but it fails.
org.eclipse.lsp4j.jsonrpc.ResponseErrorException: Unsupported request method: buildTarget/jvmRunEnvironment
	at org.eclipse.lsp4j.jsonrpc.RemoteEndpoint.handleResponse(RemoteEndpoint.java:214)
	at org.eclipse.lsp4j.jsonrpc.RemoteEndpoint.consume(RemoteEndpoint.java:198)
	at scala.meta.internal.metals.RequestMonitorImpl$$anon$1.consume(ServerLivenessMonitor.scala:41)
	at org.eclipse.lsp4j.jsonrpc.json.StreamMessageProducer.handleMessage(StreamMessageProducer.java:189)
	at org.eclipse.lsp4j.jsonrpc.json.StreamMessageProducer.listen(StreamMessageProducer.java:97)
	at org.eclipse.lsp4j.jsonrpc.json.ConcurrentMessageProcessor.run(ConcurrentMessageProcessor.java:97)
	at java.util.concurrent.Executors$RunnableAdapter.call(Executors.java:572)
	at java.util.concurrent.FutureTask.run(FutureTask.java:317)
	at java.util.concurrent.ThreadPoolExecutor.runWorker(ThreadPoolExecutor.java:1144)
	at java.util.concurrent.ThreadPoolExecutor$Worker.run(ThreadPoolExecutor.java:642)
	at java.lang.Thread.run(Thread.java:1583)

2026.10.05 10:48:48 INFO  BSP server: Oct 05, 2026 10:48:48 AM org.eclipse.lsp4j.jsonrpc.services.GenericEndpoint request
2026.10.05 10:48:48 INFO  BSP server: WARNING: Unsupported request method: buildTarget/jvmRunEnvironment
2026.10.05 10:48:48 INFO  scala-cli should support `buildTarget/jvmRunEnvironment`, but it fails.
org.eclipse.lsp4j.jsonrpc.ResponseErrorException: Unsupported request method: buildTarget/jvmRunEnvironment
	at org.eclipse.lsp4j.jsonrpc.RemoteEndpoint.handleResponse(RemoteEndpoint.java:214)
	at org.eclipse.lsp4j.jsonrpc.RemoteEndpoint.consume(RemoteEndpoint.java:198)
	at scala.meta.internal.metals.RequestMonitorImpl$$anon$1.consume(ServerLivenessMonitor.scala:41)
	at org.eclipse.lsp4j.jsonrpc.json.StreamMessageProducer.handleMessage(StreamMessageProducer.java:189)
	at org.eclipse.lsp4j.jsonrpc.json.StreamMessageProducer.listen(StreamMessageProducer.java:97)
	at org.eclipse.lsp4j.jsonrpc.json.ConcurrentMessageProcessor.run(ConcurrentMessageProcessor.java:97)
	at java.util.concurrent.Executors$RunnableAdapter.call(Executors.java:572)
	at java.util.concurrent.FutureTask.run(FutureTask.java:317)
	at java.util.concurrent.ThreadPoolExecutor.runWorker(ThreadPoolExecutor.java:1144)
	at java.util.concurrent.ThreadPoolExecutor$Worker.run(ThreadPoolExecutor.java:642)
	at java.lang.Thread.run(Thread.java:1583)

2026.10.05 10:49:03 INFO  BSP server: Oct 05, 2026 10:49:03 AM org.eclipse.lsp4j.jsonrpc.services.GenericEndpoint request
2026.10.05 10:49:03 INFO  BSP server: WARNING: Unsupported request method: buildTarget/jvmRunEnvironment
2026.10.05 10:49:03 INFO  scala-cli should support `buildTarget/jvmRunEnvironment`, but it fails.
org.eclipse.lsp4j.jsonrpc.ResponseErrorException: Unsupported request method: buildTarget/jvmRunEnvironment
	at org.eclipse.lsp4j.jsonrpc.RemoteEndpoint.handleResponse(RemoteEndpoint.java:214)
	at org.eclipse.lsp4j.jsonrpc.RemoteEndpoint.consume(RemoteEndpoint.java:198)
	at scala.meta.internal.metals.RequestMonitorImpl$$anon$1.consume(ServerLivenessMonitor.scala:41)
	at org.eclipse.lsp4j.jsonrpc.json.StreamMessageProducer.handleMessage(StreamMessageProducer.java:189)
	at org.eclipse.lsp4j.jsonrpc.json.StreamMessageProducer.listen(StreamMessageProducer.java:97)
	at org.eclipse.lsp4j.jsonrpc.json.ConcurrentMessageProcessor.run(ConcurrentMessageProcessor.java:97)
	at java.util.concurrent.Executors$RunnableAdapter.call(Executors.java:572)
	at java.util.concurrent.FutureTask.run(FutureTask.java:317)
	at java.util.concurrent.ThreadPoolExecutor.runWorker(ThreadPoolExecutor.java:1144)
	at java.util.concurrent.ThreadPoolExecutor$Worker.run(ThreadPoolExecutor.java:642)
	at java.lang.Thread.run(Thread.java:1583)

2026.10.05 10:49:55 INFO  BSP server: Oct 05, 2026 10:49:55 AM org.eclipse.lsp4j.jsonrpc.services.GenericEndpoint request
2026.10.05 10:49:55 INFO  BSP server: WARNING: Unsupported request method: buildTarget/jvmRunEnvironment
2026.10.05 10:49:55 INFO  scala-cli should support `buildTarget/jvmRunEnvironment`, but it fails.
org.eclipse.lsp4j.jsonrpc.ResponseErrorException: Unsupported request method: buildTarget/jvmRunEnvironment
	at org.eclipse.lsp4j.jsonrpc.RemoteEndpoint.handleResponse(RemoteEndpoint.java:214)
	at org.eclipse.lsp4j.jsonrpc.RemoteEndpoint.consume(RemoteEndpoint.java:198)
	at scala.meta.internal.metals.RequestMonitorImpl$$anon$1.consume(ServerLivenessMonitor.scala:41)
	at org.eclipse.lsp4j.jsonrpc.json.StreamMessageProducer.handleMessage(StreamMessageProducer.java:189)
	at org.eclipse.lsp4j.jsonrpc.json.StreamMessageProducer.listen(StreamMessageProducer.java:97)
	at org.eclipse.lsp4j.jsonrpc.json.ConcurrentMessageProcessor.run(ConcurrentMessageProcessor.java:97)
	at java.util.concurrent.Executors$RunnableAdapter.call(Executors.java:572)
	at java.util.concurrent.FutureTask.run(FutureTask.java:317)
	at java.util.concurrent.ThreadPoolExecutor.runWorker(ThreadPoolExecutor.java:1144)
	at java.util.concurrent.ThreadPoolExecutor$Worker.run(ThreadPoolExecutor.java:642)
	at java.lang.Thread.run(Thread.java:1583)

2026.10.05 10:49:55 INFO  BSP server: Oct 05, 2026 10:49:56 AM org.eclipse.lsp4j.jsonrpc.services.GenericEndpoint request
2026.10.05 10:49:55 INFO  BSP server: WARNING: Unsupported request method: buildTarget/jvmRunEnvironment
2026.10.05 10:49:56 INFO  scala-cli should support `buildTarget/jvmRunEnvironment`, but it fails.
org.eclipse.lsp4j.jsonrpc.ResponseErrorException: Unsupported request method: buildTarget/jvmRunEnvironment
	at org.eclipse.lsp4j.jsonrpc.RemoteEndpoint.handleResponse(RemoteEndpoint.java:214)
	at org.eclipse.lsp4j.jsonrpc.RemoteEndpoint.consume(RemoteEndpoint.java:198)
	at scala.meta.internal.metals.RequestMonitorImpl$$anon$1.consume(ServerLivenessMonitor.scala:41)
	at org.eclipse.lsp4j.jsonrpc.json.StreamMessageProducer.handleMessage(StreamMessageProducer.java:189)
	at org.eclipse.lsp4j.jsonrpc.json.StreamMessageProducer.listen(StreamMessageProducer.java:97)
	at org.eclipse.lsp4j.jsonrpc.json.ConcurrentMessageProcessor.run(ConcurrentMessageProcessor.java:97)
	at java.util.concurrent.Executors$RunnableAdapter.call(Executors.java:572)
	at java.util.concurrent.FutureTask.run(FutureTask.java:317)
	at java.util.concurrent.ThreadPoolExecutor.runWorker(ThreadPoolExecutor.java:1144)
	at java.util.concurrent.ThreadPoolExecutor$Worker.run(ThreadPoolExecutor.java:642)
	at java.lang.Thread.run(Thread.java:1583)

2026.10.05 10:50:21 INFO  BSP server: Oct 05, 2026 10:50:21 AM org.eclipse.lsp4j.jsonrpc.services.GenericEndpoint request
2026.10.05 10:50:21 INFO  scala-cli should support `buildTarget/jvmRunEnvironment`, but it fails.
org.eclipse.lsp4j.jsonrpc.ResponseErrorException: Unsupported request method: buildTarget/jvmRunEnvironment
	at org.eclipse.lsp4j.jsonrpc.RemoteEndpoint.handleResponse(RemoteEndpoint.java:214)
	at org.eclipse.lsp4j.jsonrpc.RemoteEndpoint.consume(RemoteEndpoint.java:198)
	at scala.meta.internal.metals.RequestMonitorImpl$$anon$1.consume(ServerLivenessMonitor.scala:41)
	at org.eclipse.lsp4j.jsonrpc.json.StreamMessageProducer.handleMessage(StreamMessageProducer.java:189)
	at org.eclipse.lsp4j.jsonrpc.json.StreamMessageProducer.listen(StreamMessageProducer.java:97)
	at org.eclipse.lsp4j.jsonrpc.json.ConcurrentMessageProcessor.run(ConcurrentMessageProcessor.java:97)
	at java.util.concurrent.Executors$RunnableAdapter.call(Executors.java:572)
	at java.util.concurrent.FutureTask.run(FutureTask.java:317)
	at java.util.concurrent.ThreadPoolExecutor.runWorker(ThreadPoolExecutor.java:1144)
	at java.util.concurrent.ThreadPoolExecutor$Worker.run(ThreadPoolExecutor.java:642)
	at java.lang.Thread.run(Thread.java:1583)

2026.10.05 10:50:21 INFO  BSP server: WARNING: Unsupported request method: buildTarget/jvmRunEnvironment
2026.10.05 10:50:21 INFO  BSP server: Oct 05, 2026 10:50:21 AM org.eclipse.lsp4j.jsonrpc.services.GenericEndpoint request
2026.10.05 10:50:21 INFO  BSP server: WARNING: Unsupported request method: buildTarget/jvmRunEnvironment
2026.10.05 10:50:21 INFO  scala-cli should support `buildTarget/jvmRunEnvironment`, but it fails.
org.eclipse.lsp4j.jsonrpc.ResponseErrorException: Unsupported request method: buildTarget/jvmRunEnvironment
	at org.eclipse.lsp4j.jsonrpc.RemoteEndpoint.handleResponse(RemoteEndpoint.java:214)
	at org.eclipse.lsp4j.jsonrpc.RemoteEndpoint.consume(RemoteEndpoint.java:198)
	at scala.meta.internal.metals.RequestMonitorImpl$$anon$1.consume(ServerLivenessMonitor.scala:41)
	at org.eclipse.lsp4j.jsonrpc.json.StreamMessageProducer.handleMessage(StreamMessageProducer.java:189)
	at org.eclipse.lsp4j.jsonrpc.json.StreamMessageProducer.listen(StreamMessageProducer.java:97)
	at org.eclipse.lsp4j.jsonrpc.json.ConcurrentMessageProcessor.run(ConcurrentMessageProcessor.java:97)
	at java.util.concurrent.Executors$RunnableAdapter.call(Executors.java:572)
	at java.util.concurrent.FutureTask.run(FutureTask.java:317)
	at java.util.concurrent.ThreadPoolExecutor.runWorker(ThreadPoolExecutor.java:1144)
	at java.util.concurrent.ThreadPoolExecutor$Worker.run(ThreadPoolExecutor.java:642)
	at java.lang.Thread.run(Thread.java:1583)

2026.10.05 10:50:22 INFO  compiling project_183d125c5c (1 scala source)
2026.10.05 10:50:22 INFO  time: compiled project_183d125c5c in 0.32s
2026.10.05 10:50:22 INFO  BSP server: Oct 05, 2026 10:50:22 AM org.eclipse.lsp4j.jsonrpc.services.GenericEndpoint request
2026.10.05 10:50:21 INFO  scala-cli should support `buildTarget/jvmRunEnvironment`, but it fails.
org.eclipse.lsp4j.jsonrpc.ResponseErrorException: Unsupported request method: buildTarget/jvmRunEnvironment
	at org.eclipse.lsp4j.jsonrpc.RemoteEndpoint.handleResponse(RemoteEndpoint.java:214)
	at org.eclipse.lsp4j.jsonrpc.RemoteEndpoint.consume(RemoteEndpoint.java:198)
	at scala.meta.internal.metals.RequestMonitorImpl$$anon$1.consume(ServerLivenessMonitor.scala:41)
	at org.eclipse.lsp4j.jsonrpc.json.StreamMessageProducer.handleMessage(StreamMessageProducer.java:189)
	at org.eclipse.lsp4j.jsonrpc.json.StreamMessageProducer.listen(StreamMessageProducer.java:97)
	at org.eclipse.lsp4j.jsonrpc.json.ConcurrentMessageProcessor.run(ConcurrentMessageProcessor.java:97)
	at java.util.concurrent.Executors$RunnableAdapter.call(Executors.java:572)
	at java.util.concurrent.FutureTask.run(FutureTask.java:317)
	at java.util.concurrent.ThreadPoolExecutor.runWorker(ThreadPoolExecutor.java:1144)
	at java.util.concurrent.ThreadPoolExecutor$Worker.run(ThreadPoolExecutor.java:642)
	at java.lang.Thread.run(Thread.java:1583)

2026.10.05 10:50:22 INFO  BSP server: WARNING: Unsupported request method: buildTarget/jvmRunEnvironment
2026.10.05 10:50:29 INFO  BSP server: Oct 05, 2026 10:50:29 AM org.eclipse.lsp4j.jsonrpc.services.GenericEndpoint request
2026.10.05 10:50:29 INFO  scala-cli should support `buildTarget/jvmRunEnvironment`, but it fails.
org.eclipse.lsp4j.jsonrpc.ResponseErrorException: Unsupported request method: buildTarget/jvmRunEnvironment
	at org.eclipse.lsp4j.jsonrpc.RemoteEndpoint.handleResponse(RemoteEndpoint.java:214)
	at org.eclipse.lsp4j.jsonrpc.RemoteEndpoint.consume(RemoteEndpoint.java:198)
	at scala.meta.internal.metals.RequestMonitorImpl$$anon$1.consume(ServerLivenessMonitor.scala:41)
	at org.eclipse.lsp4j.jsonrpc.json.StreamMessageProducer.handleMessage(StreamMessageProducer.java:189)
	at org.eclipse.lsp4j.jsonrpc.json.StreamMessageProducer.listen(StreamMessageProducer.java:97)
	at org.eclipse.lsp4j.jsonrpc.json.ConcurrentMessageProcessor.run(ConcurrentMessageProcessor.java:97)
	at java.util.concurrent.Executors$RunnableAdapter.call(Executors.java:572)
	at java.util.concurrent.FutureTask.run(FutureTask.java:317)
	at java.util.concurrent.ThreadPoolExecutor.runWorker(ThreadPoolExecutor.java:1144)
	at java.util.concurrent.ThreadPoolExecutor$Worker.run(ThreadPoolExecutor.java:642)
	at java.lang.Thread.run(Thread.java:1583)

2026.10.05 10:50:29 INFO  BSP server: WARNING: Unsupported request method: buildTarget/jvmRunEnvironment
2026.10.05 10:50:29 INFO  BSP server: Oct 05, 2026 10:50:30 AM org.eclipse.lsp4j.jsonrpc.services.GenericEndpoint request
2026.10.05 10:50:29 INFO  BSP server: WARNING: Unsupported request method: buildTarget/jvmRunEnvironment
2026.10.05 10:50:30 INFO  scala-cli should support `buildTarget/jvmRunEnvironment`, but it fails.
org.eclipse.lsp4j.jsonrpc.ResponseErrorException: Unsupported request method: buildTarget/jvmRunEnvironment
	at org.eclipse.lsp4j.jsonrpc.RemoteEndpoint.handleResponse(RemoteEndpoint.java:214)
	at org.eclipse.lsp4j.jsonrpc.RemoteEndpoint.consume(RemoteEndpoint.java:198)
	at scala.meta.internal.metals.RequestMonitorImpl$$anon$1.consume(ServerLivenessMonitor.scala:41)
	at org.eclipse.lsp4j.jsonrpc.json.StreamMessageProducer.handleMessage(StreamMessageProducer.java:189)
	at org.eclipse.lsp4j.jsonrpc.json.StreamMessageProducer.listen(StreamMessageProducer.java:97)
	at org.eclipse.lsp4j.jsonrpc.json.ConcurrentMessageProcessor.run(ConcurrentMessageProcessor.java:97)
	at java.util.concurrent.Executors$RunnableAdapter.call(Executors.java:572)
	at java.util.concurrent.FutureTask.run(FutureTask.java:317)
	at java.util.concurrent.ThreadPoolExecutor.runWorker(ThreadPoolExecutor.java:1144)
	at java.util.concurrent.ThreadPoolExecutor$Worker.run(ThreadPoolExecutor.java:642)
	at java.lang.Thread.run(Thread.java:1583)

2026.10.05 10:50:31 INFO  compiling project_183d125c5c (1 scala source)
2026.10.05 10:50:31 INFO  time: compiled project_183d125c5c in 0.23s
2026.10.05 10:50:31 INFO  BSP server: Oct 05, 2026 10:50:31 AM org.eclipse.lsp4j.jsonrpc.services.GenericEndpoint request
2026.10.05 10:50:31 INFO  BSP server: WARNING: Unsupported request method: buildTarget/jvmRunEnvironment
2026.10.05 10:50:31 INFO  scala-cli should support `buildTarget/jvmRunEnvironment`, but it fails.
org.eclipse.lsp4j.jsonrpc.ResponseErrorException: Unsupported request method: buildTarget/jvmRunEnvironment
	at org.eclipse.lsp4j.jsonrpc.RemoteEndpoint.handleResponse(RemoteEndpoint.java:214)
	at org.eclipse.lsp4j.jsonrpc.RemoteEndpoint.consume(RemoteEndpoint.java:198)
	at scala.meta.internal.metals.RequestMonitorImpl$$anon$1.consume(ServerLivenessMonitor.scala:41)
	at org.eclipse.lsp4j.jsonrpc.json.StreamMessageProducer.handleMessage(StreamMessageProducer.java:189)
	at org.eclipse.lsp4j.jsonrpc.json.StreamMessageProducer.listen(StreamMessageProducer.java:97)
	at org.eclipse.lsp4j.jsonrpc.json.ConcurrentMessageProcessor.run(ConcurrentMessageProcessor.java:97)
	at java.util.concurrent.Executors$RunnableAdapter.call(Executors.java:572)
	at java.util.concurrent.FutureTask.run(FutureTask.java:317)
	at java.util.concurrent.ThreadPoolExecutor.runWorker(ThreadPoolExecutor.java:1144)
	at java.util.concurrent.ThreadPoolExecutor$Worker.run(ThreadPoolExecutor.java:642)
	at java.lang.Thread.run(Thread.java:1583)

2026.10.05 10:50:33 INFO  BSP server: Oct 05, 2026 10:50:33 AM org.eclipse.lsp4j.jsonrpc.services.GenericEndpoint request
2026.10.05 10:50:33 INFO  BSP server: WARNING: Unsupported request method: buildTarget/jvmRunEnvironment
2026.10.05 10:50:33 INFO  scala-cli should support `buildTarget/jvmRunEnvironment`, but it fails.
org.eclipse.lsp4j.jsonrpc.ResponseErrorException: Unsupported request method: buildTarget/jvmRunEnvironment
	at org.eclipse.lsp4j.jsonrpc.RemoteEndpoint.handleResponse(RemoteEndpoint.java:214)
	at org.eclipse.lsp4j.jsonrpc.RemoteEndpoint.consume(RemoteEndpoint.java:198)
	at scala.meta.internal.metals.RequestMonitorImpl$$anon$1.consume(ServerLivenessMonitor.scala:41)
	at org.eclipse.lsp4j.jsonrpc.json.StreamMessageProducer.handleMessage(StreamMessageProducer.java:189)
	at org.eclipse.lsp4j.jsonrpc.json.StreamMessageProducer.listen(StreamMessageProducer.java:97)
	at org.eclipse.lsp4j.jsonrpc.json.ConcurrentMessageProcessor.run(ConcurrentMessageProcessor.java:97)
	at java.util.concurrent.Executors$RunnableAdapter.call(Executors.java:572)
	at java.util.concurrent.FutureTask.run(FutureTask.java:317)
	at java.util.concurrent.ThreadPoolExecutor.runWorker(ThreadPoolExecutor.java:1144)
	at java.util.concurrent.ThreadPoolExecutor$Worker.run(ThreadPoolExecutor.java:642)
	at java.lang.Thread.run(Thread.java:1583)

2026.10.05 10:52:13 INFO  BSP server: Oct 05, 2026 10:52:13 AM org.eclipse.lsp4j.jsonrpc.services.GenericEndpoint request
2026.10.05 10:52:13 INFO  scala-cli should support `buildTarget/jvmRunEnvironment`, but it fails.
org.eclipse.lsp4j.jsonrpc.ResponseErrorException: Unsupported request method: buildTarget/jvmRunEnvironment
	at org.eclipse.lsp4j.jsonrpc.RemoteEndpoint.handleResponse(RemoteEndpoint.java:214)
	at org.eclipse.lsp4j.jsonrpc.RemoteEndpoint.consume(RemoteEndpoint.java:198)
	at scala.meta.internal.metals.RequestMonitorImpl$$anon$1.consume(ServerLivenessMonitor.scala:41)
	at org.eclipse.lsp4j.jsonrpc.json.StreamMessageProducer.handleMessage(StreamMessageProducer.java:189)
	at org.eclipse.lsp4j.jsonrpc.json.StreamMessageProducer.listen(StreamMessageProducer.java:97)
	at org.eclipse.lsp4j.jsonrpc.json.ConcurrentMessageProcessor.run(ConcurrentMessageProcessor.java:97)
	at java.util.concurrent.Executors$RunnableAdapter.call(Executors.java:572)
	at java.util.concurrent.FutureTask.run(FutureTask.java:317)
	at java.util.concurrent.ThreadPoolExecutor.runWorker(ThreadPoolExecutor.java:1144)
	at java.util.concurrent.ThreadPoolExecutor$Worker.run(ThreadPoolExecutor.java:642)
	at java.lang.Thread.run(Thread.java:1583)

2026.10.05 10:52:13 INFO  BSP server: WARNING: Unsupported request method: buildTarget/jvmRunEnvironment
2026.10.05 10:52:15 INFO  BSP server: Oct 05, 2026 10:52:15 AM org.eclipse.lsp4j.jsonrpc.services.GenericEndpoint request
2026.10.05 10:52:15 INFO  BSP server: WARNING: Unsupported request method: buildTarget/jvmRunEnvironment
2026.10.05 10:52:15 INFO  scala-cli should support `buildTarget/jvmRunEnvironment`, but it fails.
org.eclipse.lsp4j.jsonrpc.ResponseErrorException: Unsupported request method: buildTarget/jvmRunEnvironment
	at org.eclipse.lsp4j.jsonrpc.RemoteEndpoint.handleResponse(RemoteEndpoint.java:214)
	at org.eclipse.lsp4j.jsonrpc.RemoteEndpoint.consume(RemoteEndpoint.java:198)
	at scala.meta.internal.metals.RequestMonitorImpl$$anon$1.consume(ServerLivenessMonitor.scala:41)
	at org.eclipse.lsp4j.jsonrpc.json.StreamMessageProducer.handleMessage(StreamMessageProducer.java:189)
	at org.eclipse.lsp4j.jsonrpc.json.StreamMessageProducer.listen(StreamMessageProducer.java:97)
	at org.eclipse.lsp4j.jsonrpc.json.ConcurrentMessageProcessor.run(ConcurrentMessageProcessor.java:97)
	at java.util.concurrent.Executors$RunnableAdapter.call(Executors.java:572)
	at java.util.concurrent.FutureTask.run(FutureTask.java:317)
	at java.util.concurrent.ThreadPoolExecutor.runWorker(ThreadPoolExecutor.java:1144)
	at java.util.concurrent.ThreadPoolExecutor$Worker.run(ThreadPoolExecutor.java:642)
	at java.lang.Thread.run(Thread.java:1583)

2026.10.05 10:52:15 INFO  BSP server: Oct 05, 2026 10:52:15 AM org.eclipse.lsp4j.jsonrpc.services.GenericEndpoint request
2026.10.05 10:52:15 INFO  BSP server: WARNING: Unsupported request method: buildTarget/jvmRunEnvironment
2026.10.05 10:52:15 INFO  scala-cli should support `buildTarget/jvmRunEnvironment`, but it fails.
org.eclipse.lsp4j.jsonrpc.ResponseErrorException: Unsupported request method: buildTarget/jvmRunEnvironment
	at org.eclipse.lsp4j.jsonrpc.RemoteEndpoint.handleResponse(RemoteEndpoint.java:214)
	at org.eclipse.lsp4j.jsonrpc.RemoteEndpoint.consume(RemoteEndpoint.java:198)
	at scala.meta.internal.metals.RequestMonitorImpl$$anon$1.consume(ServerLivenessMonitor.scala:41)
	at org.eclipse.lsp4j.jsonrpc.json.StreamMessageProducer.handleMessage(StreamMessageProducer.java:189)
	at org.eclipse.lsp4j.jsonrpc.json.StreamMessageProducer.listen(StreamMessageProducer.java:97)
	at org.eclipse.lsp4j.jsonrpc.json.ConcurrentMessageProcessor.run(ConcurrentMessageProcessor.java:97)
	at java.util.concurrent.Executors$RunnableAdapter.call(Executors.java:572)
	at java.util.concurrent.FutureTask.run(FutureTask.java:317)
	at java.util.concurrent.ThreadPoolExecutor.runWorker(ThreadPoolExecutor.java:1144)
	at java.util.concurrent.ThreadPoolExecutor$Worker.run(ThreadPoolExecutor.java:642)
	at java.lang.Thread.run(Thread.java:1583)

2026.10.05 10:52:18 INFO  BSP server: Oct 05, 2026 10:52:18 AM org.eclipse.lsp4j.jsonrpc.services.GenericEndpoint request
2026.10.05 10:52:18 INFO  scala-cli should support `buildTarget/jvmRunEnvironment`, but it fails.
org.eclipse.lsp4j.jsonrpc.ResponseErrorException: Unsupported request method: buildTarget/jvmRunEnvironment
	at org.eclipse.lsp4j.jsonrpc.RemoteEndpoint.handleResponse(RemoteEndpoint.java:214)
	at org.eclipse.lsp4j.jsonrpc.RemoteEndpoint.consume(RemoteEndpoint.java:198)
	at scala.meta.internal.metals.RequestMonitorImpl$$anon$1.consume(ServerLivenessMonitor.scala:41)
	at org.eclipse.lsp4j.jsonrpc.json.StreamMessageProducer.handleMessage(StreamMessageProducer.java:189)
	at org.eclipse.lsp4j.jsonrpc.json.StreamMessageProducer.listen(StreamMessageProducer.java:97)
	at org.eclipse.lsp4j.jsonrpc.json.ConcurrentMessageProcessor.run(ConcurrentMessageProcessor.java:97)
	at java.util.concurrent.Executors$RunnableAdapter.call(Executors.java:572)
	at java.util.concurrent.FutureTask.run(FutureTask.java:317)
	at java.util.concurrent.ThreadPoolExecutor.runWorker(ThreadPoolExecutor.java:1144)
	at java.util.concurrent.ThreadPoolExecutor$Worker.run(ThreadPoolExecutor.java:642)
	at java.lang.Thread.run(Thread.java:1583)

2026.10.05 10:52:18 INFO  BSP server: WARNING: Unsupported request method: buildTarget/jvmRunEnvironment
2026.10.05 10:52:22 INFO  BSP server: Oct 05, 2026 10:52:22 AM org.eclipse.lsp4j.jsonrpc.services.GenericEndpoint request
2026.10.05 10:52:22 INFO  scala-cli should support `buildTarget/jvmRunEnvironment`, but it fails.
org.eclipse.lsp4j.jsonrpc.ResponseErrorException: Unsupported request method: buildTarget/jvmRunEnvironment
	at org.eclipse.lsp4j.jsonrpc.RemoteEndpoint.handleResponse(RemoteEndpoint.java:214)
	at org.eclipse.lsp4j.jsonrpc.RemoteEndpoint.consume(RemoteEndpoint.java:198)
	at scala.meta.internal.metals.RequestMonitorImpl$$anon$1.consume(ServerLivenessMonitor.scala:41)
	at org.eclipse.lsp4j.jsonrpc.json.StreamMessageProducer.handleMessage(StreamMessageProducer.java:189)
	at org.eclipse.lsp4j.jsonrpc.json.StreamMessageProducer.listen(StreamMessageProducer.java:97)
	at org.eclipse.lsp4j.jsonrpc.json.ConcurrentMessageProcessor.run(ConcurrentMessageProcessor.java:97)
	at java.util.concurrent.Executors$RunnableAdapter.call(Executors.java:572)
	at java.util.concurrent.FutureTask.run(FutureTask.java:317)
	at java.util.concurrent.ThreadPoolExecutor.runWorker(ThreadPoolExecutor.java:1144)
	at java.util.concurrent.ThreadPoolExecutor$Worker.run(ThreadPoolExecutor.java:642)
	at java.lang.Thread.run(Thread.java:1583)

2026.10.05 10:52:22 INFO  BSP server: WARNING: Unsupported request method: buildTarget/jvmRunEnvironment
2026.10.05 10:52:24 INFO  BSP server: Oct 05, 2026 10:52:24 AM org.eclipse.lsp4j.jsonrpc.services.GenericEndpoint request
2026.10.05 10:52:24 INFO  BSP server: WARNING: Unsupported request method: buildTarget/jvmRunEnvironment
2026.10.05 10:52:24 INFO  scala-cli should support `buildTarget/jvmRunEnvironment`, but it fails.
org.eclipse.lsp4j.jsonrpc.ResponseErrorException: Unsupported request method: buildTarget/jvmRunEnvironment
	at org.eclipse.lsp4j.jsonrpc.RemoteEndpoint.handleResponse(RemoteEndpoint.java:214)
	at org.eclipse.lsp4j.jsonrpc.RemoteEndpoint.consume(RemoteEndpoint.java:198)
	at scala.meta.internal.metals.RequestMonitorImpl$$anon$1.consume(ServerLivenessMonitor.scala:41)
	at org.eclipse.lsp4j.jsonrpc.json.StreamMessageProducer.handleMessage(StreamMessageProducer.java:189)
	at org.eclipse.lsp4j.jsonrpc.json.StreamMessageProducer.listen(StreamMessageProducer.java:97)
	at org.eclipse.lsp4j.jsonrpc.json.ConcurrentMessageProcessor.run(ConcurrentMessageProcessor.java:97)
	at java.util.concurrent.Executors$RunnableAdapter.call(Executors.java:572)
	at java.util.concurrent.FutureTask.run(FutureTask.java:317)
	at java.util.concurrent.ThreadPoolExecutor.runWorker(ThreadPoolExecutor.java:1144)
	at java.util.concurrent.ThreadPoolExecutor$Worker.run(ThreadPoolExecutor.java:642)
	at java.lang.Thread.run(Thread.java:1583)

2026.10.05 10:52:25 INFO  BSP server: Oct 05, 2026 10:52:25 AM org.eclipse.lsp4j.jsonrpc.services.GenericEndpoint request
2026.10.05 10:52:25 INFO  BSP server: WARNING: Unsupported request method: buildTarget/jvmRunEnvironment
2026.10.05 10:52:25 INFO  scala-cli should support `buildTarget/jvmRunEnvironment`, but it fails.
org.eclipse.lsp4j.jsonrpc.ResponseErrorException: Unsupported request method: buildTarget/jvmRunEnvironment
	at org.eclipse.lsp4j.jsonrpc.RemoteEndpoint.handleResponse(RemoteEndpoint.java:214)
	at org.eclipse.lsp4j.jsonrpc.RemoteEndpoint.consume(RemoteEndpoint.java:198)
	at scala.meta.internal.metals.RequestMonitorImpl$$anon$1.consume(ServerLivenessMonitor.scala:41)
	at org.eclipse.lsp4j.jsonrpc.json.StreamMessageProducer.handleMessage(StreamMessageProducer.java:189)
	at org.eclipse.lsp4j.jsonrpc.json.StreamMessageProducer.listen(StreamMessageProducer.java:97)
	at org.eclipse.lsp4j.jsonrpc.json.ConcurrentMessageProcessor.run(ConcurrentMessageProcessor.java:97)
	at java.util.concurrent.Executors$RunnableAdapter.call(Executors.java:572)
	at java.util.concurrent.FutureTask.run(FutureTask.java:317)
	at java.util.concurrent.ThreadPoolExecutor.runWorker(ThreadPoolExecutor.java:1144)
	at java.util.concurrent.ThreadPoolExecutor$Worker.run(ThreadPoolExecutor.java:642)
	at java.lang.Thread.run(Thread.java:1583)

2026.10.05 10:52:26 INFO  BSP server: Oct 05, 2026 10:52:26 AM org.eclipse.lsp4j.jsonrpc.services.GenericEndpoint request
2026.10.05 10:52:26 INFO  BSP server: WARNING: Unsupported request method: buildTarget/jvmRunEnvironment
2026.10.05 10:52:26 INFO  scala-cli should support `buildTarget/jvmRunEnvironment`, but it fails.
org.eclipse.lsp4j.jsonrpc.ResponseErrorException: Unsupported request method: buildTarget/jvmRunEnvironment
	at org.eclipse.lsp4j.jsonrpc.RemoteEndpoint.handleResponse(RemoteEndpoint.java:214)
	at org.eclipse.lsp4j.jsonrpc.RemoteEndpoint.consume(RemoteEndpoint.java:198)
	at scala.meta.internal.metals.RequestMonitorImpl$$anon$1.consume(ServerLivenessMonitor.scala:41)
	at org.eclipse.lsp4j.jsonrpc.json.StreamMessageProducer.handleMessage(StreamMessageProducer.java:189)
	at org.eclipse.lsp4j.jsonrpc.json.StreamMessageProducer.listen(StreamMessageProducer.java:97)
	at org.eclipse.lsp4j.jsonrpc.json.ConcurrentMessageProcessor.run(ConcurrentMessageProcessor.java:97)
	at java.util.concurrent.Executors$RunnableAdapter.call(Executors.java:572)
	at java.util.concurrent.FutureTask.run(FutureTask.java:317)
	at java.util.concurrent.ThreadPoolExecutor.runWorker(ThreadPoolExecutor.java:1144)
	at java.util.concurrent.ThreadPoolExecutor$Worker.run(ThreadPoolExecutor.java:642)
	at java.lang.Thread.run(Thread.java:1583)

2026.10.05 10:52:26 INFO  BSP server: Oct 05, 2026 10:52:27 AM org.eclipse.lsp4j.jsonrpc.services.GenericEndpoint request
2026.10.05 10:52:26 INFO  BSP server: WARNING: Unsupported request method: buildTarget/jvmRunEnvironment
2026.10.05 10:52:27 INFO  scala-cli should support `buildTarget/jvmRunEnvironment`, but it fails.
org.eclipse.lsp4j.jsonrpc.ResponseErrorException: Unsupported request method: buildTarget/jvmRunEnvironment
	at org.eclipse.lsp4j.jsonrpc.RemoteEndpoint.handleResponse(RemoteEndpoint.java:214)
	at org.eclipse.lsp4j.jsonrpc.RemoteEndpoint.consume(RemoteEndpoint.java:198)
	at scala.meta.internal.metals.RequestMonitorImpl$$anon$1.consume(ServerLivenessMonitor.scala:41)
	at org.eclipse.lsp4j.jsonrpc.json.StreamMessageProducer.handleMessage(StreamMessageProducer.java:189)
	at org.eclipse.lsp4j.jsonrpc.json.StreamMessageProducer.listen(StreamMessageProducer.java:97)
	at org.eclipse.lsp4j.jsonrpc.json.ConcurrentMessageProcessor.run(ConcurrentMessageProcessor.java:97)
	at java.util.concurrent.Executors$RunnableAdapter.call(Executors.java:572)
	at java.util.concurrent.FutureTask.run(FutureTask.java:317)
	at java.util.concurrent.ThreadPoolExecutor.runWorker(ThreadPoolExecutor.java:1144)
	at java.util.concurrent.ThreadPoolExecutor$Worker.run(ThreadPoolExecutor.java:642)
	at java.lang.Thread.run(Thread.java:1583)

2026.10.05 10:52:29 INFO  BSP server: Oct 05, 2026 10:52:29 AM org.eclipse.lsp4j.jsonrpc.services.GenericEndpoint request
2026.10.05 10:52:29 INFO  scala-cli should support `buildTarget/jvmRunEnvironment`, but it fails.
org.eclipse.lsp4j.jsonrpc.ResponseErrorException: Unsupported request method: buildTarget/jvmRunEnvironment
	at org.eclipse.lsp4j.jsonrpc.RemoteEndpoint.handleResponse(RemoteEndpoint.java:214)
	at org.eclipse.lsp4j.jsonrpc.RemoteEndpoint.consume(RemoteEndpoint.java:198)
	at scala.meta.internal.metals.RequestMonitorImpl$$anon$1.consume(ServerLivenessMonitor.scala:41)
	at org.eclipse.lsp4j.jsonrpc.json.StreamMessageProducer.handleMessage(StreamMessageProducer.java:189)
	at org.eclipse.lsp4j.jsonrpc.json.StreamMessageProducer.listen(StreamMessageProducer.java:97)
	at org.eclipse.lsp4j.jsonrpc.json.ConcurrentMessageProcessor.run(ConcurrentMessageProcessor.java:97)
	at java.util.concurrent.Executors$RunnableAdapter.call(Executors.java:572)
	at java.util.concurrent.FutureTask.run(FutureTask.java:317)
	at java.util.concurrent.ThreadPoolExecutor.runWorker(ThreadPoolExecutor.java:1144)
	at java.util.concurrent.ThreadPoolExecutor$Worker.run(ThreadPoolExecutor.java:642)
	at java.lang.Thread.run(Thread.java:1583)

2026.10.05 10:52:29 INFO  BSP server: WARNING: Unsupported request method: buildTarget/jvmRunEnvironment
2026.10.05 10:52:30 INFO  BSP server: Oct 05, 2026 10:52:30 AM org.eclipse.lsp4j.jsonrpc.services.GenericEndpoint request
2026.10.05 10:52:30 INFO  BSP server: WARNING: Unsupported request method: buildTarget/jvmRunEnvironment
2026.10.05 10:52:30 INFO  scala-cli should support `buildTarget/jvmRunEnvironment`, but it fails.
org.eclipse.lsp4j.jsonrpc.ResponseErrorException: Unsupported request method: buildTarget/jvmRunEnvironment
	at org.eclipse.lsp4j.jsonrpc.RemoteEndpoint.handleResponse(RemoteEndpoint.java:214)
	at org.eclipse.lsp4j.jsonrpc.RemoteEndpoint.consume(RemoteEndpoint.java:198)
	at scala.meta.internal.metals.RequestMonitorImpl$$anon$1.consume(ServerLivenessMonitor.scala:41)
	at org.eclipse.lsp4j.jsonrpc.json.StreamMessageProducer.handleMessage(StreamMessageProducer.java:189)
	at org.eclipse.lsp4j.jsonrpc.json.StreamMessageProducer.listen(StreamMessageProducer.java:97)
	at org.eclipse.lsp4j.jsonrpc.json.ConcurrentMessageProcessor.run(ConcurrentMessageProcessor.java:97)
	at java.util.concurrent.Executors$RunnableAdapter.call(Executors.java:572)
	at java.util.concurrent.FutureTask.run(FutureTask.java:317)
	at java.util.concurrent.ThreadPoolExecutor.runWorker(ThreadPoolExecutor.java:1144)
	at java.util.concurrent.ThreadPoolExecutor$Worker.run(ThreadPoolExecutor.java:642)
	at java.lang.Thread.run(Thread.java:1583)

2026.10.05 10:52:31 INFO  BSP server: Oct 05, 2026 10:52:31 AM org.eclipse.lsp4j.jsonrpc.services.GenericEndpoint request
2026.10.05 10:52:31 INFO  BSP server: WARNING: Unsupported request method: buildTarget/jvmRunEnvironment
2026.10.05 10:52:31 INFO  scala-cli should support `buildTarget/jvmRunEnvironment`, but it fails.
org.eclipse.lsp4j.jsonrpc.ResponseErrorException: Unsupported request method: buildTarget/jvmRunEnvironment
	at org.eclipse.lsp4j.jsonrpc.RemoteEndpoint.handleResponse(RemoteEndpoint.java:214)
	at org.eclipse.lsp4j.jsonrpc.RemoteEndpoint.consume(RemoteEndpoint.java:198)
	at scala.meta.internal.metals.RequestMonitorImpl$$anon$1.consume(ServerLivenessMonitor.scala:41)
	at org.eclipse.lsp4j.jsonrpc.json.StreamMessageProducer.handleMessage(StreamMessageProducer.java:189)
	at org.eclipse.lsp4j.jsonrpc.json.StreamMessageProducer.listen(StreamMessageProducer.java:97)
	at org.eclipse.lsp4j.jsonrpc.json.ConcurrentMessageProcessor.run(ConcurrentMessageProcessor.java:97)
	at java.util.concurrent.Executors$RunnableAdapter.call(Executors.java:572)
	at java.util.concurrent.FutureTask.run(FutureTask.java:317)
	at java.util.concurrent.ThreadPoolExecutor.runWorker(ThreadPoolExecutor.java:1144)
	at java.util.concurrent.ThreadPoolExecutor$Worker.run(ThreadPoolExecutor.java:642)
	at java.lang.Thread.run(Thread.java:1583)

2026.10.05 10:52:47 INFO  BSP server: Oct 05, 2026 10:52:47 AM org.eclipse.lsp4j.jsonrpc.services.GenericEndpoint request
2026.10.05 10:52:47 INFO  scala-cli should support `buildTarget/jvmRunEnvironment`, but it fails.
org.eclipse.lsp4j.jsonrpc.ResponseErrorException: Unsupported request method: buildTarget/jvmRunEnvironment
	at org.eclipse.lsp4j.jsonrpc.RemoteEndpoint.handleResponse(RemoteEndpoint.java:214)
	at org.eclipse.lsp4j.jsonrpc.RemoteEndpoint.consume(RemoteEndpoint.java:198)
	at scala.meta.internal.metals.RequestMonitorImpl$$anon$1.consume(ServerLivenessMonitor.scala:41)
	at org.eclipse.lsp4j.jsonrpc.json.StreamMessageProducer.handleMessage(StreamMessageProducer.java:189)
	at org.eclipse.lsp4j.jsonrpc.json.StreamMessageProducer.listen(StreamMessageProducer.java:97)
	at org.eclipse.lsp4j.jsonrpc.json.ConcurrentMessageProcessor.run(ConcurrentMessageProcessor.java:97)
	at java.util.concurrent.Executors$RunnableAdapter.call(Executors.java:572)
	at java.util.concurrent.FutureTask.run(FutureTask.java:317)
	at java.util.concurrent.ThreadPoolExecutor.runWorker(ThreadPoolExecutor.java:1144)
	at java.util.concurrent.ThreadPoolExecutor$Worker.run(ThreadPoolExecutor.java:642)
	at java.lang.Thread.run(Thread.java:1583)

2026.10.05 10:52:47 INFO  BSP server: WARNING: Unsupported request method: buildTarget/jvmRunEnvironment
2026.10.05 10:52:54 INFO  BSP server: Oct 05, 2026 10:52:54 AM org.eclipse.lsp4j.jsonrpc.services.GenericEndpoint request
2026.10.05 10:52:54 INFO  scala-cli should support `buildTarget/jvmRunEnvironment`, but it fails.
org.eclipse.lsp4j.jsonrpc.ResponseErrorException: Unsupported request method: buildTarget/jvmRunEnvironment
	at org.eclipse.lsp4j.jsonrpc.RemoteEndpoint.handleResponse(RemoteEndpoint.java:214)
	at org.eclipse.lsp4j.jsonrpc.RemoteEndpoint.consume(RemoteEndpoint.java:198)
	at scala.meta.internal.metals.RequestMonitorImpl$$anon$1.consume(ServerLivenessMonitor.scala:41)
	at org.eclipse.lsp4j.jsonrpc.json.StreamMessageProducer.handleMessage(StreamMessageProducer.java:189)
	at org.eclipse.lsp4j.jsonrpc.json.StreamMessageProducer.listen(StreamMessageProducer.java:97)
	at org.eclipse.lsp4j.jsonrpc.json.ConcurrentMessageProcessor.run(ConcurrentMessageProcessor.java:97)
	at java.util.concurrent.Executors$RunnableAdapter.call(Executors.java:572)
	at java.util.concurrent.FutureTask.run(FutureTask.java:317)
	at java.util.concurrent.ThreadPoolExecutor.runWorker(ThreadPoolExecutor.java:1144)
	at java.util.concurrent.ThreadPoolExecutor$Worker.run(ThreadPoolExecutor.java:642)
	at java.lang.Thread.run(Thread.java:1583)

2026.10.05 10:52:54 INFO  BSP server: WARNING: Unsupported request method: buildTarget/jvmRunEnvironment
2026.10.05 10:52:54 INFO  BSP server: Oct 05, 2026 10:52:55 AM org.eclipse.lsp4j.jsonrpc.services.GenericEndpoint request
2026.10.05 10:52:54 INFO  BSP server: WARNING: Unsupported request method: buildTarget/jvmRunEnvironment
2026.10.05 10:52:55 INFO  scala-cli should support `buildTarget/jvmRunEnvironment`, but it fails.
org.eclipse.lsp4j.jsonrpc.ResponseErrorException: Unsupported request method: buildTarget/jvmRunEnvironment
	at org.eclipse.lsp4j.jsonrpc.RemoteEndpoint.handleResponse(RemoteEndpoint.java:214)
	at org.eclipse.lsp4j.jsonrpc.RemoteEndpoint.consume(RemoteEndpoint.java:198)
	at scala.meta.internal.metals.RequestMonitorImpl$$anon$1.consume(ServerLivenessMonitor.scala:41)
	at org.eclipse.lsp4j.jsonrpc.json.StreamMessageProducer.handleMessage(StreamMessageProducer.java:189)
	at org.eclipse.lsp4j.jsonrpc.json.StreamMessageProducer.listen(StreamMessageProducer.java:97)
	at org.eclipse.lsp4j.jsonrpc.json.ConcurrentMessageProcessor.run(ConcurrentMessageProcessor.java:97)
	at java.util.concurrent.Executors$RunnableAdapter.call(Executors.java:572)
	at java.util.concurrent.FutureTask.run(FutureTask.java:317)
	at java.util.concurrent.ThreadPoolExecutor.runWorker(ThreadPoolExecutor.java:1144)
	at java.util.concurrent.ThreadPoolExecutor$Worker.run(ThreadPoolExecutor.java:642)
	at java.lang.Thread.run(Thread.java:1583)

2026.10.05 10:55:20 INFO  BSP server: Oct 05, 2026 10:55:20 AM org.eclipse.lsp4j.jsonrpc.services.GenericEndpoint request
2026.10.05 10:55:20 INFO  scala-cli should support `buildTarget/jvmRunEnvironment`, but it fails.
org.eclipse.lsp4j.jsonrpc.ResponseErrorException: Unsupported request method: buildTarget/jvmRunEnvironment
	at org.eclipse.lsp4j.jsonrpc.RemoteEndpoint.handleResponse(RemoteEndpoint.java:214)
	at org.eclipse.lsp4j.jsonrpc.RemoteEndpoint.consume(RemoteEndpoint.java:198)
	at scala.meta.internal.metals.RequestMonitorImpl$$anon$1.consume(ServerLivenessMonitor.scala:41)
	at org.eclipse.lsp4j.jsonrpc.json.StreamMessageProducer.handleMessage(StreamMessageProducer.java:189)
	at org.eclipse.lsp4j.jsonrpc.json.StreamMessageProducer.listen(StreamMessageProducer.java:97)
	at org.eclipse.lsp4j.jsonrpc.json.ConcurrentMessageProcessor.run(ConcurrentMessageProcessor.java:97)
	at java.util.concurrent.Executors$RunnableAdapter.call(Executors.java:572)
	at java.util.concurrent.FutureTask.run(FutureTask.java:317)
	at java.util.concurrent.ThreadPoolExecutor.runWorker(ThreadPoolExecutor.java:1144)
	at java.util.concurrent.ThreadPoolExecutor$Worker.run(ThreadPoolExecutor.java:642)
	at java.lang.Thread.run(Thread.java:1583)

2026.10.05 10:55:20 INFO  BSP server: WARNING: Unsupported request method: buildTarget/jvmRunEnvironment
2026.10.05 10:57:22 INFO  BSP server: Oct 05, 2026 10:57:22 AM org.eclipse.lsp4j.jsonrpc.services.GenericEndpoint request
2026.10.05 10:57:22 INFO  scala-cli should support `buildTarget/jvmRunEnvironment`, but it fails.
org.eclipse.lsp4j.jsonrpc.ResponseErrorException: Unsupported request method: buildTarget/jvmRunEnvironment
	at org.eclipse.lsp4j.jsonrpc.RemoteEndpoint.handleResponse(RemoteEndpoint.java:214)
	at org.eclipse.lsp4j.jsonrpc.RemoteEndpoint.consume(RemoteEndpoint.java:198)
	at scala.meta.internal.metals.RequestMonitorImpl$$anon$1.consume(ServerLivenessMonitor.scala:41)
	at org.eclipse.lsp4j.jsonrpc.json.StreamMessageProducer.handleMessage(StreamMessageProducer.java:189)
	at org.eclipse.lsp4j.jsonrpc.json.StreamMessageProducer.listen(StreamMessageProducer.java:97)
	at org.eclipse.lsp4j.jsonrpc.json.ConcurrentMessageProcessor.run(ConcurrentMessageProcessor.java:97)
	at java.util.concurrent.Executors$RunnableAdapter.call(Executors.java:572)
	at java.util.concurrent.FutureTask.run(FutureTask.java:317)
	at java.util.concurrent.ThreadPoolExecutor.runWorker(ThreadPoolExecutor.java:1144)
	at java.util.concurrent.ThreadPoolExecutor$Worker.run(ThreadPoolExecutor.java:642)
	at java.lang.Thread.run(Thread.java:1583)

2026.10.05 10:57:22 INFO  BSP server: WARNING: Unsupported request method: buildTarget/jvmRunEnvironment
2026.10.05 10:57:23 INFO  BSP server: Oct 05, 2026 10:57:23 AM org.eclipse.lsp4j.jsonrpc.services.GenericEndpoint request
2026.10.05 10:57:23 INFO  BSP server: WARNING: Unsupported request method: buildTarget/jvmRunEnvironment
2026.10.05 10:57:23 INFO  scala-cli should support `buildTarget/jvmRunEnvironment`, but it fails.
org.eclipse.lsp4j.jsonrpc.ResponseErrorException: Unsupported request method: buildTarget/jvmRunEnvironment
	at org.eclipse.lsp4j.jsonrpc.RemoteEndpoint.handleResponse(RemoteEndpoint.java:214)
	at org.eclipse.lsp4j.jsonrpc.RemoteEndpoint.consume(RemoteEndpoint.java:198)
	at scala.meta.internal.metals.RequestMonitorImpl$$anon$1.consume(ServerLivenessMonitor.scala:41)
	at org.eclipse.lsp4j.jsonrpc.json.StreamMessageProducer.handleMessage(StreamMessageProducer.java:189)
	at org.eclipse.lsp4j.jsonrpc.json.StreamMessageProducer.listen(StreamMessageProducer.java:97)
	at org.eclipse.lsp4j.jsonrpc.json.ConcurrentMessageProcessor.run(ConcurrentMessageProcessor.java:97)
	at java.util.concurrent.Executors$RunnableAdapter.call(Executors.java:572)
	at java.util.concurrent.FutureTask.run(FutureTask.java:317)
	at java.util.concurrent.ThreadPoolExecutor.runWorker(ThreadPoolExecutor.java:1144)
	at java.util.concurrent.ThreadPoolExecutor$Worker.run(ThreadPoolExecutor.java:642)
	at java.lang.Thread.run(Thread.java:1583)

2026.10.05 10:57:23 INFO  BSP server: Oct 05, 2026 10:57:24 AM org.eclipse.lsp4j.jsonrpc.services.GenericEndpoint request
2026.10.05 10:57:23 INFO  BSP server: WARNING: Unsupported request method: buildTarget/jvmRunEnvironment
2026.10.05 10:57:24 INFO  scala-cli should support `buildTarget/jvmRunEnvironment`, but it fails.
org.eclipse.lsp4j.jsonrpc.ResponseErrorException: Unsupported request method: buildTarget/jvmRunEnvironment
	at org.eclipse.lsp4j.jsonrpc.RemoteEndpoint.handleResponse(RemoteEndpoint.java:214)
	at org.eclipse.lsp4j.jsonrpc.RemoteEndpoint.consume(RemoteEndpoint.java:198)
	at scala.meta.internal.metals.RequestMonitorImpl$$anon$1.consume(ServerLivenessMonitor.scala:41)
	at org.eclipse.lsp4j.jsonrpc.json.StreamMessageProducer.handleMessage(StreamMessageProducer.java:189)
	at org.eclipse.lsp4j.jsonrpc.json.StreamMessageProducer.listen(StreamMessageProducer.java:97)
	at org.eclipse.lsp4j.jsonrpc.json.ConcurrentMessageProcessor.run(ConcurrentMessageProcessor.java:97)
	at java.util.concurrent.Executors$RunnableAdapter.call(Executors.java:572)
	at java.util.concurrent.FutureTask.run(FutureTask.java:317)
	at java.util.concurrent.ThreadPoolExecutor.runWorker(ThreadPoolExecutor.java:1144)
	at java.util.concurrent.ThreadPoolExecutor$Worker.run(ThreadPoolExecutor.java:642)
	at java.lang.Thread.run(Thread.java:1583)

2026.10.05 10:57:25 INFO  BSP server: Oct 05, 2026 10:57:25 AM org.eclipse.lsp4j.jsonrpc.services.GenericEndpoint request
2026.10.05 10:57:25 INFO  BSP server: WARNING: Unsupported request method: buildTarget/jvmRunEnvironment
2026.10.05 10:57:25 INFO  scala-cli should support `buildTarget/jvmRunEnvironment`, but it fails.
org.eclipse.lsp4j.jsonrpc.ResponseErrorException: Unsupported request method: buildTarget/jvmRunEnvironment
	at org.eclipse.lsp4j.jsonrpc.RemoteEndpoint.handleResponse(RemoteEndpoint.java:214)
	at org.eclipse.lsp4j.jsonrpc.RemoteEndpoint.consume(RemoteEndpoint.java:198)
	at scala.meta.internal.metals.RequestMonitorImpl$$anon$1.consume(ServerLivenessMonitor.scala:41)
	at org.eclipse.lsp4j.jsonrpc.json.StreamMessageProducer.handleMessage(StreamMessageProducer.java:189)
	at org.eclipse.lsp4j.jsonrpc.json.StreamMessageProducer.listen(StreamMessageProducer.java:97)
	at org.eclipse.lsp4j.jsonrpc.json.ConcurrentMessageProcessor.run(ConcurrentMessageProcessor.java:97)
	at java.util.concurrent.Executors$RunnableAdapter.call(Executors.java:572)
	at java.util.concurrent.FutureTask.run(FutureTask.java:317)
	at java.util.concurrent.ThreadPoolExecutor.runWorker(ThreadPoolExecutor.java:1144)
	at java.util.concurrent.ThreadPoolExecutor$Worker.run(ThreadPoolExecutor.java:642)
	at java.lang.Thread.run(Thread.java:1583)

2026.10.05 10:57:25 INFO  BSP server: Oct 05, 2026 10:57:26 AM org.eclipse.lsp4j.jsonrpc.services.GenericEndpoint request
2026.10.05 10:57:26 INFO  scala-cli should support `buildTarget/jvmRunEnvironment`, but it fails.
org.eclipse.lsp4j.jsonrpc.ResponseErrorException: Unsupported request method: buildTarget/jvmRunEnvironment
	at org.eclipse.lsp4j.jsonrpc.RemoteEndpoint.handleResponse(RemoteEndpoint.java:214)
	at org.eclipse.lsp4j.jsonrpc.RemoteEndpoint.consume(RemoteEndpoint.java:198)
	at scala.meta.internal.metals.RequestMonitorImpl$$anon$1.consume(ServerLivenessMonitor.scala:41)
	at org.eclipse.lsp4j.jsonrpc.json.StreamMessageProducer.handleMessage(StreamMessageProducer.java:189)
	at org.eclipse.lsp4j.jsonrpc.json.StreamMessageProducer.listen(StreamMessageProducer.java:97)
	at org.eclipse.lsp4j.jsonrpc.json.ConcurrentMessageProcessor.run(ConcurrentMessageProcessor.java:97)
	at java.util.concurrent.Executors$RunnableAdapter.call(Executors.java:572)
	at java.util.concurrent.FutureTask.run(FutureTask.java:317)
	at java.util.concurrent.ThreadPoolExecutor.runWorker(ThreadPoolExecutor.java:1144)
	at java.util.concurrent.ThreadPoolExecutor$Worker.run(ThreadPoolExecutor.java:642)
	at java.lang.Thread.run(Thread.java:1583)

2026.10.05 10:57:25 INFO  BSP server: WARNING: Unsupported request method: buildTarget/jvmRunEnvironment
2026.10.05 10:57:27 INFO  BSP server: Oct 05, 2026 10:57:27 AM org.eclipse.lsp4j.jsonrpc.services.GenericEndpoint request
2026.10.05 10:57:27 INFO  BSP server: WARNING: Unsupported request method: buildTarget/jvmRunEnvironment
2026.10.05 10:57:27 INFO  scala-cli should support `buildTarget/jvmRunEnvironment`, but it fails.
org.eclipse.lsp4j.jsonrpc.ResponseErrorException: Unsupported request method: buildTarget/jvmRunEnvironment
	at org.eclipse.lsp4j.jsonrpc.RemoteEndpoint.handleResponse(RemoteEndpoint.java:214)
	at org.eclipse.lsp4j.jsonrpc.RemoteEndpoint.consume(RemoteEndpoint.java:198)
	at scala.meta.internal.metals.RequestMonitorImpl$$anon$1.consume(ServerLivenessMonitor.scala:41)
	at org.eclipse.lsp4j.jsonrpc.json.StreamMessageProducer.handleMessage(StreamMessageProducer.java:189)
	at org.eclipse.lsp4j.jsonrpc.json.StreamMessageProducer.listen(StreamMessageProducer.java:97)
	at org.eclipse.lsp4j.jsonrpc.json.ConcurrentMessageProcessor.run(ConcurrentMessageProcessor.java:97)
	at java.util.concurrent.Executors$RunnableAdapter.call(Executors.java:572)
	at java.util.concurrent.FutureTask.run(FutureTask.java:317)
	at java.util.concurrent.ThreadPoolExecutor.runWorker(ThreadPoolExecutor.java:1144)
	at java.util.concurrent.ThreadPoolExecutor$Worker.run(ThreadPoolExecutor.java:642)
	at java.lang.Thread.run(Thread.java:1583)

2026.10.05 10:57:37 INFO  BSP server: Oct 05, 2026 10:57:37 AM org.eclipse.lsp4j.jsonrpc.services.GenericEndpoint request
2026.10.05 10:57:37 INFO  scala-cli should support `buildTarget/jvmRunEnvironment`, but it fails.
org.eclipse.lsp4j.jsonrpc.ResponseErrorException: Unsupported request method: buildTarget/jvmRunEnvironment
	at org.eclipse.lsp4j.jsonrpc.RemoteEndpoint.handleResponse(RemoteEndpoint.java:214)
	at org.eclipse.lsp4j.jsonrpc.RemoteEndpoint.consume(RemoteEndpoint.java:198)
	at scala.meta.internal.metals.RequestMonitorImpl$$anon$1.consume(ServerLivenessMonitor.scala:41)
	at org.eclipse.lsp4j.jsonrpc.json.StreamMessageProducer.handleMessage(StreamMessageProducer.java:189)
	at org.eclipse.lsp4j.jsonrpc.json.StreamMessageProducer.listen(StreamMessageProducer.java:97)
	at org.eclipse.lsp4j.jsonrpc.json.ConcurrentMessageProcessor.run(ConcurrentMessageProcessor.java:97)
	at java.util.concurrent.Executors$RunnableAdapter.call(Executors.java:572)
	at java.util.concurrent.FutureTask.run(FutureTask.java:317)
	at java.util.concurrent.ThreadPoolExecutor.runWorker(ThreadPoolExecutor.java:1144)
	at java.util.concurrent.ThreadPoolExecutor$Worker.run(ThreadPoolExecutor.java:642)
	at java.lang.Thread.run(Thread.java:1583)

2026.10.05 10:57:37 INFO  BSP server: WARNING: Unsupported request method: buildTarget/jvmRunEnvironment
2026.10.05 10:57:45 INFO  BSP server: Oct 05, 2026 10:57:45 AM org.eclipse.lsp4j.jsonrpc.services.GenericEndpoint request
2026.10.05 10:57:45 INFO  BSP server: WARNING: Unsupported request method: buildTarget/jvmRunEnvironment
2026.10.05 10:57:45 INFO  scala-cli should support `buildTarget/jvmRunEnvironment`, but it fails.
org.eclipse.lsp4j.jsonrpc.ResponseErrorException: Unsupported request method: buildTarget/jvmRunEnvironment
	at org.eclipse.lsp4j.jsonrpc.RemoteEndpoint.handleResponse(RemoteEndpoint.java:214)
	at org.eclipse.lsp4j.jsonrpc.RemoteEndpoint.consume(RemoteEndpoint.java:198)
	at scala.meta.internal.metals.RequestMonitorImpl$$anon$1.consume(ServerLivenessMonitor.scala:41)
	at org.eclipse.lsp4j.jsonrpc.json.StreamMessageProducer.handleMessage(StreamMessageProducer.java:189)
	at org.eclipse.lsp4j.jsonrpc.json.StreamMessageProducer.listen(StreamMessageProducer.java:97)
	at org.eclipse.lsp4j.jsonrpc.json.ConcurrentMessageProcessor.run(ConcurrentMessageProcessor.java:97)
	at java.util.concurrent.Executors$RunnableAdapter.call(Executors.java:572)
	at java.util.concurrent.FutureTask.run(FutureTask.java:317)
	at java.util.concurrent.ThreadPoolExecutor.runWorker(ThreadPoolExecutor.java:1144)
	at java.util.concurrent.ThreadPoolExecutor$Worker.run(ThreadPoolExecutor.java:642)
	at java.lang.Thread.run(Thread.java:1583)

2026.10.05 10:57:47 INFO  BSP server: Oct 05, 2026 10:57:47 AM org.eclipse.lsp4j.jsonrpc.services.GenericEndpoint request
2026.10.05 10:57:47 INFO  BSP server: WARNING: Unsupported request method: buildTarget/jvmRunEnvironment
2026.10.05 10:57:47 INFO  scala-cli should support `buildTarget/jvmRunEnvironment`, but it fails.
org.eclipse.lsp4j.jsonrpc.ResponseErrorException: Unsupported request method: buildTarget/jvmRunEnvironment
	at org.eclipse.lsp4j.jsonrpc.RemoteEndpoint.handleResponse(RemoteEndpoint.java:214)
	at org.eclipse.lsp4j.jsonrpc.RemoteEndpoint.consume(RemoteEndpoint.java:198)
	at scala.meta.internal.metals.RequestMonitorImpl$$anon$1.consume(ServerLivenessMonitor.scala:41)
	at org.eclipse.lsp4j.jsonrpc.json.StreamMessageProducer.handleMessage(StreamMessageProducer.java:189)
	at org.eclipse.lsp4j.jsonrpc.json.StreamMessageProducer.listen(StreamMessageProducer.java:97)
	at org.eclipse.lsp4j.jsonrpc.json.ConcurrentMessageProcessor.run(ConcurrentMessageProcessor.java:97)
	at java.util.concurrent.Executors$RunnableAdapter.call(Executors.java:572)
	at java.util.concurrent.FutureTask.run(FutureTask.java:317)
	at java.util.concurrent.ThreadPoolExecutor.runWorker(ThreadPoolExecutor.java:1144)
	at java.util.concurrent.ThreadPoolExecutor$Worker.run(ThreadPoolExecutor.java:642)
	at java.lang.Thread.run(Thread.java:1583)

2026.10.05 10:57:57 INFO  BSP server: Oct 05, 2026 10:57:57 AM org.eclipse.lsp4j.jsonrpc.services.GenericEndpoint request
2026.10.05 10:57:57 INFO  BSP server: WARNING: Unsupported request method: buildTarget/jvmRunEnvironment
2026.10.05 10:57:57 INFO  scala-cli should support `buildTarget/jvmRunEnvironment`, but it fails.
org.eclipse.lsp4j.jsonrpc.ResponseErrorException: Unsupported request method: buildTarget/jvmRunEnvironment
	at org.eclipse.lsp4j.jsonrpc.RemoteEndpoint.handleResponse(RemoteEndpoint.java:214)
	at org.eclipse.lsp4j.jsonrpc.RemoteEndpoint.consume(RemoteEndpoint.java:198)
	at scala.meta.internal.metals.RequestMonitorImpl$$anon$1.consume(ServerLivenessMonitor.scala:41)
	at org.eclipse.lsp4j.jsonrpc.json.StreamMessageProducer.handleMessage(StreamMessageProducer.java:189)
	at org.eclipse.lsp4j.jsonrpc.json.StreamMessageProducer.listen(StreamMessageProducer.java:97)
	at org.eclipse.lsp4j.jsonrpc.json.ConcurrentMessageProcessor.run(ConcurrentMessageProcessor.java:97)
	at java.util.concurrent.Executors$RunnableAdapter.call(Executors.java:572)
	at java.util.concurrent.FutureTask.run(FutureTask.java:317)
	at java.util.concurrent.ThreadPoolExecutor.runWorker(ThreadPoolExecutor.java:1144)
	at java.util.concurrent.ThreadPoolExecutor$Worker.run(ThreadPoolExecutor.java:642)
	at java.lang.Thread.run(Thread.java:1583)

2026.10.05 10:57:59 INFO  BSP server: Oct 05, 2026 10:57:59 AM org.eclipse.lsp4j.jsonrpc.services.GenericEndpoint request
2026.10.05 10:57:59 INFO  scala-cli should support `buildTarget/jvmRunEnvironment`, but it fails.
org.eclipse.lsp4j.jsonrpc.ResponseErrorException: Unsupported request method: buildTarget/jvmRunEnvironment
	at org.eclipse.lsp4j.jsonrpc.RemoteEndpoint.handleResponse(RemoteEndpoint.java:214)
	at org.eclipse.lsp4j.jsonrpc.RemoteEndpoint.consume(RemoteEndpoint.java:198)
	at scala.meta.internal.metals.RequestMonitorImpl$$anon$1.consume(ServerLivenessMonitor.scala:41)
	at org.eclipse.lsp4j.jsonrpc.json.StreamMessageProducer.handleMessage(StreamMessageProducer.java:189)
	at org.eclipse.lsp4j.jsonrpc.json.StreamMessageProducer.listen(StreamMessageProducer.java:97)
	at org.eclipse.lsp4j.jsonrpc.json.ConcurrentMessageProcessor.run(ConcurrentMessageProcessor.java:97)
	at java.util.concurrent.Executors$RunnableAdapter.call(Executors.java:572)
	at java.util.concurrent.FutureTask.run(FutureTask.java:317)
	at java.util.concurrent.ThreadPoolExecutor.runWorker(ThreadPoolExecutor.java:1144)
	at java.util.concurrent.ThreadPoolExecutor$Worker.run(ThreadPoolExecutor.java:642)
	at java.lang.Thread.run(Thread.java:1583)

2026.10.05 10:57:59 INFO  BSP server: WARNING: Unsupported request method: buildTarget/jvmRunEnvironment
2026.10.05 10:57:59 INFO  BSP server: Oct 05, 2026 10:58:00 AM org.eclipse.lsp4j.jsonrpc.services.GenericEndpoint request
2026.10.05 10:57:59 INFO  BSP server: WARNING: Unsupported request method: buildTarget/jvmRunEnvironment
2026.10.05 10:58:00 INFO  scala-cli should support `buildTarget/jvmRunEnvironment`, but it fails.
org.eclipse.lsp4j.jsonrpc.ResponseErrorException: Unsupported request method: buildTarget/jvmRunEnvironment
	at org.eclipse.lsp4j.jsonrpc.RemoteEndpoint.handleResponse(RemoteEndpoint.java:214)
	at org.eclipse.lsp4j.jsonrpc.RemoteEndpoint.consume(RemoteEndpoint.java:198)
	at scala.meta.internal.metals.RequestMonitorImpl$$anon$1.consume(ServerLivenessMonitor.scala:41)
	at org.eclipse.lsp4j.jsonrpc.json.StreamMessageProducer.handleMessage(StreamMessageProducer.java:189)
	at org.eclipse.lsp4j.jsonrpc.json.StreamMessageProducer.listen(StreamMessageProducer.java:97)
	at org.eclipse.lsp4j.jsonrpc.json.ConcurrentMessageProcessor.run(ConcurrentMessageProcessor.java:97)
	at java.util.concurrent.Executors$RunnableAdapter.call(Executors.java:572)
	at java.util.concurrent.FutureTask.run(FutureTask.java:317)
	at java.util.concurrent.ThreadPoolExecutor.runWorker(ThreadPoolExecutor.java:1144)
	at java.util.concurrent.ThreadPoolExecutor$Worker.run(ThreadPoolExecutor.java:642)
	at java.lang.Thread.run(Thread.java:1583)

2026.10.05 10:58:02 INFO  BSP server: Oct 05, 2026 10:58:02 AM org.eclipse.lsp4j.jsonrpc.services.GenericEndpoint request
2026.10.05 10:58:02 INFO  BSP server: WARNING: Unsupported request method: buildTarget/jvmRunEnvironment
2026.10.05 10:58:02 INFO  scala-cli should support `buildTarget/jvmRunEnvironment`, but it fails.
org.eclipse.lsp4j.jsonrpc.ResponseErrorException: Unsupported request method: buildTarget/jvmRunEnvironment
	at org.eclipse.lsp4j.jsonrpc.RemoteEndpoint.handleResponse(RemoteEndpoint.java:214)
	at org.eclipse.lsp4j.jsonrpc.RemoteEndpoint.consume(RemoteEndpoint.java:198)
	at scala.meta.internal.metals.RequestMonitorImpl$$anon$1.consume(ServerLivenessMonitor.scala:41)
	at org.eclipse.lsp4j.jsonrpc.json.StreamMessageProducer.handleMessage(StreamMessageProducer.java:189)
	at org.eclipse.lsp4j.jsonrpc.json.StreamMessageProducer.listen(StreamMessageProducer.java:97)
	at org.eclipse.lsp4j.jsonrpc.json.ConcurrentMessageProcessor.run(ConcurrentMessageProcessor.java:97)
	at java.util.concurrent.Executors$RunnableAdapter.call(Executors.java:572)
	at java.util.concurrent.FutureTask.run(FutureTask.java:317)
	at java.util.concurrent.ThreadPoolExecutor.runWorker(ThreadPoolExecutor.java:1144)
	at java.util.concurrent.ThreadPoolExecutor$Worker.run(ThreadPoolExecutor.java:642)
	at java.lang.Thread.run(Thread.java:1583)

2026.10.05 10:58:04 INFO  BSP server: Oct 05, 2026 10:58:04 AM org.eclipse.lsp4j.jsonrpc.services.GenericEndpoint request
2026.10.05 10:58:04 INFO  scala-cli should support `buildTarget/jvmRunEnvironment`, but it fails.
org.eclipse.lsp4j.jsonrpc.ResponseErrorException: Unsupported request method: buildTarget/jvmRunEnvironment
	at org.eclipse.lsp4j.jsonrpc.RemoteEndpoint.handleResponse(RemoteEndpoint.java:214)
	at org.eclipse.lsp4j.jsonrpc.RemoteEndpoint.consume(RemoteEndpoint.java:198)
	at scala.meta.internal.metals.RequestMonitorImpl$$anon$1.consume(ServerLivenessMonitor.scala:41)
	at org.eclipse.lsp4j.jsonrpc.json.StreamMessageProducer.handleMessage(StreamMessageProducer.java:189)
	at org.eclipse.lsp4j.jsonrpc.json.StreamMessageProducer.listen(StreamMessageProducer.java:97)
	at org.eclipse.lsp4j.jsonrpc.json.ConcurrentMessageProcessor.run(ConcurrentMessageProcessor.java:97)
	at java.util.concurrent.Executors$RunnableAdapter.call(Executors.java:572)
	at java.util.concurrent.FutureTask.run(FutureTask.java:317)
	at java.util.concurrent.ThreadPoolExecutor.runWorker(ThreadPoolExecutor.java:1144)
	at java.util.concurrent.ThreadPoolExecutor$Worker.run(ThreadPoolExecutor.java:642)
	at java.lang.Thread.run(Thread.java:1583)

2026.10.05 10:58:04 INFO  BSP server: WARNING: Unsupported request method: buildTarget/jvmRunEnvironment
2026.10.05 10:58:04 INFO  BSP server: Oct 05, 2026 10:58:05 AM org.eclipse.lsp4j.jsonrpc.services.GenericEndpoint request
2026.10.05 10:58:04 INFO  BSP server: WARNING: Unsupported request method: buildTarget/jvmRunEnvironment
2026.10.05 10:58:05 INFO  scala-cli should support `buildTarget/jvmRunEnvironment`, but it fails.
org.eclipse.lsp4j.jsonrpc.ResponseErrorException: Unsupported request method: buildTarget/jvmRunEnvironment
	at org.eclipse.lsp4j.jsonrpc.RemoteEndpoint.handleResponse(RemoteEndpoint.java:214)
	at org.eclipse.lsp4j.jsonrpc.RemoteEndpoint.consume(RemoteEndpoint.java:198)
	at scala.meta.internal.metals.RequestMonitorImpl$$anon$1.consume(ServerLivenessMonitor.scala:41)
	at org.eclipse.lsp4j.jsonrpc.json.StreamMessageProducer.handleMessage(StreamMessageProducer.java:189)
	at org.eclipse.lsp4j.jsonrpc.json.StreamMessageProducer.listen(StreamMessageProducer.java:97)
	at org.eclipse.lsp4j.jsonrpc.json.ConcurrentMessageProcessor.run(ConcurrentMessageProcessor.java:97)
	at java.util.concurrent.Executors$RunnableAdapter.call(Executors.java:572)
	at java.util.concurrent.FutureTask.run(FutureTask.java:317)
	at java.util.concurrent.ThreadPoolExecutor.runWorker(ThreadPoolExecutor.java:1144)
	at java.util.concurrent.ThreadPoolExecutor$Worker.run(ThreadPoolExecutor.java:642)
	at java.lang.Thread.run(Thread.java:1583)

2026.10.05 10:58:06 INFO  BSP server: Oct 05, 2026 10:58:06 AM org.eclipse.lsp4j.jsonrpc.services.GenericEndpoint request
2026.10.05 10:58:06 INFO  BSP server: WARNING: Unsupported request method: buildTarget/jvmRunEnvironment
2026.10.05 10:58:06 INFO  scala-cli should support `buildTarget/jvmRunEnvironment`, but it fails.
org.eclipse.lsp4j.jsonrpc.ResponseErrorException: Unsupported request method: buildTarget/jvmRunEnvironment
	at org.eclipse.lsp4j.jsonrpc.RemoteEndpoint.handleResponse(RemoteEndpoint.java:214)
	at org.eclipse.lsp4j.jsonrpc.RemoteEndpoint.consume(RemoteEndpoint.java:198)
	at scala.meta.internal.metals.RequestMonitorImpl$$anon$1.consume(ServerLivenessMonitor.scala:41)
	at org.eclipse.lsp4j.jsonrpc.json.StreamMessageProducer.handleMessage(StreamMessageProducer.java:189)
	at org.eclipse.lsp4j.jsonrpc.json.StreamMessageProducer.listen(StreamMessageProducer.java:97)
	at org.eclipse.lsp4j.jsonrpc.json.ConcurrentMessageProcessor.run(ConcurrentMessageProcessor.java:97)
	at java.util.concurrent.Executors$RunnableAdapter.call(Executors.java:572)
	at java.util.concurrent.FutureTask.run(FutureTask.java:317)
	at java.util.concurrent.ThreadPoolExecutor.runWorker(ThreadPoolExecutor.java:1144)
	at java.util.concurrent.ThreadPoolExecutor$Worker.run(ThreadPoolExecutor.java:642)
	at java.lang.Thread.run(Thread.java:1583)

2026.10.05 10:58:09 INFO  BSP server: Oct 05, 2026 10:58:09 AM org.eclipse.lsp4j.jsonrpc.services.GenericEndpoint request
2026.10.05 10:58:09 INFO  scala-cli should support `buildTarget/jvmRunEnvironment`, but it fails.
org.eclipse.lsp4j.jsonrpc.ResponseErrorException: Unsupported request method: buildTarget/jvmRunEnvironment
	at org.eclipse.lsp4j.jsonrpc.RemoteEndpoint.handleResponse(RemoteEndpoint.java:214)
	at org.eclipse.lsp4j.jsonrpc.RemoteEndpoint.consume(RemoteEndpoint.java:198)
	at scala.meta.internal.metals.RequestMonitorImpl$$anon$1.consume(ServerLivenessMonitor.scala:41)
	at org.eclipse.lsp4j.jsonrpc.json.StreamMessageProducer.handleMessage(StreamMessageProducer.java:189)
	at org.eclipse.lsp4j.jsonrpc.json.StreamMessageProducer.listen(StreamMessageProducer.java:97)
	at org.eclipse.lsp4j.jsonrpc.json.ConcurrentMessageProcessor.run(ConcurrentMessageProcessor.java:97)
	at java.util.concurrent.Executors$RunnableAdapter.call(Executors.java:572)
	at java.util.concurrent.FutureTask.run(FutureTask.java:317)
	at java.util.concurrent.ThreadPoolExecutor.runWorker(ThreadPoolExecutor.java:1144)
	at java.util.concurrent.ThreadPoolExecutor$Worker.run(ThreadPoolExecutor.java:642)
	at java.lang.Thread.run(Thread.java:1583)

2026.10.05 10:58:09 INFO  BSP server: WARNING: Unsupported request method: buildTarget/jvmRunEnvironment
2026.10.05 10:58:09 INFO  compiling project_183d125c5c (1 scala source)
2026.10.05 10:58:09 INFO  time: compiled project_183d125c5c in 0.17s
2026.10.05 10:58:27 INFO  compiling project_183d125c5c (1 scala source)
2026.10.05 10:58:27 INFO  time: compiled project_183d125c5c in 0.22s
2026.10.05 10:58:28 INFO  BSP server: Oct 05, 2026 10:58:28 AM org.eclipse.lsp4j.jsonrpc.services.GenericEndpoint request
2026.10.05 10:58:28 INFO  BSP server: WARNING: Unsupported request method: buildTarget/jvmRunEnvironment
2026.10.05 10:58:28 INFO  scala-cli should support `buildTarget/jvmRunEnvironment`, but it fails.
org.eclipse.lsp4j.jsonrpc.ResponseErrorException: Unsupported request method: buildTarget/jvmRunEnvironment
	at org.eclipse.lsp4j.jsonrpc.RemoteEndpoint.handleResponse(RemoteEndpoint.java:214)
	at org.eclipse.lsp4j.jsonrpc.RemoteEndpoint.consume(RemoteEndpoint.java:198)
	at scala.meta.internal.metals.RequestMonitorImpl$$anon$1.consume(ServerLivenessMonitor.scala:41)
	at org.eclipse.lsp4j.jsonrpc.json.StreamMessageProducer.handleMessage(StreamMessageProducer.java:189)
	at org.eclipse.lsp4j.jsonrpc.json.StreamMessageProducer.listen(StreamMessageProducer.java:97)
	at org.eclipse.lsp4j.jsonrpc.json.ConcurrentMessageProcessor.run(ConcurrentMessageProcessor.java:97)
	at java.util.concurrent.Executors$RunnableAdapter.call(Executors.java:572)
	at java.util.concurrent.FutureTask.run(FutureTask.java:317)
	at java.util.concurrent.ThreadPoolExecutor.runWorker(ThreadPoolExecutor.java:1144)
	at java.util.concurrent.ThreadPoolExecutor$Worker.run(ThreadPoolExecutor.java:642)
	at java.lang.Thread.run(Thread.java:1583)

2026.10.05 10:58:34 INFO  BSP server: Oct 05, 2026 10:58:34 AM org.eclipse.lsp4j.jsonrpc.services.GenericEndpoint request
2026.10.05 10:58:34 INFO  scala-cli should support `buildTarget/jvmRunEnvironment`, but it fails.
org.eclipse.lsp4j.jsonrpc.ResponseErrorException: Unsupported request method: buildTarget/jvmRunEnvironment
	at org.eclipse.lsp4j.jsonrpc.RemoteEndpoint.handleResponse(RemoteEndpoint.java:214)
	at org.eclipse.lsp4j.jsonrpc.RemoteEndpoint.consume(RemoteEndpoint.java:198)
	at scala.meta.internal.metals.RequestMonitorImpl$$anon$1.consume(ServerLivenessMonitor.scala:41)
	at org.eclipse.lsp4j.jsonrpc.json.StreamMessageProducer.handleMessage(StreamMessageProducer.java:189)
	at org.eclipse.lsp4j.jsonrpc.json.StreamMessageProducer.listen(StreamMessageProducer.java:97)
	at org.eclipse.lsp4j.jsonrpc.json.ConcurrentMessageProcessor.run(ConcurrentMessageProcessor.java:97)
	at java.util.concurrent.Executors$RunnableAdapter.call(Executors.java:572)
	at java.util.concurrent.FutureTask.run(FutureTask.java:317)
	at java.util.concurrent.ThreadPoolExecutor.runWorker(ThreadPoolExecutor.java:1144)
	at java.util.concurrent.ThreadPoolExecutor$Worker.run(ThreadPoolExecutor.java:642)
	at java.lang.Thread.run(Thread.java:1583)

2026.10.05 10:58:34 INFO  BSP server: WARNING: Unsupported request method: buildTarget/jvmRunEnvironment
2026.10.05 10:58:34 INFO  BSP server: Oct 05, 2026 10:58:34 AM org.eclipse.lsp4j.jsonrpc.services.GenericEndpoint request
2026.10.05 10:58:34 INFO  BSP server: WARNING: Unsupported request method: buildTarget/jvmRunEnvironment
2026.10.05 10:58:34 INFO  scala-cli should support `buildTarget/jvmRunEnvironment`, but it fails.
org.eclipse.lsp4j.jsonrpc.ResponseErrorException: Unsupported request method: buildTarget/jvmRunEnvironment
	at org.eclipse.lsp4j.jsonrpc.RemoteEndpoint.handleResponse(RemoteEndpoint.java:214)
	at org.eclipse.lsp4j.jsonrpc.RemoteEndpoint.consume(RemoteEndpoint.java:198)
	at scala.meta.internal.metals.RequestMonitorImpl$$anon$1.consume(ServerLivenessMonitor.scala:41)
	at org.eclipse.lsp4j.jsonrpc.json.StreamMessageProducer.handleMessage(StreamMessageProducer.java:189)
	at org.eclipse.lsp4j.jsonrpc.json.StreamMessageProducer.listen(StreamMessageProducer.java:97)
	at org.eclipse.lsp4j.jsonrpc.json.ConcurrentMessageProcessor.run(ConcurrentMessageProcessor.java:97)
	at java.util.concurrent.Executors$RunnableAdapter.call(Executors.java:572)
	at java.util.concurrent.FutureTask.run(FutureTask.java:317)
	at java.util.concurrent.ThreadPoolExecutor.runWorker(ThreadPoolExecutor.java:1144)
	at java.util.concurrent.ThreadPoolExecutor$Worker.run(ThreadPoolExecutor.java:642)
	at java.lang.Thread.run(Thread.java:1583)

2026.10.05 10:58:35 INFO  BSP server: Oct 05, 2026 10:58:35 AM org.eclipse.lsp4j.jsonrpc.services.GenericEndpoint request
2026.10.05 10:58:35 INFO  scala-cli should support `buildTarget/jvmRunEnvironment`, but it fails.
org.eclipse.lsp4j.jsonrpc.ResponseErrorException: Unsupported request method: buildTarget/jvmRunEnvironment
	at org.eclipse.lsp4j.jsonrpc.RemoteEndpoint.handleResponse(RemoteEndpoint.java:214)
	at org.eclipse.lsp4j.jsonrpc.RemoteEndpoint.consume(RemoteEndpoint.java:198)
	at scala.meta.internal.metals.RequestMonitorImpl$$anon$1.consume(ServerLivenessMonitor.scala:41)
	at org.eclipse.lsp4j.jsonrpc.json.StreamMessageProducer.handleMessage(StreamMessageProducer.java:189)
	at org.eclipse.lsp4j.jsonrpc.json.StreamMessageProducer.listen(StreamMessageProducer.java:97)
	at org.eclipse.lsp4j.jsonrpc.json.ConcurrentMessageProcessor.run(ConcurrentMessageProcessor.java:97)
	at java.util.concurrent.Executors$RunnableAdapter.call(Executors.java:572)
	at java.util.concurrent.FutureTask.run(FutureTask.java:317)
	at java.util.concurrent.ThreadPoolExecutor.runWorker(ThreadPoolExecutor.java:1144)
	at java.util.concurrent.ThreadPoolExecutor$Worker.run(ThreadPoolExecutor.java:642)
	at java.lang.Thread.run(Thread.java:1583)

2026.10.05 10:58:35 INFO  BSP server: WARNING: Unsupported request method: buildTarget/jvmRunEnvironment
2026.10.05 10:58:35 INFO  BSP server: Oct 05, 2026 10:58:36 AM org.eclipse.lsp4j.jsonrpc.services.GenericEndpoint request
2026.10.05 10:58:35 INFO  BSP server: WARNING: Unsupported request method: buildTarget/jvmRunEnvironment
2026.10.05 10:58:36 INFO  scala-cli should support `buildTarget/jvmRunEnvironment`, but it fails.
org.eclipse.lsp4j.jsonrpc.ResponseErrorException: Unsupported request method: buildTarget/jvmRunEnvironment
	at org.eclipse.lsp4j.jsonrpc.RemoteEndpoint.handleResponse(RemoteEndpoint.java:214)
	at org.eclipse.lsp4j.jsonrpc.RemoteEndpoint.consume(RemoteEndpoint.java:198)
	at scala.meta.internal.metals.RequestMonitorImpl$$anon$1.consume(ServerLivenessMonitor.scala:41)
	at org.eclipse.lsp4j.jsonrpc.json.StreamMessageProducer.handleMessage(StreamMessageProducer.java:189)
	at org.eclipse.lsp4j.jsonrpc.json.StreamMessageProducer.listen(StreamMessageProducer.java:97)
	at org.eclipse.lsp4j.jsonrpc.json.ConcurrentMessageProcessor.run(ConcurrentMessageProcessor.java:97)
	at java.util.concurrent.Executors$RunnableAdapter.call(Executors.java:572)
	at java.util.concurrent.FutureTask.run(FutureTask.java:317)
	at java.util.concurrent.ThreadPoolExecutor.runWorker(ThreadPoolExecutor.java:1144)
	at java.util.concurrent.ThreadPoolExecutor$Worker.run(ThreadPoolExecutor.java:642)
	at java.lang.Thread.run(Thread.java:1583)

2026.10.05 10:58:35 INFO  BSP server: Oct 05, 2026 10:58:36 AM org.eclipse.lsp4j.jsonrpc.services.GenericEndpoint request
2026.10.05 10:58:35 INFO  BSP server: WARNING: Unsupported request method: buildTarget/jvmRunEnvironment
2026.10.05 10:58:36 INFO  scala-cli should support `buildTarget/jvmRunEnvironment`, but it fails.
org.eclipse.lsp4j.jsonrpc.ResponseErrorException: Unsupported request method: buildTarget/jvmRunEnvironment
	at org.eclipse.lsp4j.jsonrpc.RemoteEndpoint.handleResponse(RemoteEndpoint.java:214)
	at org.eclipse.lsp4j.jsonrpc.RemoteEndpoint.consume(RemoteEndpoint.java:198)
	at scala.meta.internal.metals.RequestMonitorImpl$$anon$1.consume(ServerLivenessMonitor.scala:41)
	at org.eclipse.lsp4j.jsonrpc.json.StreamMessageProducer.handleMessage(StreamMessageProducer.java:189)
	at org.eclipse.lsp4j.jsonrpc.json.StreamMessageProducer.listen(StreamMessageProducer.java:97)
	at org.eclipse.lsp4j.jsonrpc.json.ConcurrentMessageProcessor.run(ConcurrentMessageProcessor.java:97)
	at java.util.concurrent.Executors$RunnableAdapter.call(Executors.java:572)
	at java.util.concurrent.FutureTask.run(FutureTask.java:317)
	at java.util.concurrent.ThreadPoolExecutor.runWorker(ThreadPoolExecutor.java:1144)
	at java.util.concurrent.ThreadPoolExecutor$Worker.run(ThreadPoolExecutor.java:642)
	at java.lang.Thread.run(Thread.java:1583)

2026.10.05 10:58:38 INFO  compiling project_183d125c5c (1 scala source)
2026.10.05 10:58:38 INFO  time: compiled project_183d125c5c in 0.19s
2026.10.05 10:58:38 INFO  BSP server: Oct 05, 2026 10:58:38 AM org.eclipse.lsp4j.jsonrpc.services.GenericEndpoint request
2026.10.05 10:58:38 INFO  BSP server: WARNING: Unsupported request method: buildTarget/jvmRunEnvironment
2026.10.05 10:58:38 INFO  scala-cli should support `buildTarget/jvmRunEnvironment`, but it fails.
org.eclipse.lsp4j.jsonrpc.ResponseErrorException: Unsupported request method: buildTarget/jvmRunEnvironment
	at org.eclipse.lsp4j.jsonrpc.RemoteEndpoint.handleResponse(RemoteEndpoint.java:214)
	at org.eclipse.lsp4j.jsonrpc.RemoteEndpoint.consume(RemoteEndpoint.java:198)
	at scala.meta.internal.metals.RequestMonitorImpl$$anon$1.consume(ServerLivenessMonitor.scala:41)
	at org.eclipse.lsp4j.jsonrpc.json.StreamMessageProducer.handleMessage(StreamMessageProducer.java:189)
	at org.eclipse.lsp4j.jsonrpc.json.StreamMessageProducer.listen(StreamMessageProducer.java:97)
	at org.eclipse.lsp4j.jsonrpc.json.ConcurrentMessageProcessor.run(ConcurrentMessageProcessor.java:97)
	at java.util.concurrent.Executors$RunnableAdapter.call(Executors.java:572)
	at java.util.concurrent.FutureTask.run(FutureTask.java:317)
	at java.util.concurrent.ThreadPoolExecutor.runWorker(ThreadPoolExecutor.java:1144)
	at java.util.concurrent.ThreadPoolExecutor$Worker.run(ThreadPoolExecutor.java:642)
	at java.lang.Thread.run(Thread.java:1583)

2026.10.05 10:58:54 INFO  BSP server: Oct 05, 2026 10:58:54 AM org.eclipse.lsp4j.jsonrpc.services.GenericEndpoint request
2026.10.05 10:58:54 INFO  scala-cli should support `buildTarget/jvmRunEnvironment`, but it fails.
org.eclipse.lsp4j.jsonrpc.ResponseErrorException: Unsupported request method: buildTarget/jvmRunEnvironment
	at org.eclipse.lsp4j.jsonrpc.RemoteEndpoint.handleResponse(RemoteEndpoint.java:214)
	at org.eclipse.lsp4j.jsonrpc.RemoteEndpoint.consume(RemoteEndpoint.java:198)
	at scala.meta.internal.metals.RequestMonitorImpl$$anon$1.consume(ServerLivenessMonitor.scala:41)
	at org.eclipse.lsp4j.jsonrpc.json.StreamMessageProducer.handleMessage(StreamMessageProducer.java:189)
	at org.eclipse.lsp4j.jsonrpc.json.StreamMessageProducer.listen(StreamMessageProducer.java:97)
	at org.eclipse.lsp4j.jsonrpc.json.ConcurrentMessageProcessor.run(ConcurrentMessageProcessor.java:97)
	at java.util.concurrent.Executors$RunnableAdapter.call(Executors.java:572)
	at java.util.concurrent.FutureTask.run(FutureTask.java:317)
	at java.util.concurrent.ThreadPoolExecutor.runWorker(ThreadPoolExecutor.java:1144)
	at java.util.concurrent.ThreadPoolExecutor$Worker.run(ThreadPoolExecutor.java:642)
	at java.lang.Thread.run(Thread.java:1583)

2026.10.05 10:58:54 INFO  BSP server: WARNING: Unsupported request method: buildTarget/jvmRunEnvironment
2026.10.05 10:58:55 INFO  BSP server: Oct 05, 2026 10:58:55 AM org.eclipse.lsp4j.jsonrpc.services.GenericEndpoint request
2026.10.05 10:58:55 INFO  BSP server: WARNING: Unsupported request method: buildTarget/jvmRunEnvironment
2026.10.05 10:58:55 INFO  scala-cli should support `buildTarget/jvmRunEnvironment`, but it fails.
org.eclipse.lsp4j.jsonrpc.ResponseErrorException: Unsupported request method: buildTarget/jvmRunEnvironment
	at org.eclipse.lsp4j.jsonrpc.RemoteEndpoint.handleResponse(RemoteEndpoint.java:214)
	at org.eclipse.lsp4j.jsonrpc.RemoteEndpoint.consume(RemoteEndpoint.java:198)
	at scala.meta.internal.metals.RequestMonitorImpl$$anon$1.consume(ServerLivenessMonitor.scala:41)
	at org.eclipse.lsp4j.jsonrpc.json.StreamMessageProducer.handleMessage(StreamMessageProducer.java:189)
	at org.eclipse.lsp4j.jsonrpc.json.StreamMessageProducer.listen(StreamMessageProducer.java:97)
	at org.eclipse.lsp4j.jsonrpc.json.ConcurrentMessageProcessor.run(ConcurrentMessageProcessor.java:97)
	at java.util.concurrent.Executors$RunnableAdapter.call(Executors.java:572)
	at java.util.concurrent.FutureTask.run(FutureTask.java:317)
	at java.util.concurrent.ThreadPoolExecutor.runWorker(ThreadPoolExecutor.java:1144)
	at java.util.concurrent.ThreadPoolExecutor$Worker.run(ThreadPoolExecutor.java:642)
	at java.lang.Thread.run(Thread.java:1583)

2026.10.05 10:58:55 INFO  BSP server: Oct 05, 2026 10:58:55 AM org.eclipse.lsp4j.jsonrpc.services.GenericEndpoint request
2026.10.05 10:58:55 INFO  BSP server: WARNING: Unsupported request method: buildTarget/jvmRunEnvironment
2026.10.05 10:58:55 INFO  scala-cli should support `buildTarget/jvmRunEnvironment`, but it fails.
org.eclipse.lsp4j.jsonrpc.ResponseErrorException: Unsupported request method: buildTarget/jvmRunEnvironment
	at org.eclipse.lsp4j.jsonrpc.RemoteEndpoint.handleResponse(RemoteEndpoint.java:214)
	at org.eclipse.lsp4j.jsonrpc.RemoteEndpoint.consume(RemoteEndpoint.java:198)
	at scala.meta.internal.metals.RequestMonitorImpl$$anon$1.consume(ServerLivenessMonitor.scala:41)
	at org.eclipse.lsp4j.jsonrpc.json.StreamMessageProducer.handleMessage(StreamMessageProducer.java:189)
	at org.eclipse.lsp4j.jsonrpc.json.StreamMessageProducer.listen(StreamMessageProducer.java:97)
	at org.eclipse.lsp4j.jsonrpc.json.ConcurrentMessageProcessor.run(ConcurrentMessageProcessor.java:97)
	at java.util.concurrent.Executors$RunnableAdapter.call(Executors.java:572)
	at java.util.concurrent.FutureTask.run(FutureTask.java:317)
	at java.util.concurrent.ThreadPoolExecutor.runWorker(ThreadPoolExecutor.java:1144)
	at java.util.concurrent.ThreadPoolExecutor$Worker.run(ThreadPoolExecutor.java:642)
	at java.lang.Thread.run(Thread.java:1583)

2026.10.05 10:58:58 INFO  BSP server: Oct 05, 2026 10:58:58 AM org.eclipse.lsp4j.jsonrpc.services.GenericEndpoint request
2026.10.05 10:58:58 INFO  scala-cli should support `buildTarget/jvmRunEnvironment`, but it fails.
org.eclipse.lsp4j.jsonrpc.ResponseErrorException: Unsupported request method: buildTarget/jvmRunEnvironment
	at org.eclipse.lsp4j.jsonrpc.RemoteEndpoint.handleResponse(RemoteEndpoint.java:214)
	at org.eclipse.lsp4j.jsonrpc.RemoteEndpoint.consume(RemoteEndpoint.java:198)
	at scala.meta.internal.metals.RequestMonitorImpl$$anon$1.consume(ServerLivenessMonitor.scala:41)
	at org.eclipse.lsp4j.jsonrpc.json.StreamMessageProducer.handleMessage(StreamMessageProducer.java:189)
	at org.eclipse.lsp4j.jsonrpc.json.StreamMessageProducer.listen(StreamMessageProducer.java:97)
	at org.eclipse.lsp4j.jsonrpc.json.ConcurrentMessageProcessor.run(ConcurrentMessageProcessor.java:97)
	at java.util.concurrent.Executors$RunnableAdapter.call(Executors.java:572)
	at java.util.concurrent.FutureTask.run(FutureTask.java:317)
	at java.util.concurrent.ThreadPoolExecutor.runWorker(ThreadPoolExecutor.java:1144)
	at java.util.concurrent.ThreadPoolExecutor$Worker.run(ThreadPoolExecutor.java:642)
	at java.lang.Thread.run(Thread.java:1583)

2026.10.05 10:58:58 INFO  BSP server: WARNING: Unsupported request method: buildTarget/jvmRunEnvironment
2026.10.05 10:58:58 INFO  BSP server: Oct 05, 2026 10:58:59 AM org.eclipse.lsp4j.jsonrpc.services.GenericEndpoint request
2026.10.05 10:58:58 INFO  BSP server: WARNING: Unsupported request method: buildTarget/jvmRunEnvironment
2026.10.05 10:58:58 INFO  scala-cli should support `buildTarget/jvmRunEnvironment`, but it fails.
org.eclipse.lsp4j.jsonrpc.ResponseErrorException: Unsupported request method: buildTarget/jvmRunEnvironment
	at org.eclipse.lsp4j.jsonrpc.RemoteEndpoint.handleResponse(RemoteEndpoint.java:214)
	at org.eclipse.lsp4j.jsonrpc.RemoteEndpoint.consume(RemoteEndpoint.java:198)
	at scala.meta.internal.metals.RequestMonitorImpl$$anon$1.consume(ServerLivenessMonitor.scala:41)
	at org.eclipse.lsp4j.jsonrpc.json.StreamMessageProducer.handleMessage(StreamMessageProducer.java:189)
	at org.eclipse.lsp4j.jsonrpc.json.StreamMessageProducer.listen(StreamMessageProducer.java:97)
	at org.eclipse.lsp4j.jsonrpc.json.ConcurrentMessageProcessor.run(ConcurrentMessageProcessor.java:97)
	at java.util.concurrent.Executors$RunnableAdapter.call(Executors.java:572)
	at java.util.concurrent.FutureTask.run(FutureTask.java:317)
	at java.util.concurrent.ThreadPoolExecutor.runWorker(ThreadPoolExecutor.java:1144)
	at java.util.concurrent.ThreadPoolExecutor$Worker.run(ThreadPoolExecutor.java:642)
	at java.lang.Thread.run(Thread.java:1583)

2026.10.05 10:59:00 INFO  BSP server: Oct 05, 2026 10:59:00 AM org.eclipse.lsp4j.jsonrpc.services.GenericEndpoint request
2026.10.05 10:59:00 INFO  BSP server: WARNING: Unsupported request method: buildTarget/jvmRunEnvironment
2026.10.05 10:59:00 INFO  scala-cli should support `buildTarget/jvmRunEnvironment`, but it fails.
org.eclipse.lsp4j.jsonrpc.ResponseErrorException: Unsupported request method: buildTarget/jvmRunEnvironment
	at org.eclipse.lsp4j.jsonrpc.RemoteEndpoint.handleResponse(RemoteEndpoint.java:214)
	at org.eclipse.lsp4j.jsonrpc.RemoteEndpoint.consume(RemoteEndpoint.java:198)
	at scala.meta.internal.metals.RequestMonitorImpl$$anon$1.consume(ServerLivenessMonitor.scala:41)
	at org.eclipse.lsp4j.jsonrpc.json.StreamMessageProducer.handleMessage(StreamMessageProducer.java:189)
	at org.eclipse.lsp4j.jsonrpc.json.StreamMessageProducer.listen(StreamMessageProducer.java:97)
	at org.eclipse.lsp4j.jsonrpc.json.ConcurrentMessageProcessor.run(ConcurrentMessageProcessor.java:97)
	at java.util.concurrent.Executors$RunnableAdapter.call(Executors.java:572)
	at java.util.concurrent.FutureTask.run(FutureTask.java:317)
	at java.util.concurrent.ThreadPoolExecutor.runWorker(ThreadPoolExecutor.java:1144)
	at java.util.concurrent.ThreadPoolExecutor$Worker.run(ThreadPoolExecutor.java:642)
	at java.lang.Thread.run(Thread.java:1583)

2026.10.05 10:59:01 INFO  compiling project_183d125c5c (1 scala source)
2026.10.05 10:59:01 INFO  time: compiled project_183d125c5c in 0.21s
2026.10.05 10:59:02 INFO  BSP server: Oct 05, 2026 10:59:02 AM org.eclipse.lsp4j.jsonrpc.services.GenericEndpoint request
2026.10.05 10:59:02 INFO  scala-cli should support `buildTarget/jvmRunEnvironment`, but it fails.
org.eclipse.lsp4j.jsonrpc.ResponseErrorException: Unsupported request method: buildTarget/jvmRunEnvironment
	at org.eclipse.lsp4j.jsonrpc.RemoteEndpoint.handleResponse(RemoteEndpoint.java:214)
	at org.eclipse.lsp4j.jsonrpc.RemoteEndpoint.consume(RemoteEndpoint.java:198)
	at scala.meta.internal.metals.RequestMonitorImpl$$anon$1.consume(ServerLivenessMonitor.scala:41)
	at org.eclipse.lsp4j.jsonrpc.json.StreamMessageProducer.handleMessage(StreamMessageProducer.java:189)
	at org.eclipse.lsp4j.jsonrpc.json.StreamMessageProducer.listen(StreamMessageProducer.java:97)
	at org.eclipse.lsp4j.jsonrpc.json.ConcurrentMessageProcessor.run(ConcurrentMessageProcessor.java:97)
	at java.util.concurrent.Executors$RunnableAdapter.call(Executors.java:572)
	at java.util.concurrent.FutureTask.run(FutureTask.java:317)
	at java.util.concurrent.ThreadPoolExecutor.runWorker(ThreadPoolExecutor.java:1144)
	at java.util.concurrent.ThreadPoolExecutor$Worker.run(ThreadPoolExecutor.java:642)
	at java.lang.Thread.run(Thread.java:1583)

2026.10.05 10:59:02 INFO  BSP server: WARNING: Unsupported request method: buildTarget/jvmRunEnvironment
2026.10.05 10:59:08 INFO  BSP server: Oct 05, 2026 10:59:08 AM org.eclipse.lsp4j.jsonrpc.services.GenericEndpoint request
2026.10.05 10:59:08 INFO  scala-cli should support `buildTarget/jvmRunEnvironment`, but it fails.
org.eclipse.lsp4j.jsonrpc.ResponseErrorException: Unsupported request method: buildTarget/jvmRunEnvironment
	at org.eclipse.lsp4j.jsonrpc.RemoteEndpoint.handleResponse(RemoteEndpoint.java:214)
	at org.eclipse.lsp4j.jsonrpc.RemoteEndpoint.consume(RemoteEndpoint.java:198)
	at scala.meta.internal.metals.RequestMonitorImpl$$anon$1.consume(ServerLivenessMonitor.scala:41)
	at org.eclipse.lsp4j.jsonrpc.json.StreamMessageProducer.handleMessage(StreamMessageProducer.java:189)
	at org.eclipse.lsp4j.jsonrpc.json.StreamMessageProducer.listen(StreamMessageProducer.java:97)
	at org.eclipse.lsp4j.jsonrpc.json.ConcurrentMessageProcessor.run(ConcurrentMessageProcessor.java:97)
	at java.util.concurrent.Executors$RunnableAdapter.call(Executors.java:572)
	at java.util.concurrent.FutureTask.run(FutureTask.java:317)
	at java.util.concurrent.ThreadPoolExecutor.runWorker(ThreadPoolExecutor.java:1144)
	at java.util.concurrent.ThreadPoolExecutor$Worker.run(ThreadPoolExecutor.java:642)
	at java.lang.Thread.run(Thread.java:1583)

2026.10.05 10:59:08 INFO  BSP server: WARNING: Unsupported request method: buildTarget/jvmRunEnvironment
2026.10.05 10:59:10 INFO  BSP server: Oct 05, 2026 10:59:10 AM org.eclipse.lsp4j.jsonrpc.services.GenericEndpoint request
2026.10.05 10:59:10 INFO  BSP server: WARNING: Unsupported request method: buildTarget/jvmRunEnvironment
2026.10.05 10:59:10 INFO  scala-cli should support `buildTarget/jvmRunEnvironment`, but it fails.
org.eclipse.lsp4j.jsonrpc.ResponseErrorException: Unsupported request method: buildTarget/jvmRunEnvironment
	at org.eclipse.lsp4j.jsonrpc.RemoteEndpoint.handleResponse(RemoteEndpoint.java:214)
	at org.eclipse.lsp4j.jsonrpc.RemoteEndpoint.consume(RemoteEndpoint.java:198)
	at scala.meta.internal.metals.RequestMonitorImpl$$anon$1.consume(ServerLivenessMonitor.scala:41)
	at org.eclipse.lsp4j.jsonrpc.json.StreamMessageProducer.handleMessage(StreamMessageProducer.java:189)
	at org.eclipse.lsp4j.jsonrpc.json.StreamMessageProducer.listen(StreamMessageProducer.java:97)
	at org.eclipse.lsp4j.jsonrpc.json.ConcurrentMessageProcessor.run(ConcurrentMessageProcessor.java:97)
	at java.util.concurrent.Executors$RunnableAdapter.call(Executors.java:572)
	at java.util.concurrent.FutureTask.run(FutureTask.java:317)
	at java.util.concurrent.ThreadPoolExecutor.runWorker(ThreadPoolExecutor.java:1144)
	at java.util.concurrent.ThreadPoolExecutor$Worker.run(ThreadPoolExecutor.java:642)
	at java.lang.Thread.run(Thread.java:1583)

2026.10.05 10:59:11 INFO  compiling project_183d125c5c (1 scala source)
2026.10.05 10:59:11 INFO  time: compiled project_183d125c5c in 0.17s
2026.10.05 10:59:18 INFO  BSP server: Oct 05, 2026 10:59:18 AM org.eclipse.lsp4j.jsonrpc.services.GenericEndpoint request
2026.10.05 10:59:18 INFO  scala-cli should support `buildTarget/jvmRunEnvironment`, but it fails.
org.eclipse.lsp4j.jsonrpc.ResponseErrorException: Unsupported request method: buildTarget/jvmRunEnvironment
	at org.eclipse.lsp4j.jsonrpc.RemoteEndpoint.handleResponse(RemoteEndpoint.java:214)
	at org.eclipse.lsp4j.jsonrpc.RemoteEndpoint.consume(RemoteEndpoint.java:198)
	at scala.meta.internal.metals.RequestMonitorImpl$$anon$1.consume(ServerLivenessMonitor.scala:41)
	at org.eclipse.lsp4j.jsonrpc.json.StreamMessageProducer.handleMessage(StreamMessageProducer.java:189)
	at org.eclipse.lsp4j.jsonrpc.json.StreamMessageProducer.listen(StreamMessageProducer.java:97)
	at org.eclipse.lsp4j.jsonrpc.json.ConcurrentMessageProcessor.run(ConcurrentMessageProcessor.java:97)
	at java.util.concurrent.Executors$RunnableAdapter.call(Executors.java:572)
	at java.util.concurrent.FutureTask.run(FutureTask.java:317)
	at java.util.concurrent.ThreadPoolExecutor.runWorker(ThreadPoolExecutor.java:1144)
	at java.util.concurrent.ThreadPoolExecutor$Worker.run(ThreadPoolExecutor.java:642)
	at java.lang.Thread.run(Thread.java:1583)

2026.10.05 10:59:18 INFO  BSP server: WARNING: Unsupported request method: buildTarget/jvmRunEnvironment
2026.10.05 10:59:18 INFO  BSP server: Oct 05, 2026 10:59:18 AM org.eclipse.lsp4j.jsonrpc.services.GenericEndpoint request
2026.10.05 10:59:18 INFO  BSP server: WARNING: Unsupported request method: buildTarget/jvmRunEnvironment
2026.10.05 10:59:18 INFO  scala-cli should support `buildTarget/jvmRunEnvironment`, but it fails.
org.eclipse.lsp4j.jsonrpc.ResponseErrorException: Unsupported request method: buildTarget/jvmRunEnvironment
	at org.eclipse.lsp4j.jsonrpc.RemoteEndpoint.handleResponse(RemoteEndpoint.java:214)
	at org.eclipse.lsp4j.jsonrpc.RemoteEndpoint.consume(RemoteEndpoint.java:198)
	at scala.meta.internal.metals.RequestMonitorImpl$$anon$1.consume(ServerLivenessMonitor.scala:41)
	at org.eclipse.lsp4j.jsonrpc.json.StreamMessageProducer.handleMessage(StreamMessageProducer.java:189)
	at org.eclipse.lsp4j.jsonrpc.json.StreamMessageProducer.listen(StreamMessageProducer.java:97)
	at org.eclipse.lsp4j.jsonrpc.json.ConcurrentMessageProcessor.run(ConcurrentMessageProcessor.java:97)
	at java.util.concurrent.Executors$RunnableAdapter.call(Executors.java:572)
	at java.util.concurrent.FutureTask.run(FutureTask.java:317)
	at java.util.concurrent.ThreadPoolExecutor.runWorker(ThreadPoolExecutor.java:1144)
	at java.util.concurrent.ThreadPoolExecutor$Worker.run(ThreadPoolExecutor.java:642)
	at java.lang.Thread.run(Thread.java:1583)

2026.10.05 10:59:19 INFO  BSP server: Oct 05, 2026 10:59:19 AM org.eclipse.lsp4j.jsonrpc.services.GenericEndpoint request
2026.10.05 10:59:19 INFO  scala-cli should support `buildTarget/jvmRunEnvironment`, but it fails.
org.eclipse.lsp4j.jsonrpc.ResponseErrorException: Unsupported request method: buildTarget/jvmRunEnvironment
	at org.eclipse.lsp4j.jsonrpc.RemoteEndpoint.handleResponse(RemoteEndpoint.java:214)
	at org.eclipse.lsp4j.jsonrpc.RemoteEndpoint.consume(RemoteEndpoint.java:198)
	at scala.meta.internal.metals.RequestMonitorImpl$$anon$1.consume(ServerLivenessMonitor.scala:41)
	at org.eclipse.lsp4j.jsonrpc.json.StreamMessageProducer.handleMessage(StreamMessageProducer.java:189)
	at org.eclipse.lsp4j.jsonrpc.json.StreamMessageProducer.listen(StreamMessageProducer.java:97)
	at org.eclipse.lsp4j.jsonrpc.json.ConcurrentMessageProcessor.run(ConcurrentMessageProcessor.java:97)
	at java.util.concurrent.Executors$RunnableAdapter.call(Executors.java:572)
	at java.util.concurrent.FutureTask.run(FutureTask.java:317)
	at java.util.concurrent.ThreadPoolExecutor.runWorker(ThreadPoolExecutor.java:1144)
	at java.util.concurrent.ThreadPoolExecutor$Worker.run(ThreadPoolExecutor.java:642)
	at java.lang.Thread.run(Thread.java:1583)

2026.10.05 10:59:19 INFO  BSP server: WARNING: Unsupported request method: buildTarget/jvmRunEnvironment
2026.10.05 10:59:19 INFO  BSP server: Oct 05, 2026 10:59:20 AM org.eclipse.lsp4j.jsonrpc.services.GenericEndpoint request
2026.10.05 10:59:19 INFO  BSP server: WARNING: Unsupported request method: buildTarget/jvmRunEnvironment
2026.10.05 10:59:20 INFO  scala-cli should support `buildTarget/jvmRunEnvironment`, but it fails.
org.eclipse.lsp4j.jsonrpc.ResponseErrorException: Unsupported request method: buildTarget/jvmRunEnvironment
	at org.eclipse.lsp4j.jsonrpc.RemoteEndpoint.handleResponse(RemoteEndpoint.java:214)
	at org.eclipse.lsp4j.jsonrpc.RemoteEndpoint.consume(RemoteEndpoint.java:198)
	at scala.meta.internal.metals.RequestMonitorImpl$$anon$1.consume(ServerLivenessMonitor.scala:41)
	at org.eclipse.lsp4j.jsonrpc.json.StreamMessageProducer.handleMessage(StreamMessageProducer.java:189)
	at org.eclipse.lsp4j.jsonrpc.json.StreamMessageProducer.listen(StreamMessageProducer.java:97)
	at org.eclipse.lsp4j.jsonrpc.json.ConcurrentMessageProcessor.run(ConcurrentMessageProcessor.java:97)
	at java.util.concurrent.Executors$RunnableAdapter.call(Executors.java:572)
	at java.util.concurrent.FutureTask.run(FutureTask.java:317)
	at java.util.concurrent.ThreadPoolExecutor.runWorker(ThreadPoolExecutor.java:1144)
	at java.util.concurrent.ThreadPoolExecutor$Worker.run(ThreadPoolExecutor.java:642)
	at java.lang.Thread.run(Thread.java:1583)

2026.10.05 10:59:20 INFO  BSP server: Oct 05, 2026 10:59:20 AM org.eclipse.lsp4j.jsonrpc.services.GenericEndpoint request
2026.10.05 10:59:20 INFO  BSP server: WARNING: Unsupported request method: buildTarget/jvmRunEnvironment
2026.10.05 10:59:20 INFO  scala-cli should support `buildTarget/jvmRunEnvironment`, but it fails.
org.eclipse.lsp4j.jsonrpc.ResponseErrorException: Unsupported request method: buildTarget/jvmRunEnvironment
	at org.eclipse.lsp4j.jsonrpc.RemoteEndpoint.handleResponse(RemoteEndpoint.java:214)
	at org.eclipse.lsp4j.jsonrpc.RemoteEndpoint.consume(RemoteEndpoint.java:198)
	at scala.meta.internal.metals.RequestMonitorImpl$$anon$1.consume(ServerLivenessMonitor.scala:41)
	at org.eclipse.lsp4j.jsonrpc.json.StreamMessageProducer.handleMessage(StreamMessageProducer.java:189)
	at org.eclipse.lsp4j.jsonrpc.json.StreamMessageProducer.listen(StreamMessageProducer.java:97)
	at org.eclipse.lsp4j.jsonrpc.json.ConcurrentMessageProcessor.run(ConcurrentMessageProcessor.java:97)
	at java.util.concurrent.Executors$RunnableAdapter.call(Executors.java:572)
	at java.util.concurrent.FutureTask.run(FutureTask.java:317)
	at java.util.concurrent.ThreadPoolExecutor.runWorker(ThreadPoolExecutor.java:1144)
	at java.util.concurrent.ThreadPoolExecutor$Worker.run(ThreadPoolExecutor.java:642)
	at java.lang.Thread.run(Thread.java:1583)

2026.10.05 10:59:20 INFO  BSP server: Oct 05, 2026 10:59:20 AM org.eclipse.lsp4j.jsonrpc.services.GenericEndpoint request
2026.10.05 10:59:20 INFO  BSP server: WARNING: Unsupported request method: buildTarget/jvmRunEnvironment
2026.10.05 10:59:20 INFO  scala-cli should support `buildTarget/jvmRunEnvironment`, but it fails.
org.eclipse.lsp4j.jsonrpc.ResponseErrorException: Unsupported request method: buildTarget/jvmRunEnvironment
	at org.eclipse.lsp4j.jsonrpc.RemoteEndpoint.handleResponse(RemoteEndpoint.java:214)
	at org.eclipse.lsp4j.jsonrpc.RemoteEndpoint.consume(RemoteEndpoint.java:198)
	at scala.meta.internal.metals.RequestMonitorImpl$$anon$1.consume(ServerLivenessMonitor.scala:41)
	at org.eclipse.lsp4j.jsonrpc.json.StreamMessageProducer.handleMessage(StreamMessageProducer.java:189)
	at org.eclipse.lsp4j.jsonrpc.json.StreamMessageProducer.listen(StreamMessageProducer.java:97)
	at org.eclipse.lsp4j.jsonrpc.json.ConcurrentMessageProcessor.run(ConcurrentMessageProcessor.java:97)
	at java.util.concurrent.Executors$RunnableAdapter.call(Executors.java:572)
	at java.util.concurrent.FutureTask.run(FutureTask.java:317)
	at java.util.concurrent.ThreadPoolExecutor.runWorker(ThreadPoolExecutor.java:1144)
	at java.util.concurrent.ThreadPoolExecutor$Worker.run(ThreadPoolExecutor.java:642)
	at java.lang.Thread.run(Thread.java:1583)

2026.10.05 10:59:20 INFO  BSP server: Oct 05, 2026 10:59:21 AM org.eclipse.lsp4j.jsonrpc.services.GenericEndpoint request
2026.10.05 10:59:20 INFO  BSP server: WARNING: Unsupported request method: buildTarget/jvmRunEnvironment
2026.10.05 10:59:21 INFO  scala-cli should support `buildTarget/jvmRunEnvironment`, but it fails.
org.eclipse.lsp4j.jsonrpc.ResponseErrorException: Unsupported request method: buildTarget/jvmRunEnvironment
	at org.eclipse.lsp4j.jsonrpc.RemoteEndpoint.handleResponse(RemoteEndpoint.java:214)
	at org.eclipse.lsp4j.jsonrpc.RemoteEndpoint.consume(RemoteEndpoint.java:198)
	at scala.meta.internal.metals.RequestMonitorImpl$$anon$1.consume(ServerLivenessMonitor.scala:41)
	at org.eclipse.lsp4j.jsonrpc.json.StreamMessageProducer.handleMessage(StreamMessageProducer.java:189)
	at org.eclipse.lsp4j.jsonrpc.json.StreamMessageProducer.listen(StreamMessageProducer.java:97)
	at org.eclipse.lsp4j.jsonrpc.json.ConcurrentMessageProcessor.run(ConcurrentMessageProcessor.java:97)
	at java.util.concurrent.Executors$RunnableAdapter.call(Executors.java:572)
	at java.util.concurrent.FutureTask.run(FutureTask.java:317)
	at java.util.concurrent.ThreadPoolExecutor.runWorker(ThreadPoolExecutor.java:1144)
	at java.util.concurrent.ThreadPoolExecutor$Worker.run(ThreadPoolExecutor.java:642)
	at java.lang.Thread.run(Thread.java:1583)

2026.10.05 10:59:21 INFO  BSP server: Oct 05, 2026 10:59:21 AM org.eclipse.lsp4j.jsonrpc.services.GenericEndpoint request
2026.10.05 10:59:21 INFO  BSP server: WARNING: Unsupported request method: buildTarget/jvmRunEnvironment
2026.10.05 10:59:20 INFO  scala-cli should support `buildTarget/jvmRunEnvironment`, but it fails.
org.eclipse.lsp4j.jsonrpc.ResponseErrorException: Unsupported request method: buildTarget/jvmRunEnvironment
	at org.eclipse.lsp4j.jsonrpc.RemoteEndpoint.handleResponse(RemoteEndpoint.java:214)
	at org.eclipse.lsp4j.jsonrpc.RemoteEndpoint.consume(RemoteEndpoint.java:198)
	at scala.meta.internal.metals.RequestMonitorImpl$$anon$1.consume(ServerLivenessMonitor.scala:41)
	at org.eclipse.lsp4j.jsonrpc.json.StreamMessageProducer.handleMessage(StreamMessageProducer.java:189)
	at org.eclipse.lsp4j.jsonrpc.json.StreamMessageProducer.listen(StreamMessageProducer.java:97)
	at org.eclipse.lsp4j.jsonrpc.json.ConcurrentMessageProcessor.run(ConcurrentMessageProcessor.java:97)
	at java.util.concurrent.Executors$RunnableAdapter.call(Executors.java:572)
	at java.util.concurrent.FutureTask.run(FutureTask.java:317)
	at java.util.concurrent.ThreadPoolExecutor.runWorker(ThreadPoolExecutor.java:1144)
	at java.util.concurrent.ThreadPoolExecutor$Worker.run(ThreadPoolExecutor.java:642)
	at java.lang.Thread.run(Thread.java:1583)

2026.10.05 10:59:21 INFO  BSP server: Oct 05, 2026 10:59:22 AM org.eclipse.lsp4j.jsonrpc.services.GenericEndpoint request
2026.10.05 10:59:21 INFO  BSP server: WARNING: Unsupported request method: buildTarget/jvmRunEnvironment
2026.10.05 10:59:22 INFO  scala-cli should support `buildTarget/jvmRunEnvironment`, but it fails.
org.eclipse.lsp4j.jsonrpc.ResponseErrorException: Unsupported request method: buildTarget/jvmRunEnvironment
	at org.eclipse.lsp4j.jsonrpc.RemoteEndpoint.handleResponse(RemoteEndpoint.java:214)
	at org.eclipse.lsp4j.jsonrpc.RemoteEndpoint.consume(RemoteEndpoint.java:198)
	at scala.meta.internal.metals.RequestMonitorImpl$$anon$1.consume(ServerLivenessMonitor.scala:41)
	at org.eclipse.lsp4j.jsonrpc.json.StreamMessageProducer.handleMessage(StreamMessageProducer.java:189)
	at org.eclipse.lsp4j.jsonrpc.json.StreamMessageProducer.listen(StreamMessageProducer.java:97)
	at org.eclipse.lsp4j.jsonrpc.json.ConcurrentMessageProcessor.run(ConcurrentMessageProcessor.java:97)
	at java.util.concurrent.Executors$RunnableAdapter.call(Executors.java:572)
	at java.util.concurrent.FutureTask.run(FutureTask.java:317)
	at java.util.concurrent.ThreadPoolExecutor.runWorker(ThreadPoolExecutor.java:1144)
	at java.util.concurrent.ThreadPoolExecutor$Worker.run(ThreadPoolExecutor.java:642)
	at java.lang.Thread.run(Thread.java:1583)

2026.10.05 10:59:21 INFO  BSP server: Oct 05, 2026 10:59:22 AM org.eclipse.lsp4j.jsonrpc.services.GenericEndpoint request
2026.10.05 10:59:21 INFO  BSP server: WARNING: Unsupported request method: buildTarget/jvmRunEnvironment
2026.10.05 10:59:22 INFO  scala-cli should support `buildTarget/jvmRunEnvironment`, but it fails.
org.eclipse.lsp4j.jsonrpc.ResponseErrorException: Unsupported request method: buildTarget/jvmRunEnvironment
	at org.eclipse.lsp4j.jsonrpc.RemoteEndpoint.handleResponse(RemoteEndpoint.java:214)
	at org.eclipse.lsp4j.jsonrpc.RemoteEndpoint.consume(RemoteEndpoint.java:198)
	at scala.meta.internal.metals.RequestMonitorImpl$$anon$1.consume(ServerLivenessMonitor.scala:41)
	at org.eclipse.lsp4j.jsonrpc.json.StreamMessageProducer.handleMessage(StreamMessageProducer.java:189)
	at org.eclipse.lsp4j.jsonrpc.json.StreamMessageProducer.listen(StreamMessageProducer.java:97)
	at org.eclipse.lsp4j.jsonrpc.json.ConcurrentMessageProcessor.run(ConcurrentMessageProcessor.java:97)
	at java.util.concurrent.Executors$RunnableAdapter.call(Executors.java:572)
	at java.util.concurrent.FutureTask.run(FutureTask.java:317)
	at java.util.concurrent.ThreadPoolExecutor.runWorker(ThreadPoolExecutor.java:1144)
	at java.util.concurrent.ThreadPoolExecutor$Worker.run(ThreadPoolExecutor.java:642)
	at java.lang.Thread.run(Thread.java:1583)

2026.10.05 10:59:22 INFO  BSP server: Oct 05, 2026 10:59:22 AM org.eclipse.lsp4j.jsonrpc.services.GenericEndpoint request
2026.10.05 10:59:22 INFO  BSP server: WARNING: Unsupported request method: buildTarget/jvmRunEnvironment
2026.10.05 10:59:22 INFO  scala-cli should support `buildTarget/jvmRunEnvironment`, but it fails.
org.eclipse.lsp4j.jsonrpc.ResponseErrorException: Unsupported request method: buildTarget/jvmRunEnvironment
	at org.eclipse.lsp4j.jsonrpc.RemoteEndpoint.handleResponse(RemoteEndpoint.java:214)
	at org.eclipse.lsp4j.jsonrpc.RemoteEndpoint.consume(RemoteEndpoint.java:198)
	at scala.meta.internal.metals.RequestMonitorImpl$$anon$1.consume(ServerLivenessMonitor.scala:41)
	at org.eclipse.lsp4j.jsonrpc.json.StreamMessageProducer.handleMessage(StreamMessageProducer.java:189)
	at org.eclipse.lsp4j.jsonrpc.json.StreamMessageProducer.listen(StreamMessageProducer.java:97)
	at org.eclipse.lsp4j.jsonrpc.json.ConcurrentMessageProcessor.run(ConcurrentMessageProcessor.java:97)
	at java.util.concurrent.Executors$RunnableAdapter.call(Executors.java:572)
	at java.util.concurrent.FutureTask.run(FutureTask.java:317)
	at java.util.concurrent.ThreadPoolExecutor.runWorker(ThreadPoolExecutor.java:1144)
	at java.util.concurrent.ThreadPoolExecutor$Worker.run(ThreadPoolExecutor.java:642)
	at java.lang.Thread.run(Thread.java:1583)

2026.10.05 10:59:22 INFO  BSP server: Oct 05, 2026 10:59:23 AM org.eclipse.lsp4j.jsonrpc.services.GenericEndpoint request
2026.10.05 10:59:22 INFO  BSP server: WARNING: Unsupported request method: buildTarget/jvmRunEnvironment
2026.10.05 10:59:23 INFO  scala-cli should support `buildTarget/jvmRunEnvironment`, but it fails.
org.eclipse.lsp4j.jsonrpc.ResponseErrorException: Unsupported request method: buildTarget/jvmRunEnvironment
	at org.eclipse.lsp4j.jsonrpc.RemoteEndpoint.handleResponse(RemoteEndpoint.java:214)
	at org.eclipse.lsp4j.jsonrpc.RemoteEndpoint.consume(RemoteEndpoint.java:198)
	at scala.meta.internal.metals.RequestMonitorImpl$$anon$1.consume(ServerLivenessMonitor.scala:41)
	at org.eclipse.lsp4j.jsonrpc.json.StreamMessageProducer.handleMessage(StreamMessageProducer.java:189)
	at org.eclipse.lsp4j.jsonrpc.json.StreamMessageProducer.listen(StreamMessageProducer.java:97)
	at org.eclipse.lsp4j.jsonrpc.json.ConcurrentMessageProcessor.run(ConcurrentMessageProcessor.java:97)
	at java.util.concurrent.Executors$RunnableAdapter.call(Executors.java:572)
	at java.util.concurrent.FutureTask.run(FutureTask.java:317)
	at java.util.concurrent.ThreadPoolExecutor.runWorker(ThreadPoolExecutor.java:1144)
	at java.util.concurrent.ThreadPoolExecutor$Worker.run(ThreadPoolExecutor.java:642)
	at java.lang.Thread.run(Thread.java:1583)

2026.10.05 10:59:22 INFO  BSP server: Oct 05, 2026 10:59:23 AM org.eclipse.lsp4j.jsonrpc.services.GenericEndpoint request
2026.10.05 10:59:22 INFO  BSP server: WARNING: Unsupported request method: buildTarget/jvmRunEnvironment
2026.10.05 10:59:23 INFO  scala-cli should support `buildTarget/jvmRunEnvironment`, but it fails.
org.eclipse.lsp4j.jsonrpc.ResponseErrorException: Unsupported request method: buildTarget/jvmRunEnvironment
	at org.eclipse.lsp4j.jsonrpc.RemoteEndpoint.handleResponse(RemoteEndpoint.java:214)
	at org.eclipse.lsp4j.jsonrpc.RemoteEndpoint.consume(RemoteEndpoint.java:198)
	at scala.meta.internal.metals.RequestMonitorImpl$$anon$1.consume(ServerLivenessMonitor.scala:41)
	at org.eclipse.lsp4j.jsonrpc.json.StreamMessageProducer.handleMessage(StreamMessageProducer.java:189)
	at org.eclipse.lsp4j.jsonrpc.json.StreamMessageProducer.listen(StreamMessageProducer.java:97)
	at org.eclipse.lsp4j.jsonrpc.json.ConcurrentMessageProcessor.run(ConcurrentMessageProcessor.java:97)
	at java.util.concurrent.Executors$RunnableAdapter.call(Executors.java:572)
	at java.util.concurrent.FutureTask.run(FutureTask.java:317)
	at java.util.concurrent.ThreadPoolExecutor.runWorker(ThreadPoolExecutor.java:1144)
	at java.util.concurrent.ThreadPoolExecutor$Worker.run(ThreadPoolExecutor.java:642)
	at java.lang.Thread.run(Thread.java:1583)

2026.10.05 10:59:24 INFO  BSP server: Oct 05, 2026 10:59:24 AM org.eclipse.lsp4j.jsonrpc.services.GenericEndpoint request
2026.10.05 10:59:24 INFO  BSP server: WARNING: Unsupported request method: buildTarget/jvmRunEnvironment
2026.10.05 10:59:24 INFO  scala-cli should support `buildTarget/jvmRunEnvironment`, but it fails.
org.eclipse.lsp4j.jsonrpc.ResponseErrorException: Unsupported request method: buildTarget/jvmRunEnvironment
	at org.eclipse.lsp4j.jsonrpc.RemoteEndpoint.handleResponse(RemoteEndpoint.java:214)
	at org.eclipse.lsp4j.jsonrpc.RemoteEndpoint.consume(RemoteEndpoint.java:198)
	at scala.meta.internal.metals.RequestMonitorImpl$$anon$1.consume(ServerLivenessMonitor.scala:41)
	at org.eclipse.lsp4j.jsonrpc.json.StreamMessageProducer.handleMessage(StreamMessageProducer.java:189)
	at org.eclipse.lsp4j.jsonrpc.json.StreamMessageProducer.listen(StreamMessageProducer.java:97)
	at org.eclipse.lsp4j.jsonrpc.json.ConcurrentMessageProcessor.run(ConcurrentMessageProcessor.java:97)
	at java.util.concurrent.Executors$RunnableAdapter.call(Executors.java:572)
	at java.util.concurrent.FutureTask.run(FutureTask.java:317)
	at java.util.concurrent.ThreadPoolExecutor.runWorker(ThreadPoolExecutor.java:1144)
	at java.util.concurrent.ThreadPoolExecutor$Worker.run(ThreadPoolExecutor.java:642)
	at java.lang.Thread.run(Thread.java:1583)

2026.10.05 10:59:24 INFO  BSP server: Oct 05, 2026 10:59:24 AM org.eclipse.lsp4j.jsonrpc.services.GenericEndpoint request
2026.10.05 10:59:24 INFO  BSP server: WARNING: Unsupported request method: buildTarget/jvmRunEnvironment
2026.10.05 10:59:24 INFO  scala-cli should support `buildTarget/jvmRunEnvironment`, but it fails.
org.eclipse.lsp4j.jsonrpc.ResponseErrorException: Unsupported request method: buildTarget/jvmRunEnvironment
	at org.eclipse.lsp4j.jsonrpc.RemoteEndpoint.handleResponse(RemoteEndpoint.java:214)
	at org.eclipse.lsp4j.jsonrpc.RemoteEndpoint.consume(RemoteEndpoint.java:198)
	at scala.meta.internal.metals.RequestMonitorImpl$$anon$1.consume(ServerLivenessMonitor.scala:41)
	at org.eclipse.lsp4j.jsonrpc.json.StreamMessageProducer.handleMessage(StreamMessageProducer.java:189)
	at org.eclipse.lsp4j.jsonrpc.json.StreamMessageProducer.listen(StreamMessageProducer.java:97)
	at org.eclipse.lsp4j.jsonrpc.json.ConcurrentMessageProcessor.run(ConcurrentMessageProcessor.java:97)
	at java.util.concurrent.Executors$RunnableAdapter.call(Executors.java:572)
	at java.util.concurrent.FutureTask.run(FutureTask.java:317)
	at java.util.concurrent.ThreadPoolExecutor.runWorker(ThreadPoolExecutor.java:1144)
	at java.util.concurrent.ThreadPoolExecutor$Worker.run(ThreadPoolExecutor.java:642)
	at java.lang.Thread.run(Thread.java:1583)

2026.10.05 10:59:25 INFO  BSP server: Oct 05, 2026 10:59:25 AM org.eclipse.lsp4j.jsonrpc.services.GenericEndpoint request
2026.10.05 10:59:25 INFO  BSP server: WARNING: Unsupported request method: buildTarget/jvmRunEnvironment
2026.10.05 10:59:25 INFO  scala-cli should support `buildTarget/jvmRunEnvironment`, but it fails.
org.eclipse.lsp4j.jsonrpc.ResponseErrorException: Unsupported request method: buildTarget/jvmRunEnvironment
	at org.eclipse.lsp4j.jsonrpc.RemoteEndpoint.handleResponse(RemoteEndpoint.java:214)
	at org.eclipse.lsp4j.jsonrpc.RemoteEndpoint.consume(RemoteEndpoint.java:198)
	at scala.meta.internal.metals.RequestMonitorImpl$$anon$1.consume(ServerLivenessMonitor.scala:41)
	at org.eclipse.lsp4j.jsonrpc.json.StreamMessageProducer.handleMessage(StreamMessageProducer.java:189)
	at org.eclipse.lsp4j.jsonrpc.json.StreamMessageProducer.listen(StreamMessageProducer.java:97)
	at org.eclipse.lsp4j.jsonrpc.json.ConcurrentMessageProcessor.run(ConcurrentMessageProcessor.java:97)
	at java.util.concurrent.Executors$RunnableAdapter.call(Executors.java:572)
	at java.util.concurrent.FutureTask.run(FutureTask.java:317)
	at java.util.concurrent.ThreadPoolExecutor.runWorker(ThreadPoolExecutor.java:1144)
	at java.util.concurrent.ThreadPoolExecutor$Worker.run(ThreadPoolExecutor.java:642)
	at java.lang.Thread.run(Thread.java:1583)

2026.10.05 10:59:28 INFO  BSP server: Oct 05, 2026 10:59:28 AM org.eclipse.lsp4j.jsonrpc.services.GenericEndpoint request
2026.10.05 10:59:28 INFO  scala-cli should support `buildTarget/jvmRunEnvironment`, but it fails.
org.eclipse.lsp4j.jsonrpc.ResponseErrorException: Unsupported request method: buildTarget/jvmRunEnvironment
	at org.eclipse.lsp4j.jsonrpc.RemoteEndpoint.handleResponse(RemoteEndpoint.java:214)
	at org.eclipse.lsp4j.jsonrpc.RemoteEndpoint.consume(RemoteEndpoint.java:198)
	at scala.meta.internal.metals.RequestMonitorImpl$$anon$1.consume(ServerLivenessMonitor.scala:41)
	at org.eclipse.lsp4j.jsonrpc.json.StreamMessageProducer.handleMessage(StreamMessageProducer.java:189)
	at org.eclipse.lsp4j.jsonrpc.json.StreamMessageProducer.listen(StreamMessageProducer.java:97)
	at org.eclipse.lsp4j.jsonrpc.json.ConcurrentMessageProcessor.run(ConcurrentMessageProcessor.java:97)
	at java.util.concurrent.Executors$RunnableAdapter.call(Executors.java:572)
	at java.util.concurrent.FutureTask.run(FutureTask.java:317)
	at java.util.concurrent.ThreadPoolExecutor.runWorker(ThreadPoolExecutor.java:1144)
	at java.util.concurrent.ThreadPoolExecutor$Worker.run(ThreadPoolExecutor.java:642)
	at java.lang.Thread.run(Thread.java:1583)

2026.10.05 10:59:28 INFO  BSP server: WARNING: Unsupported request method: buildTarget/jvmRunEnvironment
2026.10.05 10:59:28 INFO  BSP server: Oct 05, 2026 10:59:28 AM org.eclipse.lsp4j.jsonrpc.services.GenericEndpoint request
2026.10.05 10:59:28 INFO  BSP server: WARNING: Unsupported request method: buildTarget/jvmRunEnvironment
2026.10.05 10:59:28 INFO  scala-cli should support `buildTarget/jvmRunEnvironment`, but it fails.
org.eclipse.lsp4j.jsonrpc.ResponseErrorException: Unsupported request method: buildTarget/jvmRunEnvironment
	at org.eclipse.lsp4j.jsonrpc.RemoteEndpoint.handleResponse(RemoteEndpoint.java:214)
	at org.eclipse.lsp4j.jsonrpc.RemoteEndpoint.consume(RemoteEndpoint.java:198)
	at scala.meta.internal.metals.RequestMonitorImpl$$anon$1.consume(ServerLivenessMonitor.scala:41)
	at org.eclipse.lsp4j.jsonrpc.json.StreamMessageProducer.handleMessage(StreamMessageProducer.java:189)
	at org.eclipse.lsp4j.jsonrpc.json.StreamMessageProducer.listen(StreamMessageProducer.java:97)
	at org.eclipse.lsp4j.jsonrpc.json.ConcurrentMessageProcessor.run(ConcurrentMessageProcessor.java:97)
	at java.util.concurrent.Executors$RunnableAdapter.call(Executors.java:572)
	at java.util.concurrent.FutureTask.run(FutureTask.java:317)
	at java.util.concurrent.ThreadPoolExecutor.runWorker(ThreadPoolExecutor.java:1144)
	at java.util.concurrent.ThreadPoolExecutor$Worker.run(ThreadPoolExecutor.java:642)
	at java.lang.Thread.run(Thread.java:1583)

2026.10.05 10:59:29 INFO  BSP server: Oct 05, 2026 10:59:29 AM org.eclipse.lsp4j.jsonrpc.services.GenericEndpoint request
2026.10.05 10:59:29 INFO  BSP server: WARNING: Unsupported request method: buildTarget/jvmRunEnvironment
2026.10.05 10:59:29 INFO  scala-cli should support `buildTarget/jvmRunEnvironment`, but it fails.
org.eclipse.lsp4j.jsonrpc.ResponseErrorException: Unsupported request method: buildTarget/jvmRunEnvironment
	at org.eclipse.lsp4j.jsonrpc.RemoteEndpoint.handleResponse(RemoteEndpoint.java:214)
	at org.eclipse.lsp4j.jsonrpc.RemoteEndpoint.consume(RemoteEndpoint.java:198)
	at scala.meta.internal.metals.RequestMonitorImpl$$anon$1.consume(ServerLivenessMonitor.scala:41)
	at org.eclipse.lsp4j.jsonrpc.json.StreamMessageProducer.handleMessage(StreamMessageProducer.java:189)
	at org.eclipse.lsp4j.jsonrpc.json.StreamMessageProducer.listen(StreamMessageProducer.java:97)
	at org.eclipse.lsp4j.jsonrpc.json.ConcurrentMessageProcessor.run(ConcurrentMessageProcessor.java:97)
	at java.util.concurrent.Executors$RunnableAdapter.call(Executors.java:572)
	at java.util.concurrent.FutureTask.run(FutureTask.java:317)
	at java.util.concurrent.ThreadPoolExecutor.runWorker(ThreadPoolExecutor.java:1144)
	at java.util.concurrent.ThreadPoolExecutor$Worker.run(ThreadPoolExecutor.java:642)
	at java.lang.Thread.run(Thread.java:1583)

2026.10.05 10:59:31 INFO  BSP server: Oct 05, 2026 10:59:31 AM org.eclipse.lsp4j.jsonrpc.services.GenericEndpoint request
2026.10.05 10:59:31 INFO  BSP server: WARNING: Unsupported request method: buildTarget/jvmRunEnvironment
2026.10.05 10:59:31 INFO  scala-cli should support `buildTarget/jvmRunEnvironment`, but it fails.
org.eclipse.lsp4j.jsonrpc.ResponseErrorException: Unsupported request method: buildTarget/jvmRunEnvironment
	at org.eclipse.lsp4j.jsonrpc.RemoteEndpoint.handleResponse(RemoteEndpoint.java:214)
	at org.eclipse.lsp4j.jsonrpc.RemoteEndpoint.consume(RemoteEndpoint.java:198)
	at scala.meta.internal.metals.RequestMonitorImpl$$anon$1.consume(ServerLivenessMonitor.scala:41)
	at org.eclipse.lsp4j.jsonrpc.json.StreamMessageProducer.handleMessage(StreamMessageProducer.java:189)
	at org.eclipse.lsp4j.jsonrpc.json.StreamMessageProducer.listen(StreamMessageProducer.java:97)
	at org.eclipse.lsp4j.jsonrpc.json.ConcurrentMessageProcessor.run(ConcurrentMessageProcessor.java:97)
	at java.util.concurrent.Executors$RunnableAdapter.call(Executors.java:572)
	at java.util.concurrent.FutureTask.run(FutureTask.java:317)
	at java.util.concurrent.ThreadPoolExecutor.runWorker(ThreadPoolExecutor.java:1144)
	at java.util.concurrent.ThreadPoolExecutor$Worker.run(ThreadPoolExecutor.java:642)
	at java.lang.Thread.run(Thread.java:1583)

2026.10.05 10:59:32 INFO  BSP server: Oct 05, 2026 10:59:32 AM org.eclipse.lsp4j.jsonrpc.services.GenericEndpoint request
2026.10.05 10:59:32 INFO  scala-cli should support `buildTarget/jvmRunEnvironment`, but it fails.
org.eclipse.lsp4j.jsonrpc.ResponseErrorException: Unsupported request method: buildTarget/jvmRunEnvironment
	at org.eclipse.lsp4j.jsonrpc.RemoteEndpoint.handleResponse(RemoteEndpoint.java:214)
	at org.eclipse.lsp4j.jsonrpc.RemoteEndpoint.consume(RemoteEndpoint.java:198)
	at scala.meta.internal.metals.RequestMonitorImpl$$anon$1.consume(ServerLivenessMonitor.scala:41)
	at org.eclipse.lsp4j.jsonrpc.json.StreamMessageProducer.handleMessage(StreamMessageProducer.java:189)
	at org.eclipse.lsp4j.jsonrpc.json.StreamMessageProducer.listen(StreamMessageProducer.java:97)
	at org.eclipse.lsp4j.jsonrpc.json.ConcurrentMessageProcessor.run(ConcurrentMessageProcessor.java:97)
	at java.util.concurrent.Executors$RunnableAdapter.call(Executors.java:572)
	at java.util.concurrent.FutureTask.run(FutureTask.java:317)
	at java.util.concurrent.ThreadPoolExecutor.runWorker(ThreadPoolExecutor.java:1144)
	at java.util.concurrent.ThreadPoolExecutor$Worker.run(ThreadPoolExecutor.java:642)
	at java.lang.Thread.run(Thread.java:1583)

2026.10.05 10:59:32 INFO  BSP server: WARNING: Unsupported request method: buildTarget/jvmRunEnvironment
2026.10.05 10:59:34 INFO  compiling project_183d125c5c (1 scala source)
2026.10.05 10:59:34 INFO  time: compiled project_183d125c5c in 74ms
2026.10.05 10:59:42 INFO  compiling project_183d125c5c (1 scala source)
2026.10.05 10:59:42 INFO  time: compiled project_183d125c5c in 0.21s
2026.10.05 10:59:42 INFO  BSP server: Oct 05, 2026 10:59:42 AM org.eclipse.lsp4j.jsonrpc.services.GenericEndpoint request
2026.10.05 10:59:42 INFO  scala-cli should support `buildTarget/jvmRunEnvironment`, but it fails.
org.eclipse.lsp4j.jsonrpc.ResponseErrorException: Unsupported request method: buildTarget/jvmRunEnvironment
	at org.eclipse.lsp4j.jsonrpc.RemoteEndpoint.handleResponse(RemoteEndpoint.java:214)
	at org.eclipse.lsp4j.jsonrpc.RemoteEndpoint.consume(RemoteEndpoint.java:198)
	at scala.meta.internal.metals.RequestMonitorImpl$$anon$1.consume(ServerLivenessMonitor.scala:41)
	at org.eclipse.lsp4j.jsonrpc.json.StreamMessageProducer.handleMessage(StreamMessageProducer.java:189)
	at org.eclipse.lsp4j.jsonrpc.json.StreamMessageProducer.listen(StreamMessageProducer.java:97)
	at org.eclipse.lsp4j.jsonrpc.json.ConcurrentMessageProcessor.run(ConcurrentMessageProcessor.java:97)
	at java.util.concurrent.Executors$RunnableAdapter.call(Executors.java:572)
	at java.util.concurrent.FutureTask.run(FutureTask.java:317)
	at java.util.concurrent.ThreadPoolExecutor.runWorker(ThreadPoolExecutor.java:1144)
	at java.util.concurrent.ThreadPoolExecutor$Worker.run(ThreadPoolExecutor.java:642)
	at java.lang.Thread.run(Thread.java:1583)

2026.10.05 10:59:42 INFO  BSP server: WARNING: Unsupported request method: buildTarget/jvmRunEnvironment
Oct 05, 2026 10:59:49 AM org.eclipse.lsp4j.jsonrpc.services.GenericEndpoint notify
INFO: Unsupported notification method: $/setTrace
2026.10.05 11:00:02 INFO  BSP server: Oct 05, 2026 11:00:02 AM org.eclipse.lsp4j.jsonrpc.services.GenericEndpoint request
2026.10.05 11:00:02 INFO  BSP server: WARNING: Unsupported request method: buildTarget/jvmRunEnvironment
2026.10.05 11:00:02 INFO  scala-cli should support `buildTarget/jvmRunEnvironment`, but it fails.
org.eclipse.lsp4j.jsonrpc.ResponseErrorException: Unsupported request method: buildTarget/jvmRunEnvironment
	at org.eclipse.lsp4j.jsonrpc.RemoteEndpoint.handleResponse(RemoteEndpoint.java:214)
	at org.eclipse.lsp4j.jsonrpc.RemoteEndpoint.consume(RemoteEndpoint.java:198)
	at scala.meta.internal.metals.RequestMonitorImpl$$anon$1.consume(ServerLivenessMonitor.scala:41)
	at org.eclipse.lsp4j.jsonrpc.json.StreamMessageProducer.handleMessage(StreamMessageProducer.java:189)
	at org.eclipse.lsp4j.jsonrpc.json.StreamMessageProducer.listen(StreamMessageProducer.java:97)
	at org.eclipse.lsp4j.jsonrpc.json.ConcurrentMessageProcessor.run(ConcurrentMessageProcessor.java:97)
	at java.util.concurrent.Executors$RunnableAdapter.call(Executors.java:572)
	at java.util.concurrent.FutureTask.run(FutureTask.java:317)
	at java.util.concurrent.ThreadPoolExecutor.runWorker(ThreadPoolExecutor.java:1144)
	at java.util.concurrent.ThreadPoolExecutor$Worker.run(ThreadPoolExecutor.java:642)
	at java.lang.Thread.run(Thread.java:1583)

2026.10.05 11:00:04 INFO  BSP server: Oct 05, 2026 11:00:04 AM org.eclipse.lsp4j.jsonrpc.services.GenericEndpoint request
2026.10.05 11:00:04 INFO  scala-cli should support `buildTarget/jvmRunEnvironment`, but it fails.
org.eclipse.lsp4j.jsonrpc.ResponseErrorException: Unsupported request method: buildTarget/jvmRunEnvironment
	at org.eclipse.lsp4j.jsonrpc.RemoteEndpoint.handleResponse(RemoteEndpoint.java:214)
	at org.eclipse.lsp4j.jsonrpc.RemoteEndpoint.consume(RemoteEndpoint.java:198)
	at scala.meta.internal.metals.RequestMonitorImpl$$anon$1.consume(ServerLivenessMonitor.scala:41)
	at org.eclipse.lsp4j.jsonrpc.json.StreamMessageProducer.handleMessage(StreamMessageProducer.java:189)
	at org.eclipse.lsp4j.jsonrpc.json.StreamMessageProducer.listen(StreamMessageProducer.java:97)
	at org.eclipse.lsp4j.jsonrpc.json.ConcurrentMessageProcessor.run(ConcurrentMessageProcessor.java:97)
	at java.util.concurrent.Executors$RunnableAdapter.call(Executors.java:572)
	at java.util.concurrent.FutureTask.run(FutureTask.java:317)
	at java.util.concurrent.ThreadPoolExecutor.runWorker(ThreadPoolExecutor.java:1144)
	at java.util.concurrent.ThreadPoolExecutor$Worker.run(ThreadPoolExecutor.java:642)
	at java.lang.Thread.run(Thread.java:1583)

2026.10.05 11:00:04 INFO  BSP server: WARNING: Unsupported request method: buildTarget/jvmRunEnvironment
